02:35:05 [总线][调试] → #254 SYNC_READ ff ff fe 14 82 38 0f c8 14 15 16 17 18 1e 1f 20 21 22 0a 0b 0c 0d 0e 12
02:35:05 [总线][调试] ← #200 状态0x00 ff ff c8 11 00 00 00 00 00 00 00 00 00 00 00 00 00 00 01 00 25  数据 [0, 0, 0, 0, 0, 0, 0, 0, 0, 0, 0, 0, 0, 1, 0]
02:35:05 [总线][调试] ← #20 状态0x00 ff ff 14 11 00 00 08 00 00 00 00 4a 1e 00 00 00 00 08 00 00 62  数据 [0, 8, 0, 0, 0, 0, 74, 30, 0, 0, 0, 0, 8, 0, 0]
02:35:05 [总线][调试] ← #21 状态0x00 ff ff 15 11 00 00 08 00 00 00 00 4a 1e 00 00 00 00 08 00 00 61  数据 [0, 8, 0, 0, 0, 0, 74, 30, 0, 0, 0, 0, 8, 0, 0]
02:35:05 [总线][调试] ← #22 状态0x00 ff ff 16 11 00 00 08 00 00 00 00 4a 1e 00 00 00 00 08 00 00 60  数据 [0, 8, 0, 0, 0, 0, 74, 30, 0, 0, 0, 0, 8, 0, 0]
02:35:05 [总线][调试] ← #23 状态0x00 ff ff 17 11 00 00 08 00 00 00 00 4a 1e 00 00 00 00 08 00 00 5f  数据 [0, 8, 0, 0, 0, 0, 74, 30, 0, 0, 0, 0, 8, 0, 0]
02:35:05 [总线][调试] ← #24 状态0x00 ff ff 18 11 00 00 08 00 00 00 00 4a 1e 00 00 00 00 08 00 00 5e  数据 [0, 8, 0, 0, 0, 0, 74, 30, 0, 0, 0, 0, 8, 0, 0]
02:35:05 [总线][调试] ← #30 状态0x00 ff ff 1e 11 00 00 08 00 00 00 00 4a 1e 00 00 00 00 08 00 00 58  数据 [0, 8, 0, 0, 0, 0, 74, 30, 0, 0, 0, 0, 8, 0, 0]
02:35:05 [总线][调试] ← #31 状态0x00 ff ff 1f 11 00 00 08 00 00 00 00 4a 1e 00 00 00 00 08 00 00 57  数据 [0, 8, 0, 0, 0, 0, 74, 30, 0, 0, 0, 0, 8, 0, 0]
02:35:05 [总线][调试] ← #32 状态0x00 ff ff 20 11 00 00 08 00 00 00 00 4a 1e 00 00 00 00 08 00 00 56  数据 [0, 8, 0, 0, 0, 0, 74, 30, 0, 0, 0, 0, 8, 0, 0]
02:35:05 [总线][调试] ← #33 状态0x00 ff ff 21 11 00 00 08 00 00 00 00 4a 1e 00 00 00 00 08 00 00 55  数据 [0, 8, 0, 0, 0, 0, 74, 30, 0, 0, 0, 0, 8, 0, 0]
02:35:05 [总线][调试] ← #34 状态0x00 ff ff 22 11 00 00 08 00 00 00 00 4a 1e 00 00 00 00 08 00 00 54  数据 [0, 8, 0, 0, 0, 0, 74, 30, 0, 0, 0, 0, 8, 0, 0]
02:35:05 [总线][调试] ← #10 状态0x00 ff ff 0a 11 00 00 08 00 00 00 00 4a 1e 00 00 00 00 08 00 00 6c  数据 [0, 8, 0, 0, 0, 0, 74, 30, 0, 0, 0, 0, 8, 0, 0]
02:35:05 [总线][调试] ← #11 状态0x00 ff ff 0b 11 00 00 08 00 00 00 00 4a 1e 00 00 00 00 08 00 00 6b  数据 [0, 8, 0, 0, 0, 0, 74, 30, 0, 0, 0, 0, 8, 0, 0]
02:35:05 [总线][调试] ← #12 状态0x00 ff ff 0c 11 00 00 08 00 00 00 00 4a 1e 00 00 00 00 08 00 00 6a  数据 [0, 8, 0, 0, 0, 0, 74, 30, 0, 0, 0, 0, 8, 0, 0]
02:35:05 [总线][调试] ← #13 状态0x00 ff ff 0d 11 00 00 08 00 00 00 00 4a 1e 00 00 00 00 08 00 00 69  数据 [0, 8, 0, 0, 0, 0, 74, 30, 0, 0, 0, 0, 8, 0, 0]
02:35:05 [总线][调试] ← #14 状态0x00 ff ff 0e 11 00 00 08 00 00 00 00 4a 1e 00 00 00 00 08 00 00 68  数据 [0, 8, 0, 0, 0, 0, 74, 30, 0, 0, 0, 0, 8, 0, 0]
02:35:05 [总线][调试] → #254 SYNC_READ ff ff fe 14 82 38 0f c8 14 15 16 17 18 1e 1f 20 21 22 0a 0b 0c 0d 0e 12
02:35:05 [总线][调试] ← #200 状态0x00 ff ff c8 11 00 00 00 00 00 00 00 00 00 00 00 00 00 02 01 00 23  数据 [0, 0, 0, 0, 0, 0, 0, 0, 0, 0, 0, 0, 2, 1, 0]
02:35:05 [总线][调试] ← #20 状态0x00 ff ff 14 11 00 00 08 00 00 00 00 4a 1e 00 00 00 00 08 00 00 62  数据 [0, 8, 0, 0, 0, 0, 74, 30, 0, 0, 0, 0, 8, 0, 0]
02:35:05 [总线][调试] ← #21 状态0x00 ff ff 15 11 00 00 08 00 00 00 00 4a 1e 00 00 00 00 08 00 00 61  数据 [0, 8, 0, 0, 0, 0, 74, 30, 0, 0, 0, 0, 8, 0, 0]
02:35:05 [总线][调试] ← #22 状态0x00 ff ff 16 11 00 00 08 00 00 00 00 4a 1e 00 00 00 00 08 00 00 60  数据 [0, 8, 0, 0, 0, 0, 74, 30, 0, 0, 0, 0, 8, 0, 0]
02:35:05 [总线][调试] ← #23 状态0x00 ff ff 17 11 00 00 08 00 00 00 00 4a 1e 00 00 00 00 08 00 00 5f  数据 [0, 8, 0, 0, 0, 0, 74, 30, 0, 0, 0, 0, 8, 0, 0]
02:35:05 [总线][调试] ← #24 状态0x00 ff ff 18 11 00 00 08 00 00 00 00 4a 1e 00 00 00 00 08 00 00 5e  数据 [0, 8, 0, 0, 0, 0, 74, 30, 0, 0, 0, 0, 8, 0, 0]
02:35:05 [总线][调试] ← #30 状态0x00 ff ff 1e 11 00 00 08 00 00 00 00 4a 1e 00 00 00 00 08 00 00 58  数据 [0, 8, 0, 0, 0, 0, 74, 30, 0, 0, 0, 0, 8, 0, 0]
02:35:05 [总线][调试] ← #31 状态0x00 ff ff 1f 11 00 00 08 00 00 00 00 4a 1e 00 00 00 00 08 00 00 57  数据 [0, 8, 0, 0, 0, 0, 74, 30, 0, 0, 0, 0, 8, 0, 0]
02:35:05 [总线][调试] ← #32 状态0x00 ff ff 20 11 00 00 08 00 00 00 00 4a 1e 00 00 00 00 08 00 00 56  数据 [0, 8, 0, 0, 0, 0, 74, 30, 0, 0, 0, 0, 8, 0, 0]
02:35:05 [总线][调试] ← #33 状态0x00 ff ff 21 11 00 00 08 00 00 00 00 4a 1e 00 00 00 00 08 00 00 55  数据 [0, 8, 0, 0, 0, 0, 74, 30, 0, 0, 0, 0, 8, 0, 0]
02:35:05 [总线][调试] ← #34 状态0x00 ff ff 22 11 00 00 08 00 00 00 00 4a 1e 00 00 00 00 08 00 00 54  数据 [0, 8, 0, 0, 0, 0, 74, 30, 0, 0, 0, 0, 8, 0, 0]
02:35:05 [总线][调试] ← #10 状态0x00 ff ff 0a 11 00 00 08 00 00 00 00 4a 1e 00 00 00 00 08 00 00 6c  数据 [0, 8, 0, 0, 0, 0, 74, 30, 0, 0, 0, 0, 8, 0, 0]
02:35:05 [总线][调试] ← #11 状态0x00 ff ff 0b 11 00 00 08 00 00 00 00 4a 1e 00 00 00 00 08 00 00 6b  数据 [0, 8, 0, 0, 0, 0, 74, 30, 0, 0, 0, 0, 8, 0, 0]
02:35:05 [总线][调试] ← #12 状态0x00 ff ff 0c 11 00 00 08 00 00 00 00 4a 1e 00 00 00 00 08 00 00 6a  数据 [0, 8, 0, 0, 0, 0, 74, 30, 0, 0, 0, 0, 8, 0, 0]
02:35:05 [总线][调试] ← #13 状态0x00 ff ff 0d 11 00 00 08 00 00 00 00 4a 1e 00 00 00 00 08 00 00 69  数据 [0, 8, 0, 0, 0, 0, 74, 30, 0, 0, 0, 0, 8, 0, 0]
02:35:05 [总线][调试] ← #14 状态0x00 ff ff 0e 11 00 00 08 00 00 00 00 4a 1e 00 00 00 00 08 00 00 68  数据 [0, 8, 0, 0, 0, 0, 74, 30, 0, 0, 0, 0, 8, 0, 0]
02:35:05 [总线][调试] → #254 SYNC_READ ff ff fe 14 82 38 0f c8 14 15 16 17 18 1e 1f 20 21 22 0a 0b 0c 0d 0e 12
02:35:05 [总线][调试] ← #200 状态0x00 ff ff c8 11 00 00 00 00 00 00 00 00 00 00 00 00 00 05 01 00 20  数据 [0, 0, 0, 0, 0, 0, 0, 0, 0, 0, 0, 0, 5, 1, 0]
02:35:05 [总线][调试] ← #20 状态0x00 ff ff 14 11 00 00 08 00 00 00 00 4a 1e 00 00 00 00 08 00 00 62  数据 [0, 8, 0, 0, 0, 0, 74, 30, 0, 0, 0, 0, 8, 0, 0]
02:35:05 [总线][调试] ← #21 状态0x00 ff ff 15 11 00 00 08 00 00 00 00 4a 1e 00 00 00 00 08 00 00 61  数据 [0, 8, 0, 0, 0, 0, 74, 30, 0, 0, 0, 0, 8, 0, 0]
02:35:05 [总线][调试] ← #22 状态0x00 ff ff 16 11 00 00 08 00 00 00 00 4a 1e 00 00 00 00 08 00 00 60  数据 [0, 8, 0, 0, 0, 0, 74, 30, 0, 0, 0, 0, 8, 0, 0]
02:35:05 [总线][调试] ← #23 状态0x00 ff ff 17 11 00 00 08 00 00 00 00 4a 1e 00 00 00 00 08 00 00 5f  数据 [0, 8, 0, 0, 0, 0, 74, 30, 0, 0, 0, 0, 8, 0, 0]
02:35:05 [总线][调试] ← #24 状态0x00 ff ff 18 11 00 00 08 00 00 00 00 4a 1e 00 00 00 00 08 00 00 5e  数据 [0, 8, 0, 0, 0, 0, 74, 30, 0, 0, 0, 0, 8, 0, 0]
02:35:05 [总线][调试] ← #30 状态0x00 ff ff 1e 11 00 00 08 00 00 00 00 4a 1e 00 00 00 00 08 00 00 58  数据 [0, 8, 0, 0, 0, 0, 74, 30, 0, 0, 0, 0, 8, 0, 0]
02:35:05 [总线][调试] ← #31 状态0x00 ff ff 1f 11 00 00 08 00 00 00 00 4a 1e 00 00 00 00 08 00 00 57  数据 [0, 8, 0, 0, 0, 0, 74, 30, 0, 0, 0, 0, 8, 0, 0]
02:35:05 [总线][调试] ← #32 状态0x00 ff ff 20 11 00 00 08 00 00 00 00 4a 1e 00 00 00 00 08 00 00 56  数据 [0, 8, 0, 0, 0, 0, 74, 30, 0, 0, 0, 0, 8, 0, 0]
02:35:05 [总线][调试] ← #33 状态0x00 ff ff 21 11 00 00 08 00 00 00 00 4a 1e 00 00 00 00 08 00 00 55  数据 [0, 8, 0, 0, 0, 0, 74, 30, 0, 0, 0, 0, 8, 0, 0]
02:35:05 [总线][调试] ← #34 状态0x00 ff ff 22 11 00 00 08 00 00 00 00 4a 1e 00 00 00 00 08 00 00 54  数据 [0, 8, 0, 0, 0, 0, 74, 30, 0, 0, 0, 0, 8, 0, 0]
02:35:05 [总线][调试] ← #10 状态0x00 ff ff 0a 11 00 00 08 00 00 00 00 4a 1e 00 00 00 00 08 00 00 6c  数据 [0, 8, 0, 0, 0, 0, 74, 30, 0, 0, 0, 0, 8, 0, 0]
02:35:05 [总线][调试] ← #11 状态0x00 ff ff 0b 11 00 00 08 00 00 00 00 4a 1e 00 00 00 00 08 00 00 6b  数据 [0, 8, 0, 0, 0, 0, 74, 30, 0, 0, 0, 0, 8, 0, 0]
02:35:05 [总线][调试] ← #12 状态0x00 ff ff 0c 11 00 00 08 00 00 00 00 4a 1e 00 00 00 00 08 00 00 6a  数据 [0, 8, 0, 0, 0, 0, 74, 30, 0, 0, 0, 0, 8, 0, 0]
02:35:05 [总线][调试] ← #13 状态0x00 ff ff 0d 11 00 00 08 00 00 00 00 4a 1e 00 00 00 00 08 00 00 69  数据 [0, 8, 0, 0, 0, 0, 74, 30, 0, 0, 0, 0, 8, 0, 0]
02:35:05 [总线][调试] ← #14 状态0x00 ff ff 0e 11 00 00 08 00 00 00 00 4a 1e 00 00 00 00 08 00 00 68  数据 [0, 8, 0, 0, 0, 0, 74, 30, 0, 0, 0, 0, 8, 0, 0]
02:35:05 [总线][调试] → #254 SYNC_READ ff ff fe 14 82 38 0f c8 14 15 16 17 18 1e 1f 20 21 22 0a 0b 0c 0d 0e 12
02:35:05 [总线][调试] ← #200 状态0x00 ff ff c8 11 00 00 00 00 00 00 00 00 00 00 00 00 00 07 01 00 1e  数据 [0, 0, 0, 0, 0, 0, 0, 0, 0, 0, 0, 0, 7, 1, 0]
02:35:05 [总线][调试] ← #20 状态0x00 ff ff 14 11 00 00 08 00 00 00 00 4a 1e 00 00 00 00 08 00 00 62  数据 [0, 8, 0, 0, 0, 0, 74, 30, 0, 0, 0, 0, 8, 0, 0]
02:35:05 [总线][调试] ← #21 状态0x00 ff ff 15 11 00 00 08 00 00 00 00 4a 1e 00 00 00 00 08 00 00 61  数据 [0, 8, 0, 0, 0, 0, 74, 30, 0, 0, 0, 0, 8, 0, 0]
02:35:05 [总线][调试] ← #22 状态0x00 ff ff 16 11 00 00 08 00 00 00 00 4a 1e 00 00 00 00 08 00 00 60  数据 [0, 8, 0, 0, 0, 0, 74, 30, 0, 0, 0, 0, 8, 0, 0]
02:35:05 [总线][调试] ← #23 状态0x00 ff ff 17 11 00 00 08 00 00 00 00 4a 1e 00 00 00 00 08 00 00 5f  数据 [0, 8, 0, 0, 0, 0, 74, 30, 0, 0, 0, 0, 8, 0, 0]
02:35:05 [总线][调试] ← #24 状态0x00 ff ff 18 11 00 00 08 00 00 00 00 4a 1e 00 00 00 00 08 00 00 5e  数据 [0, 8, 0, 0, 0, 0, 74, 30, 0, 0, 0, 0, 8, 0, 0]
02:35:05 [总线][调试] ← #30 状态0x00 ff ff 1e 11 00 00 08 00 00 00 00 4a 1e 00 00 00 00 08 00 00 58  数据 [0, 8, 0, 0, 0, 0, 74, 30, 0, 0, 0, 0, 8, 0, 0]
02:35:05 [总线][调试] ← #31 状态0x00 ff ff 1f 11 00 00 08 00 00 00 00 4a 1e 00 00 00 00 08 00 00 57  数据 [0, 8, 0, 0, 0, 0, 74, 30, 0, 0, 0, 0, 8, 0, 0]
02:35:05 [总线][调试] ← #32 状态0x00 ff ff 20 11 00 00 08 00 00 00 00 4a 1e 00 00 00 00 08 00 00 56  数据 [0, 8, 0, 0, 0, 0, 74, 30, 0, 0, 0, 0, 8, 0, 0]
02:35:05 [总线][调试] ← #33 状态0x00 ff ff 21 11 00 00 08 00 00 00 00 4a 1e 00 00 00 00 08 00 00 55  数据 [0, 8, 0, 0, 0, 0, 74, 30, 0, 0, 0, 0, 8, 0, 0]
02:35:05 [总线][调试] ← #34 状态0x00 ff ff 22 11 00 00 08 00 00 00 00 4a 1e 00 00 00 00 08 00 00 54  数据 [0, 8, 0, 0, 0, 0, 74, 30, 0, 0, 0, 0, 8, 0, 0]
02:35:05 [总线][调试] ← #10 状态0x00 ff ff 0a 11 00 00 08 00 00 00 00 4a 1e 00 00 00 00 08 00 00 6c  数据 [0, 8, 0, 0, 0, 0, 74, 30, 0, 0, 0, 0, 8, 0, 0]
02:35:05 [总线][调试] ← #11 状态0x00 ff ff 0b 11 00 00 08 00 00 00 00 4a 1e 00 00 00 00 08 00 00 6b  数据 [0, 8, 0, 0, 0, 0, 74, 30, 0, 0, 0, 0, 8, 0, 0]
02:35:05 [总线][调试] ← #12 状态0x00 ff ff 0c 11 00 00 08 00 00 00 00 4a 1e 00 00 00 00 08 00 00 6a  数据 [0, 8, 0, 0, 0, 0, 74, 30, 0, 0, 0, 0, 8, 0, 0]
02:35:05 [总线][调试] ← #13 状态0x00 ff ff 0d 11 00 00 08 00 00 00 00 4a 1e 00 00 00 00 08 00 00 69  数据 [0, 8, 0, 0, 0, 0, 74, 30, 0, 0, 0, 0, 8, 0, 0]
02:35:05 [总线][调试] ← #14 状态0x00 ff ff 0e 11 00 00 08 00 00 00 00 4a 1e 00 00 00 00 08 00 00 68  数据 [0, 8, 0, 0, 0, 0, 74, 30, 0, 0, 0, 0, 8, 0, 0]
02:35:05 [总线][调试] → #254 SYNC_READ ff ff fe 14 82 38 0f c8 14 15 16 17 18 1e 1f 20 21 22 0a 0b 0c 0d 0e 12
02:35:05 [总线][调试] ← #200 状态0x00 ff ff c8 11 00 00 00 00 00 00 00 00 00 00 00 00 00 0a 01 00 1b  数据 [0, 0, 0, 0, 0, 0, 0, 0, 0, 0, 0, 0, 10, 1, 0]
02:35:05 [总线][调试] ← #20 状态0x00 ff ff 14 11 00 00 08 00 00 00 00 4a 1e 00 00 00 00 08 00 00 62  数据 [0, 8, 0, 0, 0, 0, 74, 30, 0, 0, 0, 0, 8, 0, 0]
02:35:05 [总线][调试] ← #21 状态0x00 ff ff 15 11 00 00 08 00 00 00 00 4a 1e 00 00 00 00 08 00 00 61  数据 [0, 8, 0, 0, 0, 0, 74, 30, 0, 0, 0, 0, 8, 0, 0]
02:35:05 [总线][调试] ← #22 状态0x00 ff ff 16 11 00 00 08 00 00 00 00 4a 1e 00 00 00 00 08 00 00 60  数据 [0, 8, 0, 0, 0, 0, 74, 30, 0, 0, 0, 0, 8, 0, 0]
02:35:05 [总线][调试] ← #23 状态0x00 ff ff 17 11 00 00 08 00 00 00 00 4a 1e 00 00 00 00 08 00 00 5f  数据 [0, 8, 0, 0, 0, 0, 74, 30, 0, 0, 0, 0, 8, 0, 0]
02:35:05 [总线][调试] ← #24 状态0x00 ff ff 18 11 00 00 08 00 00 00 00 4a 1e 00 00 00 00 08 00 00 5e  数据 [0, 8, 0, 0, 0, 0, 74, 30, 0, 0, 0, 0, 8, 0, 0]
02:35:05 [总线][调试] ← #30 状态0x00 ff ff 1e 11 00 00 08 00 00 00 00 4a 1e 00 00 00 00 08 00 00 58  数据 [0, 8, 0, 0, 0, 0, 74, 30, 0, 0, 0, 0, 8, 0, 0]
02:35:05 [总线][调试] ← #31 状态0x00 ff ff 1f 11 00 00 08 00 00 00 00 4a 1e 00 00 00 00 08 00 00 57  数据 [0, 8, 0, 0, 0, 0, 74, 30, 0, 0, 0, 0, 8, 0, 0]
02:35:05 [总线][调试] ← #32 状态0x00 ff ff 20 11 00 00 08 00 00 00 00 4a 1e 00 00 00 00 08 00 00 56  数据 [0, 8, 0, 0, 0, 0, 74, 30, 0, 0, 0, 0, 8, 0, 0]
02:35:05 [总线][调试] ← #33 状态0x00 ff ff 21 11 00 00 08 00 00 00 00 4a 1e 00 00 00 00 08 00 00 55  数据 [0, 8, 0, 0, 0, 0, 74, 30, 0, 0, 0, 0, 8, 0, 0]
02:35:05 [总线][调试] ← #34 状态0x00 ff ff 22 11 00 00 08 00 00 00 00 4a 1e 00 00 00 00 08 00 00 54  数据 [0, 8, 0, 0, 0, 0, 74, 30, 0, 0, 0, 0, 8, 0, 0]
02:35:05 [总线][调试] ← #10 状态0x00 ff ff 0a 11 00 00 08 00 00 00 00 4a 1e 00 00 00 00 08 00 00 6c  数据 [0, 8, 0, 0, 0, 0, 74, 30, 0, 0, 0, 0, 8, 0, 0]
02:35:05 [总线][调试] ← #11 状态0x00 ff ff 0b 11 00 00 08 00 00 00 00 4a 1e 00 00 00 00 08 00 00 6b  数据 [0, 8, 0, 0, 0, 0, 74, 30, 0, 0, 0, 0, 8, 0, 0]
02:35:05 [总线][调试] ← #12 状态0x00 ff ff 0c 11 00 00 08 00 00 00 00 4a 1e 00 00 00 00 08 00 00 6a  数据 [0, 8, 0, 0, 0, 0, 74, 30, 0, 0, 0, 0, 8, 0, 0]
02:35:05 [总线][调试] ← #13 状态0x00 ff ff 0d 11 00 00 08 00 00 00 00 4a 1e 00 00 00 00 08 00 00 69  数据 [0, 8, 0, 0, 0, 0, 74, 30, 0, 0, 0, 0, 8, 0, 0]
02:35:05 [总线][调试] ← #14 状态0x00 ff ff 0e 11 00 00 08 00 00 00 00 4a 1e 00 00 00 00 08 00 00 68  数据 [0, 8, 0, 0, 0, 0, 74, 30, 0, 0, 0, 0, 8, 0, 0]
02:35:05 [总线][调试] → #254 SYNC_READ ff ff fe 14 82 38 0f c8 14 15 16 17 18 1e 1f 20 21 22 0a 0b 0c 0d 0e 12
02:35:05 [总线][调试] ← #200 状态0x00 ff ff c8 11 00 00 00 00 00 00 00 00 00 00 00 00 00 0c 01 00 19  数据 [0, 0, 0, 0, 0, 0, 0, 0, 0, 0, 0, 0, 12, 1, 0]
02:35:05 [总线][调试] ← #20 状态0x00 ff ff 14 11 00 00 08 00 00 00 00 4a 1e 00 00 00 00 08 00 00 62  数据 [0, 8, 0, 0, 0, 0, 74, 30, 0, 0, 0, 0, 8, 0, 0]
02:35:05 [总线][调试] ← #21 状态0x00 ff ff 15 11 00 00 08 00 00 00 00 4a 1e 00 00 00 00 08 00 00 61  数据 [0, 8, 0, 0, 0, 0, 74, 30, 0, 0, 0, 0, 8, 0, 0]
02:35:05 [总线][调试] ← #22 状态0x00 ff ff 16 11 00 00 08 00 00 00 00 4a 1e 00 00 00 00 08 00 00 60  数据 [0, 8, 0, 0, 0, 0, 74, 30, 0, 0, 0, 0, 8, 0, 0]
02:35:05 [总线][调试] ← #23 状态0x00 ff ff 17 11 00 00 08 00 00 00 00 4a 1e 00 00 00 00 08 00 00 5f  数据 [0, 8, 0, 0, 0, 0, 74, 30, 0, 0, 0, 0, 8, 0, 0]
02:35:05 [总线][调试] ← #24 状态0x00 ff ff 18 11 00 00 08 00 00 00 00 4a 1e 00 00 00 00 08 00 00 5e  数据 [0, 8, 0, 0, 0, 0, 74, 30, 0, 0, 0, 0, 8, 0, 0]
02:35:05 [总线][调试] ← #30 状态0x00 ff ff 1e 11 00 00 08 00 00 00 00 4a 1e 00 00 00 00 08 00 00 58  数据 [0, 8, 0, 0, 0, 0, 74, 30, 0, 0, 0, 0, 8, 0, 0]
02:35:05 [总线][调试] ← #31 状态0x00 ff ff 1f 11 00 00 08 00 00 00 00 4a 1e 00 00 00 00 08 00 00 57  数据 [0, 8, 0, 0, 0, 0, 74, 30, 0, 0, 0, 0, 8, 0, 0]
02:35:05 [总线][调试] ← #32 状态0x00 ff ff 20 11 00 00 08 00 00 00 00 4a 1e 00 00 00 00 08 00 00 56  数据 [0, 8, 0, 0, 0, 0, 74, 30, 0, 0, 0, 0, 8, 0, 0]
02:35:05 [总线][调试] ← #33 状态0x00 ff ff 21 11 00 00 08 00 00 00 00 4a 1e 00 00 00 00 08 00 00 55  数据 [0, 8, 0, 0, 0, 0, 74, 30, 0, 0, 0, 0, 8, 0, 0]
02:35:05 [总线][调试] ← #34 状态0x00 ff ff 22 11 00 00 08 00 00 00 00 4a 1e 00 00 00 00 08 00 00 54  数据 [0, 8, 0, 0, 0, 0, 74, 30, 0, 0, 0, 0, 8, 0, 0]
02:35:05 [总线][调试] ← #10 状态0x00 ff ff 0a 11 00 00 08 00 00 00 00 4a 1e 00 00 00 00 08 00 00 6c  数据 [0, 8, 0, 0, 0, 0, 74, 30, 0, 0, 0, 0, 8, 0, 0]
02:35:05 [总线][调试] ← #11 状态0x00 ff ff 0b 11 00 00 08 00 00 00 00 4a 1e 00 00 00 00 08 00 00 6b  数据 [0, 8, 0, 0, 0, 0, 74, 30, 0, 0, 0, 0, 8, 0, 0]
02:35:05 [总线][调试] ← #12 状态0x00 ff ff 0c 11 00 00 08 00 00 00 00 4a 1e 00 00 00 00 08 00 00 6a  数据 [0, 8, 0, 0, 0, 0, 74, 30, 0, 0, 0, 0, 8, 0, 0]
02:35:05 [总线][调试] ← #13 状态0x00 ff ff 0d 11 00 00 08 00 00 00 00 4a 1e 00 00 00 00 08 00 00 69  数据 [0, 8, 0, 0, 0, 0, 74, 30, 0, 0, 0, 0, 8, 0, 0]
02:35:05 [总线][调试] ← #14 状态0x00 ff ff 0e 11 00 00 08 00 00 00 00 4a 1e 00 00 00 00 08 00 00 68  数据 [0, 8, 0, 0, 0, 0, 74, 30, 0, 0, 0, 0, 8, 0, 0]
02:35:05 [总线][调试] → #200 PING ff ff c8 02 01 34
02:35:05 [总线][调试] ← #200 状态0x00 ff ff c8 02 00 35
02:35:05 [总线][调试] → #200 PING ff ff c8 02 01 34
02:35:05 [总线][调试] ← #200 状态0x00 ff ff c8 02 00 35
02:35:05 [总线] ✓ PING ID 200 有应答（上电后 0 ms）
02:35:05 [总线][调试] → #200 READ ff ff c8 04 02 38 0f ea  地址56「当前位置」 读 15 字节
02:35:05 [总线][调试] ← #200 状态0x00 ff ff c8 11 00 00 00 00 00 00 00 00 00 00 00 00 00 0f 01 00 16  数据 [0, 0, 0, 0, 0, 0, 0, 0, 0, 0, 0, 0, 15, 1, 0]
02:35:05 [总线] ✓ READ 地址 56 长 15 回了 15 字节
02:35:05 [总线] ✓ 保留字节（byte 14）是 0（实际 0）
02:35:05 [总线][调试] → #200 READ ff ff c8 04 02 00 05 2c  地址0「固件主版本」 读 5 字节
02:35:05 [总线][调试] ← #200 状态0x00 ff ff c8 07 00 00 01 00 00 00 2f  数据 [0, 1, 0, 0, 0]
02:35:05 [总线] ✓ END 字节序 = 0 小端（实际 0）
02:35:05 [总线] 版本区 0–4 = [0, 1, 0, 0, 0]
02:35:05 [总线][调试] → #254 SYNC_READ ff ff fe 14 82 38 0f c8 14 15 16 17 18 1e 1f 20 21 22 0a 0b 0c 0d 0e 12
02:35:05 [总线][调试] ← #200 状态0x00 ff ff c8 11 00 00 00 00 00 00 00 00 00 00 00 00 00 0f 01 00 16  数据 [0, 0, 0, 0, 0, 0, 0, 0, 0, 0, 0, 0, 15, 1, 0]
02:35:05 [总线][调试] ← #20 状态0x00 ff ff 14 11 00 00 08 00 00 00 00 4a 1e 00 00 00 00 08 00 00 62  数据 [0, 8, 0, 0, 0, 0, 74, 30, 0, 0, 0, 0, 8, 0, 0]
02:35:05 [总线][调试] ← #21 状态0x00 ff ff 15 11 00 00 08 00 00 00 00 4a 1e 00 00 00 00 08 00 00 61  数据 [0, 8, 0, 0, 0, 0, 74, 30, 0, 0, 0, 0, 8, 0, 0]
02:35:05 [总线][调试] ← #22 状态0x00 ff ff 16 11 00 00 08 00 00 00 00 4a 1e 00 00 00 00 08 00 00 60  数据 [0, 8, 0, 0, 0, 0, 74, 30, 0, 0, 0, 0, 8, 0, 0]
02:35:05 [总线][调试] ← #23 状态0x00 ff ff 17 11 00 00 08 00 00 00 00 4a 1e 00 00 00 00 08 00 00 5f  数据 [0, 8, 0, 0, 0, 0, 74, 30, 0, 0, 0, 0, 8, 0, 0]
02:35:05 [总线][调试] ← #24 状态0x00 ff ff 18 11 00 00 08 00 00 00 00 4a 1e 00 00 00 00 08 00 00 5e  数据 [0, 8, 0, 0, 0, 0, 74, 30, 0, 0, 0, 0, 8, 0, 0]
02:35:05 [总线][调试] ← #30 状态0x00 ff ff 1e 11 00 00 08 00 00 00 00 4a 1e 00 00 00 00 08 00 00 58  数据 [0, 8, 0, 0, 0, 0, 74, 30, 0, 0, 0, 0, 8, 0, 0]
02:35:05 [总线][调试] ← #31 状态0x00 ff ff 1f 11 00 00 08 00 00 00 00 4a 1e 00 00 00 00 08 00 00 57  数据 [0, 8, 0, 0, 0, 0, 74, 30, 0, 0, 0, 0, 8, 0, 0]
02:35:05 [总线][调试] ← #32 状态0x00 ff ff 20 11 00 00 08 00 00 00 00 4a 1e 00 00 00 00 08 00 00 56  数据 [0, 8, 0, 0, 0, 0, 74, 30, 0, 0, 0, 0, 8, 0, 0]
02:35:05 [总线][调试] ← #33 状态0x00 ff ff 21 11 00 00 08 00 00 00 00 4a 1e 00 00 00 00 08 00 00 55  数据 [0, 8, 0, 0, 0, 0, 74, 30, 0, 0, 0, 0, 8, 0, 0]
02:35:05 [总线][调试] ← #34 状态0x00 ff ff 22 11 00 00 08 00 00 00 00 4a 1e 00 00 00 00 08 00 00 54  数据 [0, 8, 0, 0, 0, 0, 74, 30, 0, 0, 0, 0, 8, 0, 0]
02:35:05 [总线][调试] ← #10 状态0x00 ff ff 0a 11 00 00 08 00 00 00 00 4a 1e 00 00 00 00 08 00 00 6c  数据 [0, 8, 0, 0, 0, 0, 74, 30, 0, 0, 0, 0, 8, 0, 0]
02:35:05 [总线][调试] ← #11 状态0x00 ff ff 0b 11 00 00 08 00 00 00 00 4a 1e 00 00 00 00 08 00 00 6b  数据 [0, 8, 0, 0, 0, 0, 74, 30, 0, 0, 0, 0, 8, 0, 0]
02:35:05 [总线][调试] ← #12 状态0x00 ff ff 0c 11 00 00 08 00 00 00 00 4a 1e 00 00 00 00 08 00 00 6a  数据 [0, 8, 0, 0, 0, 0, 74, 30, 0, 0, 0, 0, 8, 0, 0]
02:35:05 [总线][调试] ← #13 状态0x00 ff ff 0d 11 00 00 08 00 00 00 00 4a 1e 00 00 00 00 08 00 00 69  数据 [0, 8, 0, 0, 0, 0, 74, 30, 0, 0, 0, 0, 8, 0, 0]
02:35:05 [总线][调试] ← #14 状态0x00 ff ff 0e 11 00 00 08 00 00 00 00 4a 1e 00 00 00 00 08 00 00 68  数据 [0, 8, 0, 0, 0, 0, 74, 30, 0, 0, 0, 0, 8, 0, 0]
02:35:05 [总线][调试] → #254 SYNC_READ ff ff fe 14 82 38 0f c8 14 15 16 17 18 1e 1f 20 21 22 0a 0b 0c 0d 0e 12
02:35:05 [总线][调试] ← #200 状态0x00 ff ff c8 11 00 00 00 00 00 00 00 00 00 00 00 00 00 11 01 00 14  数据 [0, 0, 0, 0, 0, 0, 0, 0, 0, 0, 0, 0, 17, 1, 0]
02:35:05 [总线][调试] ← #20 状态0x00 ff ff 14 11 00 00 08 00 00 00 00 4a 1e 00 00 00 00 08 00 00 62  数据 [0, 8, 0, 0, 0, 0, 74, 30, 0, 0, 0, 0, 8, 0, 0]
02:35:05 [总线][调试] ← #21 状态0x00 ff ff 15 11 00 00 08 00 00 00 00 4a 1e 00 00 00 00 08 00 00 61  数据 [0, 8, 0, 0, 0, 0, 74, 30, 0, 0, 0, 0, 8, 0, 0]
02:35:05 [总线][调试] ← #22 状态0x00 ff ff 16 11 00 00 08 00 00 00 00 4a 1e 00 00 00 00 08 00 00 60  数据 [0, 8, 0, 0, 0, 0, 74, 30, 0, 0, 0, 0, 8, 0, 0]
02:35:05 [总线][调试] ← #23 状态0x00 ff ff 17 11 00 00 08 00 00 00 00 4a 1e 00 00 00 00 08 00 00 5f  数据 [0, 8, 0, 0, 0, 0, 74, 30, 0, 0, 0, 0, 8, 0, 0]
02:35:05 [总线][调试] ← #24 状态0x00 ff ff 18 11 00 00 08 00 00 00 00 4a 1e 00 00 00 00 08 00 00 5e  数据 [0, 8, 0, 0, 0, 0, 74, 30, 0, 0, 0, 0, 8, 0, 0]
02:35:05 [总线][调试] ← #30 状态0x00 ff ff 1e 11 00 00 08 00 00 00 00 4a 1e 00 00 00 00 08 00 00 58  数据 [0, 8, 0, 0, 0, 0, 74, 30, 0, 0, 0, 0, 8, 0, 0]
02:35:05 [总线][调试] ← #31 状态0x00 ff ff 1f 11 00 00 08 00 00 00 00 4a 1e 00 00 00 00 08 00 00 57  数据 [0, 8, 0, 0, 0, 0, 74, 30, 0, 0, 0, 0, 8, 0, 0]
02:35:05 [总线][调试] ← #32 状态0x00 ff ff 20 11 00 00 08 00 00 00 00 4a 1e 00 00 00 00 08 00 00 56  数据 [0, 8, 0, 0, 0, 0, 74, 30, 0, 0, 0, 0, 8, 0, 0]
02:35:05 [总线][调试] ← #33 状态0x00 ff ff 21 11 00 00 08 00 00 00 00 4a 1e 00 00 00 00 08 00 00 55  数据 [0, 8, 0, 0, 0, 0, 74, 30, 0, 0, 0, 0, 8, 0, 0]
02:35:05 [总线][调试] ← #34 状态0x00 ff ff 22 11 00 00 08 00 00 00 00 4a 1e 00 00 00 00 08 00 00 54  数据 [0, 8, 0, 0, 0, 0, 74, 30, 0, 0, 0, 0, 8, 0, 0]
02:35:05 [总线][调试] ← #10 状态0x00 ff ff 0a 11 00 00 08 00 00 00 00 4a 1e 00 00 00 00 08 00 00 6c  数据 [0, 8, 0, 0, 0, 0, 74, 30, 0, 0, 0, 0, 8, 0, 0]
02:35:05 [总线][调试] ← #11 状态0x00 ff ff 0b 11 00 00 08 00 00 00 00 4a 1e 00 00 00 00 08 00 00 6b  数据 [0, 8, 0, 0, 0, 0, 74, 30, 0, 0, 0, 0, 8, 0, 0]
02:35:05 [总线][调试] ← #12 状态0x00 ff ff 0c 11 00 00 08 00 00 00 00 4a 1e 00 00 00 00 08 00 00 6a  数据 [0, 8, 0, 0, 0, 0, 74, 30, 0, 0, 0, 0, 8, 0, 0]
02:35:05 [总线][调试] ← #13 状态0x00 ff ff 0d 11 00 00 08 00 00 00 00 4a 1e 00 00 00 00 08 00 00 69  数据 [0, 8, 0, 0, 0, 0, 74, 30, 0, 0, 0, 0, 8, 0, 0]
02:35:05 [总线][调试] ← #14 状态0x00 ff ff 0e 11 00 00 08 00 00 00 00 4a 1e 00 00 00 00 08 00 00 68  数据 [0, 8, 0, 0, 0, 0, 74, 30, 0, 0, 0, 0, 8, 0, 0]
02:35:05 [总线][调试] → #254 SYNC_READ ff ff fe 14 82 38 0f c8 14 15 16 17 18 1e 1f 20 21 22 0a 0b 0c 0d 0e 12
02:35:05 [总线][调试] ← #200 状态0x00 ff ff c8 11 00 00 00 00 00 00 00 00 00 00 00 00 00 14 01 00 11  数据 [0, 0, 0, 0, 0, 0, 0, 0, 0, 0, 0, 0, 20, 1, 0]
02:35:05 [总线][调试] ← #20 状态0x00 ff ff 14 11 00 00 08 00 00 00 00 4a 1e 00 00 00 00 08 00 00 62  数据 [0, 8, 0, 0, 0, 0, 74, 30, 0, 0, 0, 0, 8, 0, 0]
02:35:05 [总线][调试] ← #21 状态0x00 ff ff 15 11 00 00 08 00 00 00 00 4a 1e 00 00 00 00 08 00 00 61  数据 [0, 8, 0, 0, 0, 0, 74, 30, 0, 0, 0, 0, 8, 0, 0]
02:35:05 [总线][调试] ← #22 状态0x00 ff ff 16 11 00 00 08 00 00 00 00 4a 1e 00 00 00 00 08 00 00 60  数据 [0, 8, 0, 0, 0, 0, 74, 30, 0, 0, 0, 0, 8, 0, 0]
02:35:05 [总线][调试] ← #23 状态0x00 ff ff 17 11 00 00 08 00 00 00 00 4a 1e 00 00 00 00 08 00 00 5f  数据 [0, 8, 0, 0, 0, 0, 74, 30, 0, 0, 0, 0, 8, 0, 0]
02:35:05 [总线][调试] ← #24 状态0x00 ff ff 18 11 00 00 08 00 00 00 00 4a 1e 00 00 00 00 08 00 00 5e  数据 [0, 8, 0, 0, 0, 0, 74, 30, 0, 0, 0, 0, 8, 0, 0]
02:35:05 [总线][调试] ← #30 状态0x00 ff ff 1e 11 00 00 08 00 00 00 00 4a 1e 00 00 00 00 08 00 00 58  数据 [0, 8, 0, 0, 0, 0, 74, 30, 0, 0, 0, 0, 8, 0, 0]
02:35:05 [总线][调试] ← #31 状态0x00 ff ff 1f 11 00 00 08 00 00 00 00 4a 1e 00 00 00 00 08 00 00 57  数据 [0, 8, 0, 0, 0, 0, 74, 30, 0, 0, 0, 0, 8, 0, 0]
02:35:05 [总线][调试] ← #32 状态0x00 ff ff 20 11 00 00 08 00 00 00 00 4a 1e 00 00 00 00 08 00 00 56  数据 [0, 8, 0, 0, 0, 0, 74, 30, 0, 0, 0, 0, 8, 0, 0]
02:35:05 [总线][调试] ← #33 状态0x00 ff ff 21 11 00 00 08 00 00 00 00 4a 1e 00 00 00 00 08 00 00 55  数据 [0, 8, 0, 0, 0, 0, 74, 30, 0, 0, 0, 0, 8, 0, 0]
02:35:05 [总线][调试] ← #34 状态0x00 ff ff 22 11 00 00 08 00 00 00 00 4a 1e 00 00 00 00 08 00 00 54  数据 [0, 8, 0, 0, 0, 0, 74, 30, 0, 0, 0, 0, 8, 0, 0]
02:35:05 [总线][调试] ← #10 状态0x00 ff ff 0a 11 00 00 08 00 00 00 00 4a 1e 00 00 00 00 08 00 00 6c  数据 [0, 8, 0, 0, 0, 0, 74, 30, 0, 0, 0, 0, 8, 0, 0]
02:35:05 [总线][调试] ← #11 状态0x00 ff ff 0b 11 00 00 08 00 00 00 00 4a 1e 00 00 00 00 08 00 00 6b  数据 [0, 8, 0, 0, 0, 0, 74, 30, 0, 0, 0, 0, 8, 0, 0]
02:35:05 [总线][调试] ← #12 状态0x00 ff ff 0c 11 00 00 08 00 00 00 00 4a 1e 00 00 00 00 08 00 00 6a  数据 [0, 8, 0, 0, 0, 0, 74, 30, 0, 0, 0, 0, 8, 0, 0]
02:35:05 [总线][调试] ← #13 状态0x00 ff ff 0d 11 00 00 08 00 00 00 00 4a 1e 00 00 00 00 08 00 00 69  数据 [0, 8, 0, 0, 0, 0, 74, 30, 0, 0, 0, 0, 8, 0, 0]
02:35:05 [总线][调试] ← #14 状态0x00 ff ff 0e 11 00 00 08 00 00 00 00 4a 1e 00 00 00 00 08 00 00 68  数据 [0, 8, 0, 0, 0, 0, 74, 30, 0, 0, 0, 0, 8, 0, 0]
02:35:05 [总线][调试] → #254 SYNC_READ ff ff fe 14 82 38 0f c8 14 15 16 17 18 1e 1f 20 21 22 0a 0b 0c 0d 0e 12
02:35:05 [总线][调试] ← #200 状态0x00 ff ff c8 11 00 00 00 00 00 00 00 00 00 00 00 00 00 16 01 00 0f  数据 [0, 0, 0, 0, 0, 0, 0, 0, 0, 0, 0, 0, 22, 1, 0]
02:35:05 [总线][调试] ← #20 状态0x00 ff ff 14 11 00 00 08 00 00 00 00 4a 1e 00 00 00 00 08 00 00 62  数据 [0, 8, 0, 0, 0, 0, 74, 30, 0, 0, 0, 0, 8, 0, 0]
02:35:05 [总线][调试] ← #21 状态0x00 ff ff 15 11 00 00 08 00 00 00 00 4a 1e 00 00 00 00 08 00 00 61  数据 [0, 8, 0, 0, 0, 0, 74, 30, 0, 0, 0, 0, 8, 0, 0]
02:35:05 [总线][调试] ← #22 状态0x00 ff ff 16 11 00 00 08 00 00 00 00 4a 1e 00 00 00 00 08 00 00 60  数据 [0, 8, 0, 0, 0, 0, 74, 30, 0, 0, 0, 0, 8, 0, 0]
02:35:05 [总线][调试] ← #23 状态0x00 ff ff 17 11 00 00 08 00 00 00 00 4a 1e 00 00 00 00 08 00 00 5f  数据 [0, 8, 0, 0, 0, 0, 74, 30, 0, 0, 0, 0, 8, 0, 0]
02:35:05 [总线][调试] ← #24 状态0x00 ff ff 18 11 00 00 08 00 00 00 00 4a 1e 00 00 00 00 08 00 00 5e  数据 [0, 8, 0, 0, 0, 0, 74, 30, 0, 0, 0, 0, 8, 0, 0]
02:35:05 [总线][调试] ← #30 状态0x00 ff ff 1e 11 00 00 08 00 00 00 00 4a 1e 00 00 00 00 08 00 00 58  数据 [0, 8, 0, 0, 0, 0, 74, 30, 0, 0, 0, 0, 8, 0, 0]
02:35:05 [总线][调试] ← #31 状态0x00 ff ff 1f 11 00 00 08 00 00 00 00 4a 1e 00 00 00 00 08 00 00 57  数据 [0, 8, 0, 0, 0, 0, 74, 30, 0, 0, 0, 0, 8, 0, 0]
02:35:05 [总线][调试] ← #32 状态0x00 ff ff 20 11 00 00 08 00 00 00 00 4a 1e 00 00 00 00 08 00 00 56  数据 [0, 8, 0, 0, 0, 0, 74, 30, 0, 0, 0, 0, 8, 0, 0]
02:35:05 [总线][调试] ← #33 状态0x00 ff ff 21 11 00 00 08 00 00 00 00 4a 1e 00 00 00 00 08 00 00 55  数据 [0, 8, 0, 0, 0, 0, 74, 30, 0, 0, 0, 0, 8, 0, 0]
02:35:05 [总线][调试] ← #34 状态0x00 ff ff 22 11 00 00 08 00 00 00 00 4a 1e 00 00 00 00 08 00 00 54  数据 [0, 8, 0, 0, 0, 0, 74, 30, 0, 0, 0, 0, 8, 0, 0]
02:35:05 [总线][调试] ← #10 状态0x00 ff ff 0a 11 00 00 08 00 00 00 00 4a 1e 00 00 00 00 08 00 00 6c  数据 [0, 8, 0, 0, 0, 0, 74, 30, 0, 0, 0, 0, 8, 0, 0]
02:35:05 [总线][调试] ← #11 状态0x00 ff ff 0b 11 00 00 08 00 00 00 00 4a 1e 00 00 00 00 08 00 00 6b  数据 [0, 8, 0, 0, 0, 0, 74, 30, 0, 0, 0, 0, 8, 0, 0]
02:35:05 [总线][调试] ← #12 状态0x00 ff ff 0c 11 00 00 08 00 00 00 00 4a 1e 00 00 00 00 08 00 00 6a  数据 [0, 8, 0, 0, 0, 0, 74, 30, 0, 0, 0, 0, 8, 0, 0]
02:35:05 [总线][调试] ← #13 状态0x00 ff ff 0d 11 00 00 08 00 00 00 00 4a 1e 00 00 00 00 08 00 00 69  数据 [0, 8, 0, 0, 0, 0, 74, 30, 0, 0, 0, 0, 8, 0, 0]
02:35:05 [总线][调试] ← #14 状态0x00 ff ff 0e 11 00 00 08 00 00 00 00 4a 1e 00 00 00 00 08 00 00 68  数据 [0, 8, 0, 0, 0, 0, 74, 30, 0, 0, 0, 0, 8, 0, 0]
02:35:05 [总线][调试] → #254 SYNC_READ ff ff fe 14 82 38 0f c8 14 15 16 17 18 1e 1f 20 21 22 0a 0b 0c 0d 0e 12
02:35:05 [总线][调试] ← #200 状态0x00 ff ff c8 11 00 3c 00 8f ff 1e 00 00 00 00 00 f1 27 19 00 00 0d  数据 [60, 0, 143, 255, 30, 0, 0, 0, 0, 0, 241, 39, 25, 0, 0]
02:35:05 [总线][调试] ← #20 状态0x00 ff ff 14 11 00 00 08 00 00 00 00 4a 1e 00 00 00 00 08 00 00 62  数据 [0, 8, 0, 0, 0, 0, 74, 30, 0, 0, 0, 0, 8, 0, 0]
02:35:05 [总线][调试] ← #21 状态0x00 ff ff 15 11 00 00 08 00 00 00 00 4a 1e 00 00 00 00 08 00 00 61  数据 [0, 8, 0, 0, 0, 0, 74, 30, 0, 0, 0, 0, 8, 0, 0]
02:35:05 [总线][调试] ← #22 状态0x00 ff ff 16 11 00 00 08 00 00 00 00 4a 1e 00 00 00 00 08 00 00 60  数据 [0, 8, 0, 0, 0, 0, 74, 30, 0, 0, 0, 0, 8, 0, 0]
02:35:05 [总线][调试] ← #23 状态0x00 ff ff 17 11 00 00 08 00 00 00 00 4a 1e 00 00 00 00 08 00 00 5f  数据 [0, 8, 0, 0, 0, 0, 74, 30, 0, 0, 0, 0, 8, 0, 0]
02:35:05 [总线][调试] ← #24 状态0x00 ff ff 18 11 00 00 08 00 00 00 00 4a 1e 00 00 00 00 08 00 00 5e  数据 [0, 8, 0, 0, 0, 0, 74, 30, 0, 0, 0, 0, 8, 0, 0]
02:35:05 [总线][调试] ← #30 状态0x00 ff ff 1e 11 00 00 08 00 00 00 00 4a 1e 00 00 00 00 08 00 00 58  数据 [0, 8, 0, 0, 0, 0, 74, 30, 0, 0, 0, 0, 8, 0, 0]
02:35:05 [总线][调试] ← #31 状态0x00 ff ff 1f 11 00 00 08 00 00 00 00 4a 1e 00 00 00 00 08 00 00 57  数据 [0, 8, 0, 0, 0, 0, 74, 30, 0, 0, 0, 0, 8, 0, 0]
02:35:05 [总线][调试] ← #32 状态0x00 ff ff 20 11 00 00 08 00 00 00 00 4a 1e 00 00 00 00 08 00 00 56  数据 [0, 8, 0, 0, 0, 0, 74, 30, 0, 0, 0, 0, 8, 0, 0]
02:35:05 [总线][调试] ← #33 状态0x00 ff ff 21 11 00 00 08 00 00 00 00 4a 1e 00 00 00 00 08 00 00 55  数据 [0, 8, 0, 0, 0, 0, 74, 30, 0, 0, 0, 0, 8, 0, 0]
02:35:05 [总线][调试] ← #34 状态0x00 ff ff 22 11 00 00 08 00 00 00 00 4a 1e 00 00 00 00 08 00 00 54  数据 [0, 8, 0, 0, 0, 0, 74, 30, 0, 0, 0, 0, 8, 0, 0]
02:35:05 [总线][调试] ← #10 状态0x00 ff ff 0a 11 00 00 08 00 00 00 00 4a 1e 00 00 00 00 08 00 00 6c  数据 [0, 8, 0, 0, 0, 0, 74, 30, 0, 0, 0, 0, 8, 0, 0]
02:35:05 [总线][调试] ← #11 状态0x00 ff ff 0b 11 00 00 08 00 00 00 00 4a 1e 00 00 00 00 08 00 00 6b  数据 [0, 8, 0, 0, 0, 0, 74, 30, 0, 0, 0, 0, 8, 0, 0]
02:35:05 [总线][调试] ← #12 状态0x00 ff ff 0c 11 00 00 08 00 00 00 00 4a 1e 00 00 00 00 08 00 00 6a  数据 [0, 8, 0, 0, 0, 0, 74, 30, 0, 0, 0, 0, 8, 0, 0]
02:35:05 [总线][调试] ← #13 状态0x00 ff ff 0d 11 00 00 08 00 00 00 00 4a 1e 00 00 00 00 08 00 00 69  数据 [0, 8, 0, 0, 0, 0, 74, 30, 0, 0, 0, 0, 8, 0, 0]
02:35:05 [总线][调试] ← #14 状态0x00 ff ff 0e 11 00 00 08 00 00 00 00 4a 1e 00 00 00 00 08 00 00 68  数据 [0, 8, 0, 0, 0, 0, 74, 30, 0, 0, 0, 0, 8, 0, 0]
02:35:05 [总线][调试] → #254 SYNC_READ ff ff fe 14 82 38 0f c8 14 15 16 17 18 1e 1f 20 21 22 0a 0b 0c 0d 0e 12
02:35:05 [总线][调试] ← #200 状态0x00 ff ff c8 11 00 43 00 91 ff 20 00 00 00 00 00 48 28 1b 00 00 a8  数据 [67, 0, 145, 255, 32, 0, 0, 0, 0, 0, 72, 40, 27, 0, 0]
02:35:05 [总线][调试] ← #20 状态0x00 ff ff 14 11 00 00 08 00 00 00 00 4a 1e 00 00 00 00 08 00 00 62  数据 [0, 8, 0, 0, 0, 0, 74, 30, 0, 0, 0, 0, 8, 0, 0]
02:35:05 [总线][调试] ← #21 状态0x00 ff ff 15 11 00 00 08 00 00 00 00 4a 1e 00 00 00 00 08 00 00 61  数据 [0, 8, 0, 0, 0, 0, 74, 30, 0, 0, 0, 0, 8, 0, 0]
02:35:05 [总线][调试] ← #22 状态0x00 ff ff 16 11 00 00 08 00 00 00 00 4a 1e 00 00 00 00 08 00 00 60  数据 [0, 8, 0, 0, 0, 0, 74, 30, 0, 0, 0, 0, 8, 0, 0]
02:35:05 [总线][调试] ← #23 状态0x00 ff ff 17 11 00 00 08 00 00 00 00 4a 1e 00 00 00 00 08 00 00 5f  数据 [0, 8, 0, 0, 0, 0, 74, 30, 0, 0, 0, 0, 8, 0, 0]
02:35:05 [总线][调试] ← #24 状态0x00 ff ff 18 11 00 00 08 00 00 00 00 4a 1e 00 00 00 00 08 00 00 5e  数据 [0, 8, 0, 0, 0, 0, 74, 30, 0, 0, 0, 0, 8, 0, 0]
02:35:05 [总线][调试] ← #30 状态0x00 ff ff 1e 11 00 00 08 00 00 00 00 4a 1e 00 00 00 00 08 00 00 58  数据 [0, 8, 0, 0, 0, 0, 74, 30, 0, 0, 0, 0, 8, 0, 0]
02:35:05 [总线][调试] ← #31 状态0x00 ff ff 1f 11 00 00 08 00 00 00 00 4a 1e 00 00 00 00 08 00 00 57  数据 [0, 8, 0, 0, 0, 0, 74, 30, 0, 0, 0, 0, 8, 0, 0]
02:35:05 [总线][调试] ← #32 状态0x00 ff ff 20 11 00 00 08 00 00 00 00 4a 1e 00 00 00 00 08 00 00 56  数据 [0, 8, 0, 0, 0, 0, 74, 30, 0, 0, 0, 0, 8, 0, 0]
02:35:05 [总线][调试] ← #33 状态0x00 ff ff 21 11 00 00 08 00 00 00 00 4a 1e 00 00 00 00 08 00 00 55  数据 [0, 8, 0, 0, 0, 0, 74, 30, 0, 0, 0, 0, 8, 0, 0]
02:35:05 [总线][调试] ← #34 状态0x00 ff ff 22 11 00 00 08 00 00 00 00 4a 1e 00 00 00 00 08 00 00 54  数据 [0, 8, 0, 0, 0, 0, 74, 30, 0, 0, 0, 0, 8, 0, 0]
02:35:05 [总线][调试] ← #10 状态0x00 ff ff 0a 11 00 00 08 00 00 00 00 4a 1e 00 00 00 00 08 00 00 6c  数据 [0, 8, 0, 0, 0, 0, 74, 30, 0, 0, 0, 0, 8, 0, 0]
02:35:05 [总线][调试] ← #11 状态0x00 ff ff 0b 11 00 00 08 00 00 00 00 4a 1e 00 00 00 00 08 00 00 6b  数据 [0, 8, 0, 0, 0, 0, 74, 30, 0, 0, 0, 0, 8, 0, 0]
02:35:05 [总线][调试] ← #12 状态0x00 ff ff 0c 11 00 00 08 00 00 00 00 4a 1e 00 00 00 00 08 00 00 6a  数据 [0, 8, 0, 0, 0, 0, 74, 30, 0, 0, 0, 0, 8, 0, 0]
02:35:05 [总线][调试] ← #13 状态0x00 ff ff 0d 11 00 00 08 00 00 00 00 4a 1e 00 00 00 00 08 00 00 69  数据 [0, 8, 0, 0, 0, 0, 74, 30, 0, 0, 0, 0, 8, 0, 0]
02:35:05 [总线][调试] ← #14 状态0x00 ff ff 0e 11 00 00 08 00 00 00 00 4a 1e 00 00 00 00 08 00 00 68  数据 [0, 8, 0, 0, 0, 0, 74, 30, 0, 0, 0, 0, 8, 0, 0]
02:35:05 [总线][调试] → #254 SYNC_READ ff ff fe 14 82 38 0f c8 14 15 16 17 18 1e 1f 20 21 22 0a 0b 0c 0d 0e 12
02:35:05 [总线][调试] ← #200 状态0x00 ff ff c8 11 00 46 00 8d ff 1b 00 00 00 00 00 c0 28 1e 00 00 33  数据 [70, 0, 141, 255, 27, 0, 0, 0, 0, 0, 192, 40, 30, 0, 0]
02:35:05 [总线][调试] ← #20 状态0x00 ff ff 14 11 00 00 08 00 00 00 00 4a 1e 00 00 00 00 08 00 00 62  数据 [0, 8, 0, 0, 0, 0, 74, 30, 0, 0, 0, 0, 8, 0, 0]
02:35:05 [总线][调试] ← #21 状态0x00 ff ff 15 11 00 00 08 00 00 00 00 4a 1e 00 00 00 00 08 00 00 61  数据 [0, 8, 0, 0, 0, 0, 74, 30, 0, 0, 0, 0, 8, 0, 0]
02:35:05 [总线][调试] ← #22 状态0x00 ff ff 16 11 00 00 08 00 00 00 00 4a 1e 00 00 00 00 08 00 00 60  数据 [0, 8, 0, 0, 0, 0, 74, 30, 0, 0, 0, 0, 8, 0, 0]
02:35:05 [总线][调试] ← #23 状态0x00 ff ff 17 11 00 00 08 00 00 00 00 4a 1e 00 00 00 00 08 00 00 5f  数据 [0, 8, 0, 0, 0, 0, 74, 30, 0, 0, 0, 0, 8, 0, 0]
02:35:05 [总线][调试] ← #24 状态0x00 ff ff 18 11 00 00 08 00 00 00 00 4a 1e 00 00 00 00 08 00 00 5e  数据 [0, 8, 0, 0, 0, 0, 74, 30, 0, 0, 0, 0, 8, 0, 0]
02:35:05 [总线][调试] ← #30 状态0x00 ff ff 1e 11 00 00 08 00 00 00 00 4a 1e 00 00 00 00 08 00 00 58  数据 [0, 8, 0, 0, 0, 0, 74, 30, 0, 0, 0, 0, 8, 0, 0]
02:35:05 [总线][调试] ← #31 状态0x00 ff ff 1f 11 00 00 08 00 00 00 00 4a 1e 00 00 00 00 08 00 00 57  数据 [0, 8, 0, 0, 0, 0, 74, 30, 0, 0, 0, 0, 8, 0, 0]
02:35:05 [总线][调试] ← #32 状态0x00 ff ff 20 11 00 00 08 00 00 00 00 4a 1e 00 00 00 00 08 00 00 56  数据 [0, 8, 0, 0, 0, 0, 74, 30, 0, 0, 0, 0, 8, 0, 0]
02:35:05 [总线][调试] ← #33 状态0x00 ff ff 21 11 00 00 08 00 00 00 00 4a 1e 00 00 00 00 08 00 00 55  数据 [0, 8, 0, 0, 0, 0, 74, 30, 0, 0, 0, 0, 8, 0, 0]
02:35:05 [总线][调试] ← #34 状态0x00 ff ff 22 11 00 00 08 00 00 00 00 4a 1e 00 00 00 00 08 00 00 54  数据 [0, 8, 0, 0, 0, 0, 74, 30, 0, 0, 0, 0, 8, 0, 0]
02:35:05 [总线][调试] ← #10 状态0x00 ff ff 0a 11 00 00 08 00 00 00 00 4a 1e 00 00 00 00 08 00 00 6c  数据 [0, 8, 0, 0, 0, 0, 74, 30, 0, 0, 0, 0, 8, 0, 0]
02:35:05 [总线][调试] ← #11 状态0x00 ff ff 0b 11 00 00 08 00 00 00 00 4a 1e 00 00 00 00 08 00 00 6b  数据 [0, 8, 0, 0, 0, 0, 74, 30, 0, 0, 0, 0, 8, 0, 0]
02:35:05 [总线][调试] ← #12 状态0x00 ff ff 0c 11 00 00 08 00 00 00 00 4a 1e 00 00 00 00 08 00 00 6a  数据 [0, 8, 0, 0, 0, 0, 74, 30, 0, 0, 0, 0, 8, 0, 0]
02:35:05 [总线][调试] ← #13 状态0x00 ff ff 0d 11 00 00 08 00 00 00 00 4a 1e 00 00 00 00 08 00 00 69  数据 [0, 8, 0, 0, 0, 0, 74, 30, 0, 0, 0, 0, 8, 0, 0]
02:35:05 [总线][调试] ← #14 状态0x00 ff ff 0e 11 00 00 08 00 00 00 00 4a 1e 00 00 00 00 08 00 00 68  数据 [0, 8, 0, 0, 0, 0, 74, 30, 0, 0, 0, 0, 8, 0, 0]
02:35:05 [总线][调试] → #254 SYNC_READ ff ff fe 14 82 38 0f c8 14 15 16 17 18 1e 1f 20 21 22 0a 0b 0c 0d 0e 12
02:35:05 [总线][调试] ← #200 状态0x00 ff ff c8 11 00 4c 00 8f ff 1e 00 00 00 00 00 0f 29 20 00 00 d6  数据 [76, 0, 143, 255, 30, 0, 0, 0, 0, 0, 15, 41, 32, 0, 0]
02:35:05 [总线][调试] ← #20 状态0x00 ff ff 14 11 00 00 08 00 00 00 00 4a 1e 00 00 00 00 08 00 00 62  数据 [0, 8, 0, 0, 0, 0, 74, 30, 0, 0, 0, 0, 8, 0, 0]
02:35:05 [总线][调试] ← #21 状态0x00 ff ff 15 11 00 00 08 00 00 00 00 4a 1e 00 00 00 00 08 00 00 61  数据 [0, 8, 0, 0, 0, 0, 74, 30, 0, 0, 0, 0, 8, 0, 0]
02:35:05 [总线][调试] ← #22 状态0x00 ff ff 16 11 00 00 08 00 00 00 00 4a 1e 00 00 00 00 08 00 00 60  数据 [0, 8, 0, 0, 0, 0, 74, 30, 0, 0, 0, 0, 8, 0, 0]
02:35:05 [总线][调试] ← #23 状态0x00 ff ff 17 11 00 00 08 00 00 00 00 4a 1e 00 00 00 00 08 00 00 5f  数据 [0, 8, 0, 0, 0, 0, 74, 30, 0, 0, 0, 0, 8, 0, 0]
02:35:05 [总线][调试] ← #24 状态0x00 ff ff 18 11 00 00 08 00 00 00 00 4a 1e 00 00 00 00 08 00 00 5e  数据 [0, 8, 0, 0, 0, 0, 74, 30, 0, 0, 0, 0, 8, 0, 0]
02:35:05 [总线][调试] ← #30 状态0x00 ff ff 1e 11 00 00 08 00 00 00 00 4a 1e 00 00 00 00 08 00 00 58  数据 [0, 8, 0, 0, 0, 0, 74, 30, 0, 0, 0, 0, 8, 0, 0]
02:35:05 [总线][调试] ← #31 状态0x00 ff ff 1f 11 00 00 08 00 00 00 00 4a 1e 00 00 00 00 08 00 00 57  数据 [0, 8, 0, 0, 0, 0, 74, 30, 0, 0, 0, 0, 8, 0, 0]
02:35:05 [总线][调试] ← #32 状态0x00 ff ff 20 11 00 00 08 00 00 00 00 4a 1e 00 00 00 00 08 00 00 56  数据 [0, 8, 0, 0, 0, 0, 74, 30, 0, 0, 0, 0, 8, 0, 0]
02:35:05 [总线][调试] ← #33 状态0x00 ff ff 21 11 00 00 08 00 00 00 00 4a 1e 00 00 00 00 08 00 00 55  数据 [0, 8, 0, 0, 0, 0, 74, 30, 0, 0, 0, 0, 8, 0, 0]
02:35:05 [总线][调试] ← #34 状态0x00 ff ff 22 11 00 00 08 00 00 00 00 4a 1e 00 00 00 00 08 00 00 54  数据 [0, 8, 0, 0, 0, 0, 74, 30, 0, 0, 0, 0, 8, 0, 0]
02:35:05 [总线][调试] ← #10 状态0x00 ff ff 0a 11 00 00 08 00 00 00 00 4a 1e 00 00 00 00 08 00 00 6c  数据 [0, 8, 0, 0, 0, 0, 74, 30, 0, 0, 0, 0, 8, 0, 0]
02:35:05 [总线][调试] ← #11 状态0x00 ff ff 0b 11 00 00 08 00 00 00 00 4a 1e 00 00 00 00 08 00 00 6b  数据 [0, 8, 0, 0, 0, 0, 74, 30, 0, 0, 0, 0, 8, 0, 0]
02:35:05 [总线][调试] ← #12 状态0x00 ff ff 0c 11 00 00 08 00 00 00 00 4a 1e 00 00 00 00 08 00 00 6a  数据 [0, 8, 0, 0, 0, 0, 74, 30, 0, 0, 0, 0, 8, 0, 0]
02:35:05 [总线][调试] ← #13 状态0x00 ff ff 0d 11 00 00 08 00 00 00 00 4a 1e 00 00 00 00 08 00 00 69  数据 [0, 8, 0, 0, 0, 0, 74, 30, 0, 0, 0, 0, 8, 0, 0]
02:35:05 [总线][调试] ← #14 状态0x00 ff ff 0e 11 00 00 08 00 00 00 00 4a 1e 00 00 00 00 08 00 00 68  数据 [0, 8, 0, 0, 0, 0, 74, 30, 0, 0, 0, 0, 8, 0, 0]
02:35:05 [总线][调试] → #254 SYNC_READ ff ff fe 14 82 38 0f c8 14 15 16 17 18 1e 1f 20 21 22 0a 0b 0c 0d 0e 12
02:35:05 [总线][调试] ← #200 状态0x00 ff ff c8 11 00 4f 00 8a ff 19 00 00 00 00 00 85 29 23 00 00 64  数据 [79, 0, 138, 255, 25, 0, 0, 0, 0, 0, 133, 41, 35, 0, 0]
02:35:05 [总线][调试] ← #20 状态0x00 ff ff 14 11 00 00 08 00 00 00 00 4a 1e 00 00 00 00 08 00 00 62  数据 [0, 8, 0, 0, 0, 0, 74, 30, 0, 0, 0, 0, 8, 0, 0]
02:35:05 [总线][调试] ← #21 状态0x00 ff ff 15 11 00 00 08 00 00 00 00 4a 1e 00 00 00 00 08 00 00 61  数据 [0, 8, 0, 0, 0, 0, 74, 30, 0, 0, 0, 0, 8, 0, 0]
02:35:05 [总线][调试] ← #22 状态0x00 ff ff 16 11 00 00 08 00 00 00 00 4a 1e 00 00 00 00 08 00 00 60  数据 [0, 8, 0, 0, 0, 0, 74, 30, 0, 0, 0, 0, 8, 0, 0]
02:35:05 [总线][调试] ← #23 状态0x00 ff ff 17 11 00 00 08 00 00 00 00 4a 1e 00 00 00 00 08 00 00 5f  数据 [0, 8, 0, 0, 0, 0, 74, 30, 0, 0, 0, 0, 8, 0, 0]
02:35:05 [总线][调试] ← #24 状态0x00 ff ff 18 11 00 00 08 00 00 00 00 4a 1e 00 00 00 00 08 00 00 5e  数据 [0, 8, 0, 0, 0, 0, 74, 30, 0, 0, 0, 0, 8, 0, 0]
02:35:05 [总线][调试] ← #30 状态0x00 ff ff 1e 11 00 00 08 00 00 00 00 4a 1e 00 00 00 00 08 00 00 58  数据 [0, 8, 0, 0, 0, 0, 74, 30, 0, 0, 0, 0, 8, 0, 0]
02:35:05 [总线][调试] ← #31 状态0x00 ff ff 1f 11 00 00 08 00 00 00 00 4a 1e 00 00 00 00 08 00 00 57  数据 [0, 8, 0, 0, 0, 0, 74, 30, 0, 0, 0, 0, 8, 0, 0]
02:35:05 [总线][调试] ← #32 状态0x00 ff ff 20 11 00 00 08 00 00 00 00 4a 1e 00 00 00 00 08 00 00 56  数据 [0, 8, 0, 0, 0, 0, 74, 30, 0, 0, 0, 0, 8, 0, 0]
02:35:05 [总线][调试] ← #33 状态0x00 ff ff 21 11 00 00 08 00 00 00 00 4a 1e 00 00 00 00 08 00 00 55  数据 [0, 8, 0, 0, 0, 0, 74, 30, 0, 0, 0, 0, 8, 0, 0]
02:35:05 [总线][调试] ← #34 状态0x00 ff ff 22 11 00 00 08 00 00 00 00 4a 1e 00 00 00 00 08 00 00 54  数据 [0, 8, 0, 0, 0, 0, 74, 30, 0, 0, 0, 0, 8, 0, 0]
02:35:05 [总线][调试] ← #10 状态0x00 ff ff 0a 11 00 00 08 00 00 00 00 4a 1e 00 00 00 00 08 00 00 6c  数据 [0, 8, 0, 0, 0, 0, 74, 30, 0, 0, 0, 0, 8, 0, 0]
02:35:05 [总线][调试] ← #11 状态0x00 ff ff 0b 11 00 00 08 00 00 00 00 4a 1e 00 00 00 00 08 00 00 6b  数据 [0, 8, 0, 0, 0, 0, 74, 30, 0, 0, 0, 0, 8, 0, 0]
02:35:05 [总线][调试] ← #12 状态0x00 ff ff 0c 11 00 00 08 00 00 00 00 4a 1e 00 00 00 00 08 00 00 6a  数据 [0, 8, 0, 0, 0, 0, 74, 30, 0, 0, 0, 0, 8, 0, 0]
02:35:05 [总线][调试] ← #13 状态0x00 ff ff 0d 11 00 00 08 00 00 00 00 4a 1e 00 00 00 00 08 00 00 69  数据 [0, 8, 0, 0, 0, 0, 74, 30, 0, 0, 0, 0, 8, 0, 0]
02:35:05 [总线][调试] ← #14 状态0x00 ff ff 0e 11 00 00 08 00 00 00 00 4a 1e 00 00 00 00 08 00 00 68  数据 [0, 8, 0, 0, 0, 0, 74, 30, 0, 0, 0, 0, 8, 0, 0]
02:35:05 [总线][调试] → #254 SYNC_READ ff ff fe 14 82 38 0f c8 14 15 16 17 18 1e 1f 20 21 22 0a 0b 0c 0d 0e 12
02:35:05 [总线][调试] ← #200 状态0x00 ff ff c8 11 00 56 00 8d ff 1b 00 00 00 00 00 d3 29 25 00 00 08  数据 [86, 0, 141, 255, 27, 0, 0, 0, 0, 0, 211, 41, 37, 0, 0]
02:35:05 [总线][调试] ← #20 状态0x00 ff ff 14 11 00 00 08 00 00 00 00 4a 1e 00 00 00 00 08 00 00 62  数据 [0, 8, 0, 0, 0, 0, 74, 30, 0, 0, 0, 0, 8, 0, 0]
02:35:05 [总线][调试] ← #21 状态0x00 ff ff 15 11 00 00 08 00 00 00 00 4a 1e 00 00 00 00 08 00 00 61  数据 [0, 8, 0, 0, 0, 0, 74, 30, 0, 0, 0, 0, 8, 0, 0]
02:35:05 [总线][调试] ← #22 状态0x00 ff ff 16 11 00 00 08 00 00 00 00 4a 1e 00 00 00 00 08 00 00 60  数据 [0, 8, 0, 0, 0, 0, 74, 30, 0, 0, 0, 0, 8, 0, 0]
02:35:05 [总线][调试] ← #23 状态0x00 ff ff 17 11 00 00 08 00 00 00 00 4a 1e 00 00 00 00 08 00 00 5f  数据 [0, 8, 0, 0, 0, 0, 74, 30, 0, 0, 0, 0, 8, 0, 0]
02:35:05 [总线][调试] ← #24 状态0x00 ff ff 18 11 00 00 08 00 00 00 00 4a 1e 00 00 00 00 08 00 00 5e  数据 [0, 8, 0, 0, 0, 0, 74, 30, 0, 0, 0, 0, 8, 0, 0]
02:35:05 [总线][调试] ← #30 状态0x00 ff ff 1e 11 00 00 08 00 00 00 00 4a 1e 00 00 00 00 08 00 00 58  数据 [0, 8, 0, 0, 0, 0, 74, 30, 0, 0, 0, 0, 8, 0, 0]
02:35:05 [总线][调试] ← #31 状态0x00 ff ff 1f 11 00 00 08 00 00 00 00 4a 1e 00 00 00 00 08 00 00 57  数据 [0, 8, 0, 0, 0, 0, 74, 30, 0, 0, 0, 0, 8, 0, 0]
02:35:05 [总线][调试] ← #32 状态0x00 ff ff 20 11 00 00 08 00 00 00 00 4a 1e 00 00 00 00 08 00 00 56  数据 [0, 8, 0, 0, 0, 0, 74, 30, 0, 0, 0, 0, 8, 0, 0]
02:35:05 [总线][调试] ← #33 状态0x00 ff ff 21 11 00 00 08 00 00 00 00 4a 1e 00 00 00 00 08 00 00 55  数据 [0, 8, 0, 0, 0, 0, 74, 30, 0, 0, 0, 0, 8, 0, 0]
02:35:05 [总线][调试] ← #34 状态0x00 ff ff 22 11 00 00 08 00 00 00 00 4a 1e 00 00 00 00 08 00 00 54  数据 [0, 8, 0, 0, 0, 0, 74, 30, 0, 0, 0, 0, 8, 0, 0]
02:35:05 [总线][调试] ← #10 状态0x00 ff ff 0a 11 00 00 08 00 00 00 00 4a 1e 00 00 00 00 08 00 00 6c  数据 [0, 8, 0, 0, 0, 0, 74, 30, 0, 0, 0, 0, 8, 0, 0]
02:35:05 [总线][调试] ← #11 状态0x00 ff ff 0b 11 00 00 08 00 00 00 00 4a 1e 00 00 00 00 08 00 00 6b  数据 [0, 8, 0, 0, 0, 0, 74, 30, 0, 0, 0, 0, 8, 0, 0]
02:35:05 [总线][调试] ← #12 状态0x00 ff ff 0c 11 00 00 08 00 00 00 00 4a 1e 00 00 00 00 08 00 00 6a  数据 [0, 8, 0, 0, 0, 0, 74, 30, 0, 0, 0, 0, 8, 0, 0]
02:35:05 [总线][调试] ← #13 状态0x00 ff ff 0d 11 00 00 08 00 00 00 00 4a 1e 00 00 00 00 08 00 00 69  数据 [0, 8, 0, 0, 0, 0, 74, 30, 0, 0, 0, 0, 8, 0, 0]
02:35:05 [总线][调试] ← #14 状态0x00 ff ff 0e 11 00 00 08 00 00 00 00 4a 1e 00 00 00 00 08 00 00 68  数据 [0, 8, 0, 0, 0, 0, 74, 30, 0, 0, 0, 0, 8, 0, 0]
02:35:05 [总线][调试] → #254 SYNC_READ ff ff fe 14 82 38 0f c8 14 15 16 17 18 1e 1f 20 21 22 0a 0b 0c 0d 0e 12
02:35:05 [总线][调试] ← #200 状态0x00 ff ff c8 11 00 60 00 90 ff 1f 00 00 00 00 00 48 2a 28 00 00 7e  数据 [96, 0, 144, 255, 31, 0, 0, 0, 0, 0, 72, 42, 40, 0, 0]
02:35:05 [总线][调试] ← #20 状态0x00 ff ff 14 11 00 00 08 00 00 00 00 4a 1e 00 00 00 00 08 00 00 62  数据 [0, 8, 0, 0, 0, 0, 74, 30, 0, 0, 0, 0, 8, 0, 0]
02:35:05 [总线][调试] ← #21 状态0x00 ff ff 15 11 00 00 08 00 00 00 00 4a 1e 00 00 00 00 08 00 00 61  数据 [0, 8, 0, 0, 0, 0, 74, 30, 0, 0, 0, 0, 8, 0, 0]
02:35:05 [总线][调试] ← #22 状态0x00 ff ff 16 11 00 00 08 00 00 00 00 4a 1e 00 00 00 00 08 00 00 60  数据 [0, 8, 0, 0, 0, 0, 74, 30, 0, 0, 0, 0, 8, 0, 0]
02:35:05 [总线][调试] ← #23 状态0x00 ff ff 17 11 00 00 08 00 00 00 00 4a 1e 00 00 00 00 08 00 00 5f  数据 [0, 8, 0, 0, 0, 0, 74, 30, 0, 0, 0, 0, 8, 0, 0]
02:35:05 [总线][调试] ← #24 状态0x00 ff ff 18 11 00 00 08 00 00 00 00 4a 1e 00 00 00 00 08 00 00 5e  数据 [0, 8, 0, 0, 0, 0, 74, 30, 0, 0, 0, 0, 8, 0, 0]
02:35:05 [总线][调试] ← #30 状态0x00 ff ff 1e 11 00 00 08 00 00 00 00 4a 1e 00 00 00 00 08 00 00 58  数据 [0, 8, 0, 0, 0, 0, 74, 30, 0, 0, 0, 0, 8, 0, 0]
02:35:05 [总线][调试] ← #31 状态0x00 ff ff 1f 11 00 00 08 00 00 00 00 4a 1e 00 00 00 00 08 00 00 57  数据 [0, 8, 0, 0, 0, 0, 74, 30, 0, 0, 0, 0, 8, 0, 0]
02:35:05 [总线][调试] ← #32 状态0x00 ff ff 20 11 00 00 08 00 00 00 00 4a 1e 00 00 00 00 08 00 00 56  数据 [0, 8, 0, 0, 0, 0, 74, 30, 0, 0, 0, 0, 8, 0, 0]
02:35:05 [总线][调试] ← #33 状态0x00 ff ff 21 11 00 00 08 00 00 00 00 4a 1e 00 00 00 00 08 00 00 55  数据 [0, 8, 0, 0, 0, 0, 74, 30, 0, 0, 0, 0, 8, 0, 0]
02:35:05 [总线][调试] ← #34 状态0x00 ff ff 22 11 00 00 08 00 00 00 00 4a 1e 00 00 00 00 08 00 00 54  数据 [0, 8, 0, 0, 0, 0, 74, 30, 0, 0, 0, 0, 8, 0, 0]
02:35:05 [总线][调试] ← #10 状态0x00 ff ff 0a 11 00 00 08 00 00 00 00 4a 1e 00 00 00 00 08 00 00 6c  数据 [0, 8, 0, 0, 0, 0, 74, 30, 0, 0, 0, 0, 8, 0, 0]
02:35:05 [总线][调试] ← #11 状态0x00 ff ff 0b 11 00 00 08 00 00 00 00 4a 1e 00 00 00 00 08 00 00 6b  数据 [0, 8, 0, 0, 0, 0, 74, 30, 0, 0, 0, 0, 8, 0, 0]
02:35:05 [总线][调试] ← #12 状态0x00 ff ff 0c 11 00 00 08 00 00 00 00 4a 1e 00 00 00 00 08 00 00 6a  数据 [0, 8, 0, 0, 0, 0, 74, 30, 0, 0, 0, 0, 8, 0, 0]
02:35:05 [总线][调试] ← #13 状态0x00 ff ff 0d 11 00 00 08 00 00 00 00 4a 1e 00 00 00 00 08 00 00 69  数据 [0, 8, 0, 0, 0, 0, 74, 30, 0, 0, 0, 0, 8, 0, 0]
02:35:05 [总线][调试] ← #14 状态0x00 ff ff 0e 11 00 00 08 00 00 00 00 4a 1e 00 00 00 00 08 00 00 68  数据 [0, 8, 0, 0, 0, 0, 74, 30, 0, 0, 0, 0, 8, 0, 0]
02:35:05 [总线][调试] → #254 SYNC_READ ff ff fe 14 82 38 0f c8 14 15 16 17 18 1e 1f 20 21 22 0a 0b 0c 0d 0e 12
02:35:05 [总线][调试] ← #200 状态0x00 ff ff c8 11 00 5f 00 8a ff 19 00 00 00 00 00 95 2a 2a 00 00 3c  数据 [95, 0, 138, 255, 25, 0, 0, 0, 0, 0, 149, 42, 42, 0, 0]
02:35:05 [总线][调试] ← #20 状态0x00 ff ff 14 11 00 00 08 00 00 00 00 4a 1e 00 00 00 00 08 00 00 62  数据 [0, 8, 0, 0, 0, 0, 74, 30, 0, 0, 0, 0, 8, 0, 0]
02:35:05 [总线][调试] ← #21 状态0x00 ff ff 15 11 00 00 08 00 00 00 00 4a 1e 00 00 00 00 08 00 00 61  数据 [0, 8, 0, 0, 0, 0, 74, 30, 0, 0, 0, 0, 8, 0, 0]
02:35:05 [总线][调试] ← #22 状态0x00 ff ff 16 11 00 00 08 00 00 00 00 4a 1e 00 00 00 00 08 00 00 60  数据 [0, 8, 0, 0, 0, 0, 74, 30, 0, 0, 0, 0, 8, 0, 0]
02:35:05 [总线][调试] ← #23 状态0x00 ff ff 17 11 00 00 08 00 00 00 00 4a 1e 00 00 00 00 08 00 00 5f  数据 [0, 8, 0, 0, 0, 0, 74, 30, 0, 0, 0, 0, 8, 0, 0]
02:35:05 [总线][调试] ← #24 状态0x00 ff ff 18 11 00 00 08 00 00 00 00 4a 1e 00 00 00 00 08 00 00 5e  数据 [0, 8, 0, 0, 0, 0, 74, 30, 0, 0, 0, 0, 8, 0, 0]
02:35:05 [总线][调试] ← #30 状态0x00 ff ff 1e 11 00 00 08 00 00 00 00 4a 1e 00 00 00 00 08 00 00 58  数据 [0, 8, 0, 0, 0, 0, 74, 30, 0, 0, 0, 0, 8, 0, 0]
02:35:05 [总线][调试] ← #31 状态0x00 ff ff 1f 11 00 00 08 00 00 00 00 4a 1e 00 00 00 00 08 00 00 57  数据 [0, 8, 0, 0, 0, 0, 74, 30, 0, 0, 0, 0, 8, 0, 0]
02:35:05 [总线][调试] ← #32 状态0x00 ff ff 20 11 00 00 08 00 00 00 00 4a 1e 00 00 00 00 08 00 00 56  数据 [0, 8, 0, 0, 0, 0, 74, 30, 0, 0, 0, 0, 8, 0, 0]
02:35:05 [总线][调试] ← #33 状态0x00 ff ff 21 11 00 00 08 00 00 00 00 4a 1e 00 00 00 00 08 00 00 55  数据 [0, 8, 0, 0, 0, 0, 74, 30, 0, 0, 0, 0, 8, 0, 0]
02:35:05 [总线][调试] ← #34 状态0x00 ff ff 22 11 00 00 08 00 00 00 00 4a 1e 00 00 00 00 08 00 00 54  数据 [0, 8, 0, 0, 0, 0, 74, 30, 0, 0, 0, 0, 8, 0, 0]
02:35:05 [总线][调试] ← #10 状态0x00 ff ff 0a 11 00 00 08 00 00 00 00 4a 1e 00 00 00 00 08 00 00 6c  数据 [0, 8, 0, 0, 0, 0, 74, 30, 0, 0, 0, 0, 8, 0, 0]
02:35:05 [总线][调试] ← #11 状态0x00 ff ff 0b 11 00 00 08 00 00 00 00 4a 1e 00 00 00 00 08 00 00 6b  数据 [0, 8, 0, 0, 0, 0, 74, 30, 0, 0, 0, 0, 8, 0, 0]
02:35:05 [总线][调试] ← #12 状态0x00 ff ff 0c 11 00 00 08 00 00 00 00 4a 1e 00 00 00 00 08 00 00 6a  数据 [0, 8, 0, 0, 0, 0, 74, 30, 0, 0, 0, 0, 8, 0, 0]
02:35:05 [总线][调试] ← #13 状态0x00 ff ff 0d 11 00 00 08 00 00 00 00 4a 1e 00 00 00 00 08 00 00 69  数据 [0, 8, 0, 0, 0, 0, 74, 30, 0, 0, 0, 0, 8, 0, 0]
02:35:05 [总线][调试] ← #14 状态0x00 ff ff 0e 11 00 00 08 00 00 00 00 4a 1e 00 00 00 00 08 00 00 68  数据 [0, 8, 0, 0, 0, 0, 74, 30, 0, 0, 0, 0, 8, 0, 0]
02:35:05 [总线][调试] → #254 SYNC_READ ff ff fe 14 82 38 0f c8 14 15 16 17 18 1e 1f 20 21 22 0a 0b 0c 0d 0e 12
02:35:05 [总线][调试] ← #200 状态0x00 ff ff c8 11 00 65 00 8d ff 1b 00 00 00 00 00 e1 2a 2c 00 00 e3  数据 [101, 0, 141, 255, 27, 0, 0, 0, 0, 0, 225, 42, 44, 0, 0]
02:35:05 [总线][调试] ← #20 状态0x00 ff ff 14 11 00 00 08 00 00 00 00 4a 1e 00 00 00 00 08 00 00 62  数据 [0, 8, 0, 0, 0, 0, 74, 30, 0, 0, 0, 0, 8, 0, 0]
02:35:05 [总线][调试] ← #21 状态0x00 ff ff 15 11 00 00 08 00 00 00 00 4a 1e 00 00 00 00 08 00 00 61  数据 [0, 8, 0, 0, 0, 0, 74, 30, 0, 0, 0, 0, 8, 0, 0]
02:35:05 [总线][调试] ← #22 状态0x00 ff ff 16 11 00 00 08 00 00 00 00 4a 1e 00 00 00 00 08 00 00 60  数据 [0, 8, 0, 0, 0, 0, 74, 30, 0, 0, 0, 0, 8, 0, 0]
02:35:05 [总线][调试] ← #23 状态0x00 ff ff 17 11 00 00 08 00 00 00 00 4a 1e 00 00 00 00 08 00 00 5f  数据 [0, 8, 0, 0, 0, 0, 74, 30, 0, 0, 0, 0, 8, 0, 0]
02:35:05 [总线][调试] ← #24 状态0x00 ff ff 18 11 00 00 08 00 00 00 00 4a 1e 00 00 00 00 08 00 00 5e  数据 [0, 8, 0, 0, 0, 0, 74, 30, 0, 0, 0, 0, 8, 0, 0]
02:35:05 [总线][调试] ← #30 状态0x00 ff ff 1e 11 00 00 08 00 00 00 00 4a 1e 00 00 00 00 08 00 00 58  数据 [0, 8, 0, 0, 0, 0, 74, 30, 0, 0, 0, 0, 8, 0, 0]
02:35:05 [总线][调试] ← #31 状态0x00 ff ff 1f 11 00 00 08 00 00 00 00 4a 1e 00 00 00 00 08 00 00 57  数据 [0, 8, 0, 0, 0, 0, 74, 30, 0, 0, 0, 0, 8, 0, 0]
02:35:05 [总线][调试] ← #32 状态0x00 ff ff 20 11 00 00 08 00 00 00 00 4a 1e 00 00 00 00 08 00 00 56  数据 [0, 8, 0, 0, 0, 0, 74, 30, 0, 0, 0, 0, 8, 0, 0]
02:35:05 [总线][调试] ← #33 状态0x00 ff ff 21 11 00 00 08 00 00 00 00 4a 1e 00 00 00 00 08 00 00 55  数据 [0, 8, 0, 0, 0, 0, 74, 30, 0, 0, 0, 0, 8, 0, 0]
02:35:05 [总线][调试] ← #34 状态0x00 ff ff 22 11 00 00 08 00 00 00 00 4a 1e 00 00 00 00 08 00 00 54  数据 [0, 8, 0, 0, 0, 0, 74, 30, 0, 0, 0, 0, 8, 0, 0]
02:35:05 [总线][调试] ← #10 状态0x00 ff ff 0a 11 00 00 08 00 00 00 00 4a 1e 00 00 00 00 08 00 00 6c  数据 [0, 8, 0, 0, 0, 0, 74, 30, 0, 0, 0, 0, 8, 0, 0]
02:35:05 [总线][调试] ← #11 状态0x00 ff ff 0b 11 00 00 08 00 00 00 00 4a 1e 00 00 00 00 08 00 00 6b  数据 [0, 8, 0, 0, 0, 0, 74, 30, 0, 0, 0, 0, 8, 0, 0]
02:35:05 [总线][调试] ← #12 状态0x00 ff ff 0c 11 00 00 08 00 00 00 00 4a 1e 00 00 00 00 08 00 00 6a  数据 [0, 8, 0, 0, 0, 0, 74, 30, 0, 0, 0, 0, 8, 0, 0]
02:35:05 [总线][调试] ← #13 状态0x00 ff ff 0d 11 00 00 08 00 00 00 00 4a 1e 00 00 00 00 08 00 00 69  数据 [0, 8, 0, 0, 0, 0, 74, 30, 0, 0, 0, 0, 8, 0, 0]
02:35:05 [总线][调试] ← #14 状态0x00 ff ff 0e 11 00 00 08 00 00 00 00 4a 1e 00 00 00 00 08 00 00 68  数据 [0, 8, 0, 0, 0, 0, 74, 30, 0, 0, 0, 0, 8, 0, 0]
02:35:05 [总线][调试] → #254 SYNC_READ ff ff fe 14 82 38 0f c8 14 15 16 17 18 1e 1f 20 21 22 0a 0b 0c 0d 0e 12
02:35:05 [总线][调试] ← #200 状态0x00 ff ff c8 11 00 6f 00 90 ff 1f 00 00 00 00 00 53 2b 2f 00 00 5c  数据 [111, 0, 144, 255, 31, 0, 0, 0, 0, 0, 83, 43, 47, 0, 0]
02:35:05 [总线][调试] ← #20 状态0x00 ff ff 14 11 00 00 08 00 00 00 00 4a 1e 00 00 00 00 08 00 00 62  数据 [0, 8, 0, 0, 0, 0, 74, 30, 0, 0, 0, 0, 8, 0, 0]
02:35:05 [总线][调试] ← #21 状态0x00 ff ff 15 11 00 00 08 00 00 00 00 4a 1e 00 00 00 00 08 00 00 61  数据 [0, 8, 0, 0, 0, 0, 74, 30, 0, 0, 0, 0, 8, 0, 0]
02:35:05 [总线][调试] ← #22 状态0x00 ff ff 16 11 00 00 08 00 00 00 00 4a 1e 00 00 00 00 08 00 00 60  数据 [0, 8, 0, 0, 0, 0, 74, 30, 0, 0, 0, 0, 8, 0, 0]
02:35:05 [总线][调试] ← #23 状态0x00 ff ff 17 11 00 00 08 00 00 00 00 4a 1e 00 00 00 00 08 00 00 5f  数据 [0, 8, 0, 0, 0, 0, 74, 30, 0, 0, 0, 0, 8, 0, 0]
02:35:05 [总线][调试] ← #24 状态0x00 ff ff 18 11 00 00 08 00 00 00 00 4a 1e 00 00 00 00 08 00 00 5e  数据 [0, 8, 0, 0, 0, 0, 74, 30, 0, 0, 0, 0, 8, 0, 0]
02:35:05 [总线][调试] ← #30 状态0x00 ff ff 1e 11 00 00 08 00 00 00 00 4a 1e 00 00 00 00 08 00 00 58  数据 [0, 8, 0, 0, 0, 0, 74, 30, 0, 0, 0, 0, 8, 0, 0]
02:35:05 [总线][调试] ← #31 状态0x00 ff ff 1f 11 00 00 08 00 00 00 00 4a 1e 00 00 00 00 08 00 00 57  数据 [0, 8, 0, 0, 0, 0, 74, 30, 0, 0, 0, 0, 8, 0, 0]
02:35:05 [总线][调试] ← #32 状态0x00 ff ff 20 11 00 00 08 00 00 00 00 4a 1e 00 00 00 00 08 00 00 56  数据 [0, 8, 0, 0, 0, 0, 74, 30, 0, 0, 0, 0, 8, 0, 0]
02:35:05 [总线][调试] ← #33 状态0x00 ff ff 21 11 00 00 08 00 00 00 00 4a 1e 00 00 00 00 08 00 00 55  数据 [0, 8, 0, 0, 0, 0, 74, 30, 0, 0, 0, 0, 8, 0, 0]
02:35:05 [总线][调试] ← #34 状态0x00 ff ff 22 11 00 00 08 00 00 00 00 4a 1e 00 00 00 00 08 00 00 54  数据 [0, 8, 0, 0, 0, 0, 74, 30, 0, 0, 0, 0, 8, 0, 0]
02:35:05 [总线][调试] ← #10 状态0x00 ff ff 0a 11 00 00 08 00 00 00 00 4a 1e 00 00 00 00 08 00 00 6c  数据 [0, 8, 0, 0, 0, 0, 74, 30, 0, 0, 0, 0, 8, 0, 0]
02:35:05 [总线][调试] ← #11 状态0x00 ff ff 0b 11 00 00 08 00 00 00 00 4a 1e 00 00 00 00 08 00 00 6b  数据 [0, 8, 0, 0, 0, 0, 74, 30, 0, 0, 0, 0, 8, 0, 0]
02:35:05 [总线][调试] ← #12 状态0x00 ff ff 0c 11 00 00 08 00 00 00 00 4a 1e 00 00 00 00 08 00 00 6a  数据 [0, 8, 0, 0, 0, 0, 74, 30, 0, 0, 0, 0, 8, 0, 0]
02:35:05 [总线][调试] ← #13 状态0x00 ff ff 0d 11 00 00 08 00 00 00 00 4a 1e 00 00 00 00 08 00 00 69  数据 [0, 8, 0, 0, 0, 0, 74, 30, 0, 0, 0, 0, 8, 0, 0]
02:35:05 [总线][调试] ← #14 状态0x00 ff ff 0e 11 00 00 08 00 00 00 00 4a 1e 00 00 00 00 08 00 00 68  数据 [0, 8, 0, 0, 0, 0, 74, 30, 0, 0, 0, 0, 8, 0, 0]
02:35:05 [总线][调试] → #254 SYNC_READ ff ff fe 14 82 38 0f c8 14 15 16 17 18 1e 1f 20 21 22 0a 0b 0c 0d 0e 12
02:35:05 [总线][调试] ← #200 状态0x00 ff ff c8 11 00 6e 00 8a ff 19 00 00 00 00 00 9f 2b 31 00 00 1b  数据 [110, 0, 138, 255, 25, 0, 0, 0, 0, 0, 159, 43, 49, 0, 0]
02:35:05 [总线][调试] ← #20 状态0x00 ff ff 14 11 00 00 08 00 00 00 00 4a 1e 00 00 00 00 08 00 00 62  数据 [0, 8, 0, 0, 0, 0, 74, 30, 0, 0, 0, 0, 8, 0, 0]
02:35:05 [总线][调试] ← #21 状态0x00 ff ff 15 11 00 00 08 00 00 00 00 4a 1e 00 00 00 00 08 00 00 61  数据 [0, 8, 0, 0, 0, 0, 74, 30, 0, 0, 0, 0, 8, 0, 0]
02:35:05 [总线][调试] ← #22 状态0x00 ff ff 16 11 00 00 08 00 00 00 00 4a 1e 00 00 00 00 08 00 00 60  数据 [0, 8, 0, 0, 0, 0, 74, 30, 0, 0, 0, 0, 8, 0, 0]
02:35:05 [总线][调试] ← #23 状态0x00 ff ff 17 11 00 00 08 00 00 00 00 4a 1e 00 00 00 00 08 00 00 5f  数据 [0, 8, 0, 0, 0, 0, 74, 30, 0, 0, 0, 0, 8, 0, 0]
02:35:05 [总线][调试] ← #24 状态0x00 ff ff 18 11 00 00 08 00 00 00 00 4a 1e 00 00 00 00 08 00 00 5e  数据 [0, 8, 0, 0, 0, 0, 74, 30, 0, 0, 0, 0, 8, 0, 0]
02:35:05 [总线][调试] ← #30 状态0x00 ff ff 1e 11 00 00 08 00 00 00 00 4a 1e 00 00 00 00 08 00 00 58  数据 [0, 8, 0, 0, 0, 0, 74, 30, 0, 0, 0, 0, 8, 0, 0]
02:35:05 [总线][调试] ← #31 状态0x00 ff ff 1f 11 00 00 08 00 00 00 00 4a 1e 00 00 00 00 08 00 00 57  数据 [0, 8, 0, 0, 0, 0, 74, 30, 0, 0, 0, 0, 8, 0, 0]
02:35:05 [总线][调试] ← #32 状态0x00 ff ff 20 11 00 00 08 00 00 00 00 4a 1e 00 00 00 00 08 00 00 56  数据 [0, 8, 0, 0, 0, 0, 74, 30, 0, 0, 0, 0, 8, 0, 0]
02:35:05 [总线][调试] ← #33 状态0x00 ff ff 21 11 00 00 08 00 00 00 00 4a 1e 00 00 00 00 08 00 00 55  数据 [0, 8, 0, 0, 0, 0, 74, 30, 0, 0, 0, 0, 8, 0, 0]
02:35:05 [总线][调试] ← #34 状态0x00 ff ff 22 11 00 00 08 00 00 00 00 4a 1e 00 00 00 00 08 00 00 54  数据 [0, 8, 0, 0, 0, 0, 74, 30, 0, 0, 0, 0, 8, 0, 0]
02:35:05 [总线][调试] ← #10 状态0x00 ff ff 0a 11 00 00 08 00 00 00 00 4a 1e 00 00 00 00 08 00 00 6c  数据 [0, 8, 0, 0, 0, 0, 74, 30, 0, 0, 0, 0, 8, 0, 0]
02:35:05 [总线][调试] ← #11 状态0x00 ff ff 0b 11 00 00 08 00 00 00 00 4a 1e 00 00 00 00 08 00 00 6b  数据 [0, 8, 0, 0, 0, 0, 74, 30, 0, 0, 0, 0, 8, 0, 0]
02:35:05 [总线][调试] ← #12 状态0x00 ff ff 0c 11 00 00 08 00 00 00 00 4a 1e 00 00 00 00 08 00 00 6a  数据 [0, 8, 0, 0, 0, 0, 74, 30, 0, 0, 0, 0, 8, 0, 0]
02:35:05 [总线][调试] ← #13 状态0x00 ff ff 0d 11 00 00 08 00 00 00 00 4a 1e 00 00 00 00 08 00 00 69  数据 [0, 8, 0, 0, 0, 0, 74, 30, 0, 0, 0, 0, 8, 0, 0]
02:35:05 [总线][调试] ← #14 状态0x00 ff ff 0e 11 00 00 08 00 00 00 00 4a 1e 00 00 00 00 08 00 00 68  数据 [0, 8, 0, 0, 0, 0, 74, 30, 0, 0, 0, 0, 8, 0, 0]
02:35:05 [总线][调试] → #254 SYNC_READ ff ff fe 14 82 38 0f c8 14 15 16 17 18 1e 1f 20 21 22 0a 0b 0c 0d 0e 12
02:35:05 [总线][调试] ← #200 状态0x00 ff ff c8 11 00 78 00 8e ff 1d 00 00 00 00 00 07 2c 34 00 00 9d  数据 [120, 0, 142, 255, 29, 0, 0, 0, 0, 0, 7, 44, 52, 0, 0]
02:35:05 [总线][调试] ← #20 状态0x00 ff ff 14 11 00 00 08 00 00 00 00 4a 1e 00 00 00 00 08 00 00 62  数据 [0, 8, 0, 0, 0, 0, 74, 30, 0, 0, 0, 0, 8, 0, 0]
02:35:05 [总线][调试] ← #21 状态0x00 ff ff 15 11 00 00 08 00 00 00 00 4a 1e 00 00 00 00 08 00 00 61  数据 [0, 8, 0, 0, 0, 0, 74, 30, 0, 0, 0, 0, 8, 0, 0]
02:35:05 [总线][调试] ← #22 状态0x00 ff ff 16 11 00 00 08 00 00 00 00 4a 1e 00 00 00 00 08 00 00 60  数据 [0, 8, 0, 0, 0, 0, 74, 30, 0, 0, 0, 0, 8, 0, 0]
02:35:05 [总线][调试] ← #23 状态0x00 ff ff 17 11 00 00 08 00 00 00 00 4a 1e 00 00 00 00 08 00 00 5f  数据 [0, 8, 0, 0, 0, 0, 74, 30, 0, 0, 0, 0, 8, 0, 0]
02:35:05 [总线][调试] ← #24 状态0x00 ff ff 18 11 00 00 08 00 00 00 00 4a 1e 00 00 00 00 08 00 00 5e  数据 [0, 8, 0, 0, 0, 0, 74, 30, 0, 0, 0, 0, 8, 0, 0]
02:35:05 [总线][调试] ← #30 状态0x00 ff ff 1e 11 00 00 08 00 00 00 00 4a 1e 00 00 00 00 08 00 00 58  数据 [0, 8, 0, 0, 0, 0, 74, 30, 0, 0, 0, 0, 8, 0, 0]
02:35:05 [总线][调试] ← #31 状态0x00 ff ff 1f 11 00 00 08 00 00 00 00 4a 1e 00 00 00 00 08 00 00 57  数据 [0, 8, 0, 0, 0, 0, 74, 30, 0, 0, 0, 0, 8, 0, 0]
02:35:05 [总线][调试] ← #32 状态0x00 ff ff 20 11 00 00 08 00 00 00 00 4a 1e 00 00 00 00 08 00 00 56  数据 [0, 8, 0, 0, 0, 0, 74, 30, 0, 0, 0, 0, 8, 0, 0]
02:35:05 [总线][调试] ← #33 状态0x00 ff ff 21 11 00 00 08 00 00 00 00 4a 1e 00 00 00 00 08 00 00 55  数据 [0, 8, 0, 0, 0, 0, 74, 30, 0, 0, 0, 0, 8, 0, 0]
02:35:05 [总线][调试] ← #34 状态0x00 ff ff 22 11 00 00 08 00 00 00 00 4a 1e 00 00 00 00 08 00 00 54  数据 [0, 8, 0, 0, 0, 0, 74, 30, 0, 0, 0, 0, 8, 0, 0]
02:35:05 [总线][调试] ← #10 状态0x00 ff ff 0a 11 00 00 08 00 00 00 00 4a 1e 00 00 00 00 08 00 00 6c  数据 [0, 8, 0, 0, 0, 0, 74, 30, 0, 0, 0, 0, 8, 0, 0]
02:35:05 [总线][调试] ← #11 状态0x00 ff ff 0b 11 00 00 08 00 00 00 00 4a 1e 00 00 00 00 08 00 00 6b  数据 [0, 8, 0, 0, 0, 0, 74, 30, 0, 0, 0, 0, 8, 0, 0]
02:35:05 [总线][调试] ← #12 状态0x00 ff ff 0c 11 00 00 08 00 00 00 00 4a 1e 00 00 00 00 08 00 00 6a  数据 [0, 8, 0, 0, 0, 0, 74, 30, 0, 0, 0, 0, 8, 0, 0]
02:35:05 [总线][调试] ← #13 状态0x00 ff ff 0d 11 00 00 08 00 00 00 00 4a 1e 00 00 00 00 08 00 00 69  数据 [0, 8, 0, 0, 0, 0, 74, 30, 0, 0, 0, 0, 8, 0, 0]
02:35:05 [总线][调试] ← #14 状态0x00 ff ff 0e 11 00 00 08 00 00 00 00 4a 1e 00 00 00 00 08 00 00 68  数据 [0, 8, 0, 0, 0, 0, 74, 30, 0, 0, 0, 0, 8, 0, 0]
02:35:05 [总线][调试] → #254 SYNC_READ ff ff fe 14 82 38 0f c8 14 15 16 17 18 1e 1f 20 21 22 0a 0b 0c 0d 0e 12
02:35:05 [总线][调试] ← #200 状态0x00 ff ff c8 11 00 7f 00 90 ff 1f 00 00 00 00 00 2c 2c 36 00 00 6b  数据 [127, 0, 144, 255, 31, 0, 0, 0, 0, 0, 44, 44, 54, 0, 0]
02:35:05 [总线][调试] ← #20 状态0x00 ff ff 14 11 00 00 08 00 00 00 00 4a 1e 00 00 00 00 08 00 00 62  数据 [0, 8, 0, 0, 0, 0, 74, 30, 0, 0, 0, 0, 8, 0, 0]
02:35:05 [总线][调试] ← #21 状态0x00 ff ff 15 11 00 00 08 00 00 00 00 4a 1e 00 00 00 00 08 00 00 61  数据 [0, 8, 0, 0, 0, 0, 74, 30, 0, 0, 0, 0, 8, 0, 0]
02:35:05 [总线][调试] ← #22 状态0x00 ff ff 16 11 00 00 08 00 00 00 00 4a 1e 00 00 00 00 08 00 00 60  数据 [0, 8, 0, 0, 0, 0, 74, 30, 0, 0, 0, 0, 8, 0, 0]
02:35:05 [总线][调试] ← #23 状态0x00 ff ff 17 11 00 00 08 00 00 00 00 4a 1e 00 00 00 00 08 00 00 5f  数据 [0, 8, 0, 0, 0, 0, 74, 30, 0, 0, 0, 0, 8, 0, 0]
02:35:05 [总线][调试] ← #24 状态0x00 ff ff 18 11 00 00 08 00 00 00 00 4a 1e 00 00 00 00 08 00 00 5e  数据 [0, 8, 0, 0, 0, 0, 74, 30, 0, 0, 0, 0, 8, 0, 0]
02:35:05 [总线][调试] ← #30 状态0x00 ff ff 1e 11 00 00 08 00 00 00 00 4a 1e 00 00 00 00 08 00 00 58  数据 [0, 8, 0, 0, 0, 0, 74, 30, 0, 0, 0, 0, 8, 0, 0]
02:35:05 [总线][调试] ← #31 状态0x00 ff ff 1f 11 00 00 08 00 00 00 00 4a 1e 00 00 00 00 08 00 00 57  数据 [0, 8, 0, 0, 0, 0, 74, 30, 0, 0, 0, 0, 8, 0, 0]
02:35:05 [总线][调试] ← #32 状态0x00 ff ff 20 11 00 00 08 00 00 00 00 4a 1e 00 00 00 00 08 00 00 56  数据 [0, 8, 0, 0, 0, 0, 74, 30, 0, 0, 0, 0, 8, 0, 0]
02:35:05 [总线][调试] ← #33 状态0x00 ff ff 21 11 00 00 08 00 00 00 00 4a 1e 00 00 00 00 08 00 00 55  数据 [0, 8, 0, 0, 0, 0, 74, 30, 0, 0, 0, 0, 8, 0, 0]
02:35:05 [总线][调试] ← #34 状态0x00 ff ff 22 11 00 00 08 00 00 00 00 4a 1e 00 00 00 00 08 00 00 54  数据 [0, 8, 0, 0, 0, 0, 74, 30, 0, 0, 0, 0, 8, 0, 0]
02:35:05 [总线][调试] ← #10 状态0x00 ff ff 0a 11 00 00 08 00 00 00 00 4a 1e 00 00 00 00 08 00 00 6c  数据 [0, 8, 0, 0, 0, 0, 74, 30, 0, 0, 0, 0, 8, 0, 0]
02:35:05 [总线][调试] ← #11 状态0x00 ff ff 0b 11 00 00 08 00 00 00 00 4a 1e 00 00 00 00 08 00 00 6b  数据 [0, 8, 0, 0, 0, 0, 74, 30, 0, 0, 0, 0, 8, 0, 0]
02:35:05 [总线][调试] ← #12 状态0x00 ff ff 0c 11 00 00 08 00 00 00 00 4a 1e 00 00 00 00 08 00 00 6a  数据 [0, 8, 0, 0, 0, 0, 74, 30, 0, 0, 0, 0, 8, 0, 0]
02:35:05 [总线][调试] ← #13 状态0x00 ff ff 0d 11 00 00 08 00 00 00 00 4a 1e 00 00 00 00 08 00 00 69  数据 [0, 8, 0, 0, 0, 0, 74, 30, 0, 0, 0, 0, 8, 0, 0]
02:35:05 [总线][调试] ← #14 状态0x00 ff ff 0e 11 00 00 08 00 00 00 00 4a 1e 00 00 00 00 08 00 00 68  数据 [0, 8, 0, 0, 0, 0, 74, 30, 0, 0, 0, 0, 8, 0, 0]
02:35:05 [总线][调试] → #254 SYNC_READ ff ff fe 14 82 38 0f c8 14 15 16 17 18 1e 1f 20 21 22 0a 0b 0c 0d 0e 12
02:35:05 [总线][调试] ← #200 状态0x00 ff ff c8 11 00 80 00 8b ff 1a 00 00 00 00 00 63 2c 39 00 00 3a  数据 [128, 0, 139, 255, 26, 0, 0, 0, 0, 0, 99, 44, 57, 0, 0]
02:35:05 [总线][调试] ← #20 状态0x00 ff ff 14 11 00 00 08 00 00 00 00 4a 1e 00 00 00 00 08 00 00 62  数据 [0, 8, 0, 0, 0, 0, 74, 30, 0, 0, 0, 0, 8, 0, 0]
02:35:05 [总线][调试] ← #21 状态0x00 ff ff 15 11 00 00 08 00 00 00 00 4a 1e 00 00 00 00 08 00 00 61  数据 [0, 8, 0, 0, 0, 0, 74, 30, 0, 0, 0, 0, 8, 0, 0]
02:35:05 [总线][调试] ← #22 状态0x00 ff ff 16 11 00 00 08 00 00 00 00 4a 1e 00 00 00 00 08 00 00 60  数据 [0, 8, 0, 0, 0, 0, 74, 30, 0, 0, 0, 0, 8, 0, 0]
02:35:05 [总线][调试] ← #23 状态0x00 ff ff 17 11 00 00 08 00 00 00 00 4a 1e 00 00 00 00 08 00 00 5f  数据 [0, 8, 0, 0, 0, 0, 74, 30, 0, 0, 0, 0, 8, 0, 0]
02:35:05 [总线][调试] ← #24 状态0x00 ff ff 18 11 00 00 08 00 00 00 00 4a 1e 00 00 00 00 08 00 00 5e  数据 [0, 8, 0, 0, 0, 0, 74, 30, 0, 0, 0, 0, 8, 0, 0]
02:35:05 [总线][调试] ← #30 状态0x00 ff ff 1e 11 00 00 08 00 00 00 00 4a 1e 00 00 00 00 08 00 00 58  数据 [0, 8, 0, 0, 0, 0, 74, 30, 0, 0, 0, 0, 8, 0, 0]
02:35:05 [总线][调试] ← #31 状态0x00 ff ff 1f 11 00 00 08 00 00 00 00 4a 1e 00 00 00 00 08 00 00 57  数据 [0, 8, 0, 0, 0, 0, 74, 30, 0, 0, 0, 0, 8, 0, 0]
02:35:05 [总线][调试] ← #32 状态0x00 ff ff 20 11 00 00 08 00 00 00 00 4a 1e 00 00 00 00 08 00 00 56  数据 [0, 8, 0, 0, 0, 0, 74, 30, 0, 0, 0, 0, 8, 0, 0]
02:35:05 [总线][调试] ← #33 状态0x00 ff ff 21 11 00 00 08 00 00 00 00 4a 1e 00 00 00 00 08 00 00 55  数据 [0, 8, 0, 0, 0, 0, 74, 30, 0, 0, 0, 0, 8, 0, 0]
02:35:05 [总线][调试] ← #34 状态0x00 ff ff 22 11 00 00 08 00 00 00 00 4a 1e 00 00 00 00 08 00 00 54  数据 [0, 8, 0, 0, 0, 0, 74, 30, 0, 0, 0, 0, 8, 0, 0]
02:35:05 [总线][调试] ← #10 状态0x00 ff ff 0a 11 00 00 08 00 00 00 00 4a 1e 00 00 00 00 08 00 00 6c  数据 [0, 8, 0, 0, 0, 0, 74, 30, 0, 0, 0, 0, 8, 0, 0]
02:35:05 [总线][调试] ← #11 状态0x00 ff ff 0b 11 00 00 08 00 00 00 00 4a 1e 00 00 00 00 08 00 00 6b  数据 [0, 8, 0, 0, 0, 0, 74, 30, 0, 0, 0, 0, 8, 0, 0]
02:35:05 [总线][调试] ← #12 状态0x00 ff ff 0c 11 00 00 08 00 00 00 00 4a 1e 00 00 00 00 08 00 00 6a  数据 [0, 8, 0, 0, 0, 0, 74, 30, 0, 0, 0, 0, 8, 0, 0]
02:35:05 [总线][调试] ← #13 状态0x00 ff ff 0d 11 00 00 08 00 00 00 00 4a 1e 00 00 00 00 08 00 00 69  数据 [0, 8, 0, 0, 0, 0, 74, 30, 0, 0, 0, 0, 8, 0, 0]
02:35:05 [总线][调试] ← #14 状态0x00 ff ff 0e 11 00 00 08 00 00 00 00 4a 1e 00 00 00 00 08 00 00 68  数据 [0, 8, 0, 0, 0, 0, 74, 30, 0, 0, 0, 0, 8, 0, 0]
02:35:05 [总线][调试] → #254 SYNC_READ ff ff fe 14 82 38 0f c8 14 15 16 17 18 1e 1f 20 21 22 0a 0b 0c 0d 0e 12
02:35:05 [总线][调试] ← #200 状态0x00 ff ff c8 11 00 87 00 8e ff 1d 00 00 00 00 00 87 2c 3b 00 00 07  数据 [135, 0, 142, 255, 29, 0, 0, 0, 0, 0, 135, 44, 59, 0, 0]
02:35:05 [总线][调试] ← #20 状态0x00 ff ff 14 11 00 00 08 00 00 00 00 4a 1e 00 00 00 00 08 00 00 62  数据 [0, 8, 0, 0, 0, 0, 74, 30, 0, 0, 0, 0, 8, 0, 0]
02:35:05 [总线][调试] ← #21 状态0x00 ff ff 15 11 00 00 08 00 00 00 00 4a 1e 00 00 00 00 08 00 00 61  数据 [0, 8, 0, 0, 0, 0, 74, 30, 0, 0, 0, 0, 8, 0, 0]
02:35:05 [总线][调试] ← #22 状态0x00 ff ff 16 11 00 00 08 00 00 00 00 4a 1e 00 00 00 00 08 00 00 60  数据 [0, 8, 0, 0, 0, 0, 74, 30, 0, 0, 0, 0, 8, 0, 0]
02:35:05 [总线][调试] ← #23 状态0x00 ff ff 17 11 00 00 08 00 00 00 00 4a 1e 00 00 00 00 08 00 00 5f  数据 [0, 8, 0, 0, 0, 0, 74, 30, 0, 0, 0, 0, 8, 0, 0]
02:35:05 [总线][调试] ← #24 状态0x00 ff ff 18 11 00 00 08 00 00 00 00 4a 1e 00 00 00 00 08 00 00 5e  数据 [0, 8, 0, 0, 0, 0, 74, 30, 0, 0, 0, 0, 8, 0, 0]
02:35:05 [总线][调试] ← #30 状态0x00 ff ff 1e 11 00 00 08 00 00 00 00 4a 1e 00 00 00 00 08 00 00 58  数据 [0, 8, 0, 0, 0, 0, 74, 30, 0, 0, 0, 0, 8, 0, 0]
02:35:05 [总线][调试] ← #31 状态0x00 ff ff 1f 11 00 00 08 00 00 00 00 4a 1e 00 00 00 00 08 00 00 57  数据 [0, 8, 0, 0, 0, 0, 74, 30, 0, 0, 0, 0, 8, 0, 0]
02:35:05 [总线][调试] ← #32 状态0x00 ff ff 20 11 00 00 08 00 00 00 00 4a 1e 00 00 00 00 08 00 00 56  数据 [0, 8, 0, 0, 0, 0, 74, 30, 0, 0, 0, 0, 8, 0, 0]
02:35:05 [总线][调试] ← #33 状态0x00 ff ff 21 11 00 00 08 00 00 00 00 4a 1e 00 00 00 00 08 00 00 55  数据 [0, 8, 0, 0, 0, 0, 74, 30, 0, 0, 0, 0, 8, 0, 0]
02:35:05 [总线][调试] ← #34 状态0x00 ff ff 22 11 00 00 08 00 00 00 00 4a 1e 00 00 00 00 08 00 00 54  数据 [0, 8, 0, 0, 0, 0, 74, 30, 0, 0, 0, 0, 8, 0, 0]
02:35:05 [总线][调试] ← #10 状态0x00 ff ff 0a 11 00 00 08 00 00 00 00 4a 1e 00 00 00 00 08 00 00 6c  数据 [0, 8, 0, 0, 0, 0, 74, 30, 0, 0, 0, 0, 8, 0, 0]
02:35:05 [总线][调试] ← #11 状态0x00 ff ff 0b 11 00 00 08 00 00 00 00 4a 1e 00 00 00 00 08 00 00 6b  数据 [0, 8, 0, 0, 0, 0, 74, 30, 0, 0, 0, 0, 8, 0, 0]
02:35:05 [总线][调试] ← #12 状态0x00 ff ff 0c 11 00 00 08 00 00 00 00 4a 1e 00 00 00 00 08 00 00 6a  数据 [0, 8, 0, 0, 0, 0, 74, 30, 0, 0, 0, 0, 8, 0, 0]
02:35:05 [总线][调试] ← #13 状态0x00 ff ff 0d 11 00 00 08 00 00 00 00 4a 1e 00 00 00 00 08 00 00 69  数据 [0, 8, 0, 0, 0, 0, 74, 30, 0, 0, 0, 0, 8, 0, 0]
02:35:05 [总线][调试] ← #14 状态0x00 ff ff 0e 11 00 00 08 00 00 00 00 4a 1e 00 00 00 00 08 00 00 68  数据 [0, 8, 0, 0, 0, 0, 74, 30, 0, 0, 0, 0, 8, 0, 0]
02:35:05 [总线][调试] → #254 SYNC_READ ff ff fe 14 82 38 0f c8 14 15 16 17 18 1e 1f 20 21 22 0a 0b 0c 0d 0e 12
02:35:05 [总线][调试] ← #200 状态0x00 ff ff c8 11 00 91 00 91 ff 20 00 00 00 00 00 bd 2c 3e 00 00 be  数据 [145, 0, 145, 255, 32, 0, 0, 0, 0, 0, 189, 44, 62, 0, 0]
02:35:05 [总线][调试] ← #20 状态0x00 ff ff 14 11 00 00 08 00 00 00 00 4a 1e 00 00 00 00 08 00 00 62  数据 [0, 8, 0, 0, 0, 0, 74, 30, 0, 0, 0, 0, 8, 0, 0]
02:35:05 [总线][调试] ← #21 状态0x00 ff ff 15 11 00 00 08 00 00 00 00 4a 1e 00 00 00 00 08 00 00 61  数据 [0, 8, 0, 0, 0, 0, 74, 30, 0, 0, 0, 0, 8, 0, 0]
02:35:05 [总线][调试] ← #22 状态0x00 ff ff 16 11 00 00 08 00 00 00 00 4a 1e 00 00 00 00 08 00 00 60  数据 [0, 8, 0, 0, 0, 0, 74, 30, 0, 0, 0, 0, 8, 0, 0]
02:35:05 [总线][调试] ← #23 状态0x00 ff ff 17 11 00 00 08 00 00 00 00 4a 1e 00 00 00 00 08 00 00 5f  数据 [0, 8, 0, 0, 0, 0, 74, 30, 0, 0, 0, 0, 8, 0, 0]
02:35:05 [总线][调试] ← #24 状态0x00 ff ff 18 11 00 00 08 00 00 00 00 4a 1e 00 00 00 00 08 00 00 5e  数据 [0, 8, 0, 0, 0, 0, 74, 30, 0, 0, 0, 0, 8, 0, 0]
02:35:05 [总线][调试] ← #30 状态0x00 ff ff 1e 11 00 00 08 00 00 00 00 4a 1e 00 00 00 00 08 00 00 58  数据 [0, 8, 0, 0, 0, 0, 74, 30, 0, 0, 0, 0, 8, 0, 0]
02:35:05 [总线][调试] ← #31 状态0x00 ff ff 1f 11 00 00 08 00 00 00 00 4a 1e 00 00 00 00 08 00 00 57  数据 [0, 8, 0, 0, 0, 0, 74, 30, 0, 0, 0, 0, 8, 0, 0]
02:35:05 [总线][调试] ← #32 状态0x00 ff ff 20 11 00 00 08 00 00 00 00 4a 1e 00 00 00 00 08 00 00 56  数据 [0, 8, 0, 0, 0, 0, 74, 30, 0, 0, 0, 0, 8, 0, 0]
02:35:05 [总线][调试] ← #33 状态0x00 ff ff 21 11 00 00 08 00 00 00 00 4a 1e 00 00 00 00 08 00 00 55  数据 [0, 8, 0, 0, 0, 0, 74, 30, 0, 0, 0, 0, 8, 0, 0]
02:35:05 [总线][调试] ← #34 状态0x00 ff ff 22 11 00 00 08 00 00 00 00 4a 1e 00 00 00 00 08 00 00 54  数据 [0, 8, 0, 0, 0, 0, 74, 30, 0, 0, 0, 0, 8, 0, 0]
02:35:05 [总线][调试] ← #10 状态0x00 ff ff 0a 11 00 00 08 00 00 00 00 4a 1e 00 00 00 00 08 00 00 6c  数据 [0, 8, 0, 0, 0, 0, 74, 30, 0, 0, 0, 0, 8, 0, 0]
02:35:05 [总线][调试] ← #11 状态0x00 ff ff 0b 11 00 00 08 00 00 00 00 4a 1e 00 00 00 00 08 00 00 6b  数据 [0, 8, 0, 0, 0, 0, 74, 30, 0, 0, 0, 0, 8, 0, 0]
02:35:05 [总线][调试] ← #12 状态0x00 ff ff 0c 11 00 00 08 00 00 00 00 4a 1e 00 00 00 00 08 00 00 6a  数据 [0, 8, 0, 0, 0, 0, 74, 30, 0, 0, 0, 0, 8, 0, 0]
02:35:05 [总线][调试] ← #13 状态0x00 ff ff 0d 11 00 00 08 00 00 00 00 4a 1e 00 00 00 00 08 00 00 69  数据 [0, 8, 0, 0, 0, 0, 74, 30, 0, 0, 0, 0, 8, 0, 0]
02:35:05 [总线][调试] ← #14 状态0x00 ff ff 0e 11 00 00 08 00 00 00 00 4a 1e 00 00 00 00 08 00 00 68  数据 [0, 8, 0, 0, 0, 0, 74, 30, 0, 0, 0, 0, 8, 0, 0]
02:35:06 [总线][调试] → #254 SYNC_READ ff ff fe 14 82 38 0f c8 14 15 16 17 18 1e 1f 20 21 22 0a 0b 0c 0d 0e 12
02:35:06 [总线][调试] ← #200 状态0x00 ff ff c8 11 00 8f 00 8b ff 1a 00 00 00 00 00 e0 2c 40 00 00 a7  数据 [143, 0, 139, 255, 26, 0, 0, 0, 0, 0, 224, 44, 64, 0, 0]
02:35:06 [总线][调试] ← #20 状态0x00 ff ff 14 11 00 00 08 00 00 00 00 4a 1e 00 00 00 00 08 00 00 62  数据 [0, 8, 0, 0, 0, 0, 74, 30, 0, 0, 0, 0, 8, 0, 0]
02:35:06 [总线][调试] ← #21 状态0x00 ff ff 15 11 00 00 08 00 00 00 00 4a 1e 00 00 00 00 08 00 00 61  数据 [0, 8, 0, 0, 0, 0, 74, 30, 0, 0, 0, 0, 8, 0, 0]
02:35:06 [总线][调试] ← #22 状态0x00 ff ff 16 11 00 00 08 00 00 00 00 4a 1e 00 00 00 00 08 00 00 60  数据 [0, 8, 0, 0, 0, 0, 74, 30, 0, 0, 0, 0, 8, 0, 0]
02:35:06 [总线][调试] ← #23 状态0x00 ff ff 17 11 00 00 08 00 00 00 00 4a 1e 00 00 00 00 08 00 00 5f  数据 [0, 8, 0, 0, 0, 0, 74, 30, 0, 0, 0, 0, 8, 0, 0]
02:35:06 [总线][调试] ← #24 状态0x00 ff ff 18 11 00 00 08 00 00 00 00 4a 1e 00 00 00 00 08 00 00 5e  数据 [0, 8, 0, 0, 0, 0, 74, 30, 0, 0, 0, 0, 8, 0, 0]
02:35:06 [总线][调试] ← #30 状态0x00 ff ff 1e 11 00 00 08 00 00 00 00 4a 1e 00 00 00 00 08 00 00 58  数据 [0, 8, 0, 0, 0, 0, 74, 30, 0, 0, 0, 0, 8, 0, 0]
02:35:06 [总线][调试] ← #31 状态0x00 ff ff 1f 11 00 00 08 00 00 00 00 4a 1e 00 00 00 00 08 00 00 57  数据 [0, 8, 0, 0, 0, 0, 74, 30, 0, 0, 0, 0, 8, 0, 0]
02:35:06 [总线][调试] ← #32 状态0x00 ff ff 20 11 00 00 08 00 00 00 00 4a 1e 00 00 00 00 08 00 00 56  数据 [0, 8, 0, 0, 0, 0, 74, 30, 0, 0, 0, 0, 8, 0, 0]
02:35:06 [总线][调试] ← #33 状态0x00 ff ff 21 11 00 00 08 00 00 00 00 4a 1e 00 00 00 00 08 00 00 55  数据 [0, 8, 0, 0, 0, 0, 74, 30, 0, 0, 0, 0, 8, 0, 0]
02:35:06 [总线][调试] ← #34 状态0x00 ff ff 22 11 00 00 08 00 00 00 00 4a 1e 00 00 00 00 08 00 00 54  数据 [0, 8, 0, 0, 0, 0, 74, 30, 0, 0, 0, 0, 8, 0, 0]
02:35:06 [总线][调试] ← #10 状态0x00 ff ff 0a 11 00 00 08 00 00 00 00 4a 1e 00 00 00 00 08 00 00 6c  数据 [0, 8, 0, 0, 0, 0, 74, 30, 0, 0, 0, 0, 8, 0, 0]
02:35:06 [总线][调试] ← #11 状态0x00 ff ff 0b 11 00 00 08 00 00 00 00 4a 1e 00 00 00 00 08 00 00 6b  数据 [0, 8, 0, 0, 0, 0, 74, 30, 0, 0, 0, 0, 8, 0, 0]
02:35:06 [总线][调试] ← #12 状态0x00 ff ff 0c 11 00 00 08 00 00 00 00 4a 1e 00 00 00 00 08 00 00 6a  数据 [0, 8, 0, 0, 0, 0, 74, 30, 0, 0, 0, 0, 8, 0, 0]
02:35:06 [总线][调试] ← #13 状态0x00 ff ff 0d 11 00 00 08 00 00 00 00 4a 1e 00 00 00 00 08 00 00 69  数据 [0, 8, 0, 0, 0, 0, 74, 30, 0, 0, 0, 0, 8, 0, 0]
02:35:06 [总线][调试] ← #14 状态0x00 ff ff 0e 11 00 00 08 00 00 00 00 4a 1e 00 00 00 00 08 00 00 68  数据 [0, 8, 0, 0, 0, 0, 74, 30, 0, 0, 0, 0, 8, 0, 0]
02:35:06 [总线][调试] → #254 SYNC_READ ff ff fe 14 82 38 0f c8 14 15 16 17 18 1e 1f 20 21 22 0a 0b 0c 0d 0e 12
02:35:06 [总线][调试] ← #200 状态0x00 ff ff c8 11 00 99 00 8f ff 1e 00 00 00 00 00 15 2d 43 00 00 5c  数据 [153, 0, 143, 255, 30, 0, 0, 0, 0, 0, 21, 45, 67, 0, 0]
02:35:06 [总线][调试] ← #20 状态0x00 ff ff 14 11 00 00 08 00 00 00 00 4a 1e 00 00 00 00 08 00 00 62  数据 [0, 8, 0, 0, 0, 0, 74, 30, 0, 0, 0, 0, 8, 0, 0]
02:35:06 [总线][调试] ← #21 状态0x00 ff ff 15 11 00 00 08 00 00 00 00 4a 1e 00 00 00 00 08 00 00 61  数据 [0, 8, 0, 0, 0, 0, 74, 30, 0, 0, 0, 0, 8, 0, 0]
02:35:06 [总线][调试] ← #22 状态0x00 ff ff 16 11 00 00 08 00 00 00 00 4a 1e 00 00 00 00 08 00 00 60  数据 [0, 8, 0, 0, 0, 0, 74, 30, 0, 0, 0, 0, 8, 0, 0]
02:35:06 [总线][调试] ← #23 状态0x00 ff ff 17 11 00 00 08 00 00 00 00 4a 1e 00 00 00 00 08 00 00 5f  数据 [0, 8, 0, 0, 0, 0, 74, 30, 0, 0, 0, 0, 8, 0, 0]
02:35:06 [总线][调试] ← #24 状态0x00 ff ff 18 11 00 00 08 00 00 00 00 4a 1e 00 00 00 00 08 00 00 5e  数据 [0, 8, 0, 0, 0, 0, 74, 30, 0, 0, 0, 0, 8, 0, 0]
02:35:06 [总线][调试] ← #30 状态0x00 ff ff 1e 11 00 00 08 00 00 00 00 4a 1e 00 00 00 00 08 00 00 58  数据 [0, 8, 0, 0, 0, 0, 74, 30, 0, 0, 0, 0, 8, 0, 0]
02:35:06 [总线][调试] ← #31 状态0x00 ff ff 1f 11 00 00 08 00 00 00 00 4a 1e 00 00 00 00 08 00 00 57  数据 [0, 8, 0, 0, 0, 0, 74, 30, 0, 0, 0, 0, 8, 0, 0]
02:35:06 [总线][调试] ← #32 状态0x00 ff ff 20 11 00 00 08 00 00 00 00 4a 1e 00 00 00 00 08 00 00 56  数据 [0, 8, 0, 0, 0, 0, 74, 30, 0, 0, 0, 0, 8, 0, 0]
02:35:06 [总线][调试] ← #33 状态0x00 ff ff 21 11 00 00 08 00 00 00 00 4a 1e 00 00 00 00 08 00 00 55  数据 [0, 8, 0, 0, 0, 0, 74, 30, 0, 0, 0, 0, 8, 0, 0]
02:35:06 [总线][调试] ← #34 状态0x00 ff ff 22 11 00 00 08 00 00 00 00 4a 1e 00 00 00 00 08 00 00 54  数据 [0, 8, 0, 0, 0, 0, 74, 30, 0, 0, 0, 0, 8, 0, 0]
02:35:06 [总线][调试] ← #10 状态0x00 ff ff 0a 11 00 00 08 00 00 00 00 4a 1e 00 00 00 00 08 00 00 6c  数据 [0, 8, 0, 0, 0, 0, 74, 30, 0, 0, 0, 0, 8, 0, 0]
02:35:06 [总线][调试] ← #11 状态0x00 ff ff 0b 11 00 00 08 00 00 00 00 4a 1e 00 00 00 00 08 00 00 6b  数据 [0, 8, 0, 0, 0, 0, 74, 30, 0, 0, 0, 0, 8, 0, 0]
02:35:06 [总线][调试] ← #12 状态0x00 ff ff 0c 11 00 00 08 00 00 00 00 4a 1e 00 00 00 00 08 00 00 6a  数据 [0, 8, 0, 0, 0, 0, 74, 30, 0, 0, 0, 0, 8, 0, 0]
02:35:06 [总线][调试] ← #13 状态0x00 ff ff 0d 11 00 00 08 00 00 00 00 4a 1e 00 00 00 00 08 00 00 69  数据 [0, 8, 0, 0, 0, 0, 74, 30, 0, 0, 0, 0, 8, 0, 0]
02:35:06 [总线][调试] ← #14 状态0x00 ff ff 0e 11 00 00 08 00 00 00 00 4a 1e 00 00 00 00 08 00 00 68  数据 [0, 8, 0, 0, 0, 0, 74, 30, 0, 0, 0, 0, 8, 0, 0]
02:35:06 [总线][调试] → #254 SYNC_READ ff ff fe 14 82 38 0f c8 14 15 16 17 18 1e 1f 20 21 22 0a 0b 0c 0d 0e 12
02:35:06 [总线][调试] ← #200 状态0x00 ff ff c8 11 00 9f 00 91 ff 20 00 00 00 00 00 37 2d 45 00 00 2e  数据 [159, 0, 145, 255, 32, 0, 0, 0, 0, 0, 55, 45, 69, 0, 0]
02:35:06 [总线][调试] ← #20 状态0x00 ff ff 14 11 00 00 08 00 00 00 00 4a 1e 00 00 00 00 08 00 00 62  数据 [0, 8, 0, 0, 0, 0, 74, 30, 0, 0, 0, 0, 8, 0, 0]
02:35:06 [总线][调试] ← #21 状态0x00 ff ff 15 11 00 00 08 00 00 00 00 4a 1e 00 00 00 00 08 00 00 61  数据 [0, 8, 0, 0, 0, 0, 74, 30, 0, 0, 0, 0, 8, 0, 0]
02:35:06 [总线][调试] ← #22 状态0x00 ff ff 16 11 00 00 08 00 00 00 00 4a 1e 00 00 00 00 08 00 00 60  数据 [0, 8, 0, 0, 0, 0, 74, 30, 0, 0, 0, 0, 8, 0, 0]
02:35:06 [总线][调试] ← #23 状态0x00 ff ff 17 11 00 00 08 00 00 00 00 4a 1e 00 00 00 00 08 00 00 5f  数据 [0, 8, 0, 0, 0, 0, 74, 30, 0, 0, 0, 0, 8, 0, 0]
02:35:06 [总线][调试] ← #24 状态0x00 ff ff 18 11 00 00 08 00 00 00 00 4a 1e 00 00 00 00 08 00 00 5e  数据 [0, 8, 0, 0, 0, 0, 74, 30, 0, 0, 0, 0, 8, 0, 0]
02:35:06 [总线][调试] ← #30 状态0x00 ff ff 1e 11 00 00 08 00 00 00 00 4a 1e 00 00 00 00 08 00 00 58  数据 [0, 8, 0, 0, 0, 0, 74, 30, 0, 0, 0, 0, 8, 0, 0]
02:35:06 [总线][调试] ← #31 状态0x00 ff ff 1f 11 00 00 08 00 00 00 00 4a 1e 00 00 00 00 08 00 00 57  数据 [0, 8, 0, 0, 0, 0, 74, 30, 0, 0, 0, 0, 8, 0, 0]
02:35:06 [总线][调试] ← #32 状态0x00 ff ff 20 11 00 00 08 00 00 00 00 4a 1e 00 00 00 00 08 00 00 56  数据 [0, 8, 0, 0, 0, 0, 74, 30, 0, 0, 0, 0, 8, 0, 0]
02:35:06 [总线][调试] ← #33 状态0x00 ff ff 21 11 00 00 08 00 00 00 00 4a 1e 00 00 00 00 08 00 00 55  数据 [0, 8, 0, 0, 0, 0, 74, 30, 0, 0, 0, 0, 8, 0, 0]
02:35:06 [总线][调试] ← #34 状态0x00 ff ff 22 11 00 00 08 00 00 00 00 4a 1e 00 00 00 00 08 00 00 54  数据 [0, 8, 0, 0, 0, 0, 74, 30, 0, 0, 0, 0, 8, 0, 0]
02:35:06 [总线][调试] ← #10 状态0x00 ff ff 0a 11 00 00 08 00 00 00 00 4a 1e 00 00 00 00 08 00 00 6c  数据 [0, 8, 0, 0, 0, 0, 74, 30, 0, 0, 0, 0, 8, 0, 0]
02:35:06 [总线][调试] ← #11 状态0x00 ff ff 0b 11 00 00 08 00 00 00 00 4a 1e 00 00 00 00 08 00 00 6b  数据 [0, 8, 0, 0, 0, 0, 74, 30, 0, 0, 0, 0, 8, 0, 0]
02:35:06 [总线][调试] ← #12 状态0x00 ff ff 0c 11 00 00 08 00 00 00 00 4a 1e 00 00 00 00 08 00 00 6a  数据 [0, 8, 0, 0, 0, 0, 74, 30, 0, 0, 0, 0, 8, 0, 0]
02:35:06 [总线][调试] ← #13 状态0x00 ff ff 0d 11 00 00 08 00 00 00 00 4a 1e 00 00 00 00 08 00 00 69  数据 [0, 8, 0, 0, 0, 0, 74, 30, 0, 0, 0, 0, 8, 0, 0]
02:35:06 [总线][调试] ← #14 状态0x00 ff ff 0e 11 00 00 08 00 00 00 00 4a 1e 00 00 00 00 08 00 00 68  数据 [0, 8, 0, 0, 0, 0, 74, 30, 0, 0, 0, 0, 8, 0, 0]
02:35:06 [总线][调试] → #254 SYNC_READ ff ff fe 14 82 38 0f c8 14 15 16 17 18 1e 1f 20 21 22 0a 0b 0c 0d 0e 12
02:35:06 [总线][调试] ← #200 状态0x00 ff ff c8 11 00 a0 00 8d ff 1b 00 00 00 00 00 6a 2d 48 00 00 00  数据 [160, 0, 141, 255, 27, 0, 0, 0, 0, 0, 106, 45, 72, 0, 0]
02:35:06 [总线][调试] ← #20 状态0x00 ff ff 14 11 00 00 08 00 00 00 00 4a 1e 00 00 00 00 08 00 00 62  数据 [0, 8, 0, 0, 0, 0, 74, 30, 0, 0, 0, 0, 8, 0, 0]
02:35:06 [总线][调试] ← #21 状态0x00 ff ff 15 11 00 00 08 00 00 00 00 4a 1e 00 00 00 00 08 00 00 61  数据 [0, 8, 0, 0, 0, 0, 74, 30, 0, 0, 0, 0, 8, 0, 0]
02:35:06 [总线][调试] ← #22 状态0x00 ff ff 16 11 00 00 08 00 00 00 00 4a 1e 00 00 00 00 08 00 00 60  数据 [0, 8, 0, 0, 0, 0, 74, 30, 0, 0, 0, 0, 8, 0, 0]
02:35:06 [总线][调试] ← #23 状态0x00 ff ff 17 11 00 00 08 00 00 00 00 4a 1e 00 00 00 00 08 00 00 5f  数据 [0, 8, 0, 0, 0, 0, 74, 30, 0, 0, 0, 0, 8, 0, 0]
02:35:06 [总线][调试] ← #24 状态0x00 ff ff 18 11 00 00 08 00 00 00 00 4a 1e 00 00 00 00 08 00 00 5e  数据 [0, 8, 0, 0, 0, 0, 74, 30, 0, 0, 0, 0, 8, 0, 0]
02:35:06 [总线][调试] ← #30 状态0x00 ff ff 1e 11 00 00 08 00 00 00 00 4a 1e 00 00 00 00 08 00 00 58  数据 [0, 8, 0, 0, 0, 0, 74, 30, 0, 0, 0, 0, 8, 0, 0]
02:35:06 [总线][调试] ← #31 状态0x00 ff ff 1f 11 00 00 08 00 00 00 00 4a 1e 00 00 00 00 08 00 00 57  数据 [0, 8, 0, 0, 0, 0, 74, 30, 0, 0, 0, 0, 8, 0, 0]
02:35:06 [总线][调试] ← #32 状态0x00 ff ff 20 11 00 00 08 00 00 00 00 4a 1e 00 00 00 00 08 00 00 56  数据 [0, 8, 0, 0, 0, 0, 74, 30, 0, 0, 0, 0, 8, 0, 0]
02:35:06 [总线][调试] ← #33 状态0x00 ff ff 21 11 00 00 08 00 00 00 00 4a 1e 00 00 00 00 08 00 00 55  数据 [0, 8, 0, 0, 0, 0, 74, 30, 0, 0, 0, 0, 8, 0, 0]
02:35:06 [总线][调试] ← #34 状态0x00 ff ff 22 11 00 00 08 00 00 00 00 4a 1e 00 00 00 00 08 00 00 54  数据 [0, 8, 0, 0, 0, 0, 74, 30, 0, 0, 0, 0, 8, 0, 0]
02:35:06 [总线][调试] ← #10 状态0x00 ff ff 0a 11 00 00 08 00 00 00 00 4a 1e 00 00 00 00 08 00 00 6c  数据 [0, 8, 0, 0, 0, 0, 74, 30, 0, 0, 0, 0, 8, 0, 0]
02:35:06 [总线][调试] ← #11 状态0x00 ff ff 0b 11 00 00 08 00 00 00 00 4a 1e 00 00 00 00 08 00 00 6b  数据 [0, 8, 0, 0, 0, 0, 74, 30, 0, 0, 0, 0, 8, 0, 0]
02:35:06 [总线][调试] ← #12 状态0x00 ff ff 0c 11 00 00 08 00 00 00 00 4a 1e 00 00 00 00 08 00 00 6a  数据 [0, 8, 0, 0, 0, 0, 74, 30, 0, 0, 0, 0, 8, 0, 0]
02:35:06 [总线][调试] ← #13 状态0x00 ff ff 0d 11 00 00 08 00 00 00 00 4a 1e 00 00 00 00 08 00 00 69  数据 [0, 8, 0, 0, 0, 0, 74, 30, 0, 0, 0, 0, 8, 0, 0]
02:35:06 [总线][调试] ← #14 状态0x00 ff ff 0e 11 00 00 08 00 00 00 00 4a 1e 00 00 00 00 08 00 00 68  数据 [0, 8, 0, 0, 0, 0, 74, 30, 0, 0, 0, 0, 8, 0, 0]
02:35:06 [总线][调试] → #254 SYNC_READ ff ff fe 14 82 38 0f c8 14 15 16 17 18 1e 1f 20 21 22 0a 0b 0c 0d 0e 12
02:35:06 [总线][调试] ← #200 状态0x00 ff ff c8 11 00 a6 00 8f ff 1e 00 00 00 00 00 8b 2d 4a 00 00 d2  数据 [166, 0, 143, 255, 30, 0, 0, 0, 0, 0, 139, 45, 74, 0, 0]
02:35:06 [总线][调试] ← #20 状态0x00 ff ff 14 11 00 00 08 00 00 00 00 4a 1e 00 00 00 00 08 00 00 62  数据 [0, 8, 0, 0, 0, 0, 74, 30, 0, 0, 0, 0, 8, 0, 0]
02:35:06 [总线][调试] ← #21 状态0x00 ff ff 15 11 00 00 08 00 00 00 00 4a 1e 00 00 00 00 08 00 00 61  数据 [0, 8, 0, 0, 0, 0, 74, 30, 0, 0, 0, 0, 8, 0, 0]
02:35:06 [总线][调试] ← #22 状态0x00 ff ff 16 11 00 00 08 00 00 00 00 4a 1e 00 00 00 00 08 00 00 60  数据 [0, 8, 0, 0, 0, 0, 74, 30, 0, 0, 0, 0, 8, 0, 0]
02:35:06 [总线][调试] ← #23 状态0x00 ff ff 17 11 00 00 08 00 00 00 00 4a 1e 00 00 00 00 08 00 00 5f  数据 [0, 8, 0, 0, 0, 0, 74, 30, 0, 0, 0, 0, 8, 0, 0]
02:35:06 [总线][调试] ← #24 状态0x00 ff ff 18 11 00 00 08 00 00 00 00 4a 1e 00 00 00 00 08 00 00 5e  数据 [0, 8, 0, 0, 0, 0, 74, 30, 0, 0, 0, 0, 8, 0, 0]
02:35:06 [总线][调试] ← #30 状态0x00 ff ff 1e 11 00 00 08 00 00 00 00 4a 1e 00 00 00 00 08 00 00 58  数据 [0, 8, 0, 0, 0, 0, 74, 30, 0, 0, 0, 0, 8, 0, 0]
02:35:06 [总线][调试] ← #31 状态0x00 ff ff 1f 11 00 00 08 00 00 00 00 4a 1e 00 00 00 00 08 00 00 57  数据 [0, 8, 0, 0, 0, 0, 74, 30, 0, 0, 0, 0, 8, 0, 0]
02:35:06 [总线][调试] ← #32 状态0x00 ff ff 20 11 00 00 08 00 00 00 00 4a 1e 00 00 00 00 08 00 00 56  数据 [0, 8, 0, 0, 0, 0, 74, 30, 0, 0, 0, 0, 8, 0, 0]
02:35:06 [总线][调试] ← #33 状态0x00 ff ff 21 11 00 00 08 00 00 00 00 4a 1e 00 00 00 00 08 00 00 55  数据 [0, 8, 0, 0, 0, 0, 74, 30, 0, 0, 0, 0, 8, 0, 0]
02:35:06 [总线][调试] ← #34 状态0x00 ff ff 22 11 00 00 08 00 00 00 00 4a 1e 00 00 00 00 08 00 00 54  数据 [0, 8, 0, 0, 0, 0, 74, 30, 0, 0, 0, 0, 8, 0, 0]
02:35:06 [总线][调试] ← #10 状态0x00 ff ff 0a 11 00 00 08 00 00 00 00 4a 1e 00 00 00 00 08 00 00 6c  数据 [0, 8, 0, 0, 0, 0, 74, 30, 0, 0, 0, 0, 8, 0, 0]
02:35:06 [总线][调试] ← #11 状态0x00 ff ff 0b 11 00 00 08 00 00 00 00 4a 1e 00 00 00 00 08 00 00 6b  数据 [0, 8, 0, 0, 0, 0, 74, 30, 0, 0, 0, 0, 8, 0, 0]
02:35:06 [总线][调试] ← #12 状态0x00 ff ff 0c 11 00 00 08 00 00 00 00 4a 1e 00 00 00 00 08 00 00 6a  数据 [0, 8, 0, 0, 0, 0, 74, 30, 0, 0, 0, 0, 8, 0, 0]
02:35:06 [总线][调试] ← #13 状态0x00 ff ff 0d 11 00 00 08 00 00 00 00 4a 1e 00 00 00 00 08 00 00 69  数据 [0, 8, 0, 0, 0, 0, 74, 30, 0, 0, 0, 0, 8, 0, 0]
02:35:06 [总线][调试] ← #14 状态0x00 ff ff 0e 11 00 00 08 00 00 00 00 4a 1e 00 00 00 00 08 00 00 68  数据 [0, 8, 0, 0, 0, 0, 74, 30, 0, 0, 0, 0, 8, 0, 0]
02:35:06 [总线][调试] → #254 SYNC_READ ff ff fe 14 82 38 0f c8 14 15 16 17 18 1e 1f 20 21 22 0a 0b 0c 0d 0e 12
02:35:06 [总线][调试] ← #200 状态0x00 ff ff c8 11 00 a8 00 8a ff 19 00 00 00 00 00 bd 2d 4d 00 00 a5  数据 [168, 0, 138, 255, 25, 0, 0, 0, 0, 0, 189, 45, 77, 0, 0]
02:35:06 [总线][调试] ← #20 状态0x00 ff ff 14 11 00 00 08 00 00 00 00 4a 1e 00 00 00 00 08 00 00 62  数据 [0, 8, 0, 0, 0, 0, 74, 30, 0, 0, 0, 0, 8, 0, 0]
02:35:06 [总线][调试] ← #21 状态0x00 ff ff 15 11 00 00 08 00 00 00 00 4a 1e 00 00 00 00 08 00 00 61  数据 [0, 8, 0, 0, 0, 0, 74, 30, 0, 0, 0, 0, 8, 0, 0]
02:35:06 [总线][调试] ← #22 状态0x00 ff ff 16 11 00 00 08 00 00 00 00 4a 1e 00 00 00 00 08 00 00 60  数据 [0, 8, 0, 0, 0, 0, 74, 30, 0, 0, 0, 0, 8, 0, 0]
02:35:06 [总线][调试] ← #23 状态0x00 ff ff 17 11 00 00 08 00 00 00 00 4a 1e 00 00 00 00 08 00 00 5f  数据 [0, 8, 0, 0, 0, 0, 74, 30, 0, 0, 0, 0, 8, 0, 0]
02:35:06 [总线][调试] ← #24 状态0x00 ff ff 18 11 00 00 08 00 00 00 00 4a 1e 00 00 00 00 08 00 00 5e  数据 [0, 8, 0, 0, 0, 0, 74, 30, 0, 0, 0, 0, 8, 0, 0]
02:35:06 [总线][调试] ← #30 状态0x00 ff ff 1e 11 00 00 08 00 00 00 00 4a 1e 00 00 00 00 08 00 00 58  数据 [0, 8, 0, 0, 0, 0, 74, 30, 0, 0, 0, 0, 8, 0, 0]
02:35:06 [总线][调试] ← #31 状态0x00 ff ff 1f 11 00 00 08 00 00 00 00 4a 1e 00 00 00 00 08 00 00 57  数据 [0, 8, 0, 0, 0, 0, 74, 30, 0, 0, 0, 0, 8, 0, 0]
02:35:06 [总线][调试] ← #32 状态0x00 ff ff 20 11 00 00 08 00 00 00 00 4a 1e 00 00 00 00 08 00 00 56  数据 [0, 8, 0, 0, 0, 0, 74, 30, 0, 0, 0, 0, 8, 0, 0]
02:35:06 [总线][调试] ← #33 状态0x00 ff ff 21 11 00 00 08 00 00 00 00 4a 1e 00 00 00 00 08 00 00 55  数据 [0, 8, 0, 0, 0, 0, 74, 30, 0, 0, 0, 0, 8, 0, 0]
02:35:06 [总线][调试] ← #34 状态0x00 ff ff 22 11 00 00 08 00 00 00 00 4a 1e 00 00 00 00 08 00 00 54  数据 [0, 8, 0, 0, 0, 0, 74, 30, 0, 0, 0, 0, 8, 0, 0]
02:35:06 [总线][调试] ← #10 状态0x00 ff ff 0a 11 00 00 08 00 00 00 00 4a 1e 00 00 00 00 08 00 00 6c  数据 [0, 8, 0, 0, 0, 0, 74, 30, 0, 0, 0, 0, 8, 0, 0]
02:35:06 [总线][调试] ← #11 状态0x00 ff ff 0b 11 00 00 08 00 00 00 00 4a 1e 00 00 00 00 08 00 00 6b  数据 [0, 8, 0, 0, 0, 0, 74, 30, 0, 0, 0, 0, 8, 0, 0]
02:35:06 [总线][调试] ← #12 状态0x00 ff ff 0c 11 00 00 08 00 00 00 00 4a 1e 00 00 00 00 08 00 00 6a  数据 [0, 8, 0, 0, 0, 0, 74, 30, 0, 0, 0, 0, 8, 0, 0]
02:35:06 [总线][调试] ← #13 状态0x00 ff ff 0d 11 00 00 08 00 00 00 00 4a 1e 00 00 00 00 08 00 00 69  数据 [0, 8, 0, 0, 0, 0, 74, 30, 0, 0, 0, 0, 8, 0, 0]
02:35:06 [总线][调试] ← #14 状态0x00 ff ff 0e 11 00 00 08 00 00 00 00 4a 1e 00 00 00 00 08 00 00 68  数据 [0, 8, 0, 0, 0, 0, 74, 30, 0, 0, 0, 0, 8, 0, 0]
02:35:06 [总线][调试] → #254 SYNC_READ ff ff fe 14 82 38 0f c8 14 15 16 17 18 1e 1f 20 21 22 0a 0b 0c 0d 0e 12
02:35:06 [总线][调试] ← #200 状态0x00 ff ff c8 11 00 ae 00 8d ff 1b 00 00 00 00 00 dd 2d 4f 00 00 78  数据 [174, 0, 141, 255, 27, 0, 0, 0, 0, 0, 221, 45, 79, 0, 0]
02:35:06 [总线][调试] ← #20 状态0x00 ff ff 14 11 00 00 08 00 00 00 00 4a 1e 00 00 00 00 08 00 00 62  数据 [0, 8, 0, 0, 0, 0, 74, 30, 0, 0, 0, 0, 8, 0, 0]
02:35:06 [总线][调试] ← #21 状态0x00 ff ff 15 11 00 00 08 00 00 00 00 4a 1e 00 00 00 00 08 00 00 61  数据 [0, 8, 0, 0, 0, 0, 74, 30, 0, 0, 0, 0, 8, 0, 0]
02:35:06 [总线][调试] ← #22 状态0x00 ff ff 16 11 00 00 08 00 00 00 00 4a 1e 00 00 00 00 08 00 00 60  数据 [0, 8, 0, 0, 0, 0, 74, 30, 0, 0, 0, 0, 8, 0, 0]
02:35:06 [总线][调试] ← #23 状态0x00 ff ff 17 11 00 00 08 00 00 00 00 4a 1e 00 00 00 00 08 00 00 5f  数据 [0, 8, 0, 0, 0, 0, 74, 30, 0, 0, 0, 0, 8, 0, 0]
02:35:06 [总线][调试] ← #24 状态0x00 ff ff 18 11 00 00 08 00 00 00 00 4a 1e 00 00 00 00 08 00 00 5e  数据 [0, 8, 0, 0, 0, 0, 74, 30, 0, 0, 0, 0, 8, 0, 0]
02:35:06 [总线][调试] ← #30 状态0x00 ff ff 1e 11 00 00 08 00 00 00 00 4a 1e 00 00 00 00 08 00 00 58  数据 [0, 8, 0, 0, 0, 0, 74, 30, 0, 0, 0, 0, 8, 0, 0]
02:35:06 [总线][调试] ← #31 状态0x00 ff ff 1f 11 00 00 08 00 00 00 00 4a 1e 00 00 00 00 08 00 00 57  数据 [0, 8, 0, 0, 0, 0, 74, 30, 0, 0, 0, 0, 8, 0, 0]
02:35:06 [总线][调试] ← #32 状态0x00 ff ff 20 11 00 00 08 00 00 00 00 4a 1e 00 00 00 00 08 00 00 56  数据 [0, 8, 0, 0, 0, 0, 74, 30, 0, 0, 0, 0, 8, 0, 0]
02:35:06 [总线][调试] ← #33 状态0x00 ff ff 21 11 00 00 08 00 00 00 00 4a 1e 00 00 00 00 08 00 00 55  数据 [0, 8, 0, 0, 0, 0, 74, 30, 0, 0, 0, 0, 8, 0, 0]
02:35:06 [总线][调试] ← #34 状态0x00 ff ff 22 11 00 00 08 00 00 00 00 4a 1e 00 00 00 00 08 00 00 54  数据 [0, 8, 0, 0, 0, 0, 74, 30, 0, 0, 0, 0, 8, 0, 0]
02:35:06 [总线][调试] ← #10 状态0x00 ff ff 0a 11 00 00 08 00 00 00 00 4a 1e 00 00 00 00 08 00 00 6c  数据 [0, 8, 0, 0, 0, 0, 74, 30, 0, 0, 0, 0, 8, 0, 0]
02:35:06 [总线][调试] ← #11 状态0x00 ff ff 0b 11 00 00 08 00 00 00 00 4a 1e 00 00 00 00 08 00 00 6b  数据 [0, 8, 0, 0, 0, 0, 74, 30, 0, 0, 0, 0, 8, 0, 0]
02:35:06 [总线][调试] ← #12 状态0x00 ff ff 0c 11 00 00 08 00 00 00 00 4a 1e 00 00 00 00 08 00 00 6a  数据 [0, 8, 0, 0, 0, 0, 74, 30, 0, 0, 0, 0, 8, 0, 0]
02:35:06 [总线][调试] ← #13 状态0x00 ff ff 0d 11 00 00 08 00 00 00 00 4a 1e 00 00 00 00 08 00 00 69  数据 [0, 8, 0, 0, 0, 0, 74, 30, 0, 0, 0, 0, 8, 0, 0]
02:35:06 [总线][调试] ← #14 状态0x00 ff ff 0e 11 00 00 08 00 00 00 00 4a 1e 00 00 00 00 08 00 00 68  数据 [0, 8, 0, 0, 0, 0, 74, 30, 0, 0, 0, 0, 8, 0, 0]
02:35:06 [总线][调试] → #254 SYNC_READ ff ff fe 14 82 38 0f c8 14 15 16 17 18 1e 1f 20 21 22 0a 0b 0c 0d 0e 12
02:35:06 [总线][调试] ← #200 状态0x00 ff ff c8 11 00 b7 00 90 ff 1f 00 00 00 00 00 0d 2e 52 00 00 34  数据 [183, 0, 144, 255, 31, 0, 0, 0, 0, 0, 13, 46, 82, 0, 0]
02:35:06 [总线][调试] ← #20 状态0x00 ff ff 14 11 00 00 08 00 00 00 00 4a 1e 00 00 00 00 08 00 00 62  数据 [0, 8, 0, 0, 0, 0, 74, 30, 0, 0, 0, 0, 8, 0, 0]
02:35:06 [总线][调试] ← #21 状态0x00 ff ff 15 11 00 00 08 00 00 00 00 4a 1e 00 00 00 00 08 00 00 61  数据 [0, 8, 0, 0, 0, 0, 74, 30, 0, 0, 0, 0, 8, 0, 0]
02:35:06 [总线][调试] ← #22 状态0x00 ff ff 16 11 00 00 08 00 00 00 00 4a 1e 00 00 00 00 08 00 00 60  数据 [0, 8, 0, 0, 0, 0, 74, 30, 0, 0, 0, 0, 8, 0, 0]
02:35:06 [总线][调试] ← #23 状态0x00 ff ff 17 11 00 00 08 00 00 00 00 4a 1e 00 00 00 00 08 00 00 5f  数据 [0, 8, 0, 0, 0, 0, 74, 30, 0, 0, 0, 0, 8, 0, 0]
02:35:06 [总线][调试] ← #24 状态0x00 ff ff 18 11 00 00 08 00 00 00 00 4a 1e 00 00 00 00 08 00 00 5e  数据 [0, 8, 0, 0, 0, 0, 74, 30, 0, 0, 0, 0, 8, 0, 0]
02:35:06 [总线][调试] ← #30 状态0x00 ff ff 1e 11 00 00 08 00 00 00 00 4a 1e 00 00 00 00 08 00 00 58  数据 [0, 8, 0, 0, 0, 0, 74, 30, 0, 0, 0, 0, 8, 0, 0]
02:35:06 [总线][调试] ← #31 状态0x00 ff ff 1f 11 00 00 08 00 00 00 00 4a 1e 00 00 00 00 08 00 00 57  数据 [0, 8, 0, 0, 0, 0, 74, 30, 0, 0, 0, 0, 8, 0, 0]
02:35:06 [总线][调试] ← #32 状态0x00 ff ff 20 11 00 00 08 00 00 00 00 4a 1e 00 00 00 00 08 00 00 56  数据 [0, 8, 0, 0, 0, 0, 74, 30, 0, 0, 0, 0, 8, 0, 0]
02:35:06 [总线][调试] ← #33 状态0x00 ff ff 21 11 00 00 08 00 00 00 00 4a 1e 00 00 00 00 08 00 00 55  数据 [0, 8, 0, 0, 0, 0, 74, 30, 0, 0, 0, 0, 8, 0, 0]
02:35:06 [总线][调试] ← #34 状态0x00 ff ff 22 11 00 00 08 00 00 00 00 4a 1e 00 00 00 00 08 00 00 54  数据 [0, 8, 0, 0, 0, 0, 74, 30, 0, 0, 0, 0, 8, 0, 0]
02:35:06 [总线][调试] ← #10 状态0x00 ff ff 0a 11 00 00 08 00 00 00 00 4a 1e 00 00 00 00 08 00 00 6c  数据 [0, 8, 0, 0, 0, 0, 74, 30, 0, 0, 0, 0, 8, 0, 0]
02:35:06 [总线][调试] ← #11 状态0x00 ff ff 0b 11 00 00 08 00 00 00 00 4a 1e 00 00 00 00 08 00 00 6b  数据 [0, 8, 0, 0, 0, 0, 74, 30, 0, 0, 0, 0, 8, 0, 0]
02:35:06 [总线][调试] ← #12 状态0x00 ff ff 0c 11 00 00 08 00 00 00 00 4a 1e 00 00 00 00 08 00 00 6a  数据 [0, 8, 0, 0, 0, 0, 74, 30, 0, 0, 0, 0, 8, 0, 0]
02:35:06 [总线][调试] ← #13 状态0x00 ff ff 0d 11 00 00 08 00 00 00 00 4a 1e 00 00 00 00 08 00 00 69  数据 [0, 8, 0, 0, 0, 0, 74, 30, 0, 0, 0, 0, 8, 0, 0]
02:35:06 [总线][调试] ← #14 状态0x00 ff ff 0e 11 00 00 08 00 00 00 00 4a 1e 00 00 00 00 08 00 00 68  数据 [0, 8, 0, 0, 0, 0, 74, 30, 0, 0, 0, 0, 8, 0, 0]
02:35:06 [总线][调试] → #254 SYNC_READ ff ff fe 14 82 38 0f c8 14 15 16 17 18 1e 1f 20 21 22 0a 0b 0c 0d 0e 12
02:35:06 [总线][调试] ← #200 状态0x00 ff ff c8 11 00 b5 00 8a ff 19 00 00 00 00 00 2d 2e 54 00 00 20  数据 [181, 0, 138, 255, 25, 0, 0, 0, 0, 0, 45, 46, 84, 0, 0]
02:35:06 [总线][调试] ← #20 状态0x00 ff ff 14 11 00 00 08 00 00 00 00 4a 1e 00 00 00 00 08 00 00 62  数据 [0, 8, 0, 0, 0, 0, 74, 30, 0, 0, 0, 0, 8, 0, 0]
02:35:06 [总线][调试] ← #21 状态0x00 ff ff 15 11 00 00 08 00 00 00 00 4a 1e 00 00 00 00 08 00 00 61  数据 [0, 8, 0, 0, 0, 0, 74, 30, 0, 0, 0, 0, 8, 0, 0]
02:35:06 [总线][调试] ← #22 状态0x00 ff ff 16 11 00 00 08 00 00 00 00 4a 1e 00 00 00 00 08 00 00 60  数据 [0, 8, 0, 0, 0, 0, 74, 30, 0, 0, 0, 0, 8, 0, 0]
02:35:06 [总线][调试] ← #23 状态0x00 ff ff 17 11 00 00 08 00 00 00 00 4a 1e 00 00 00 00 08 00 00 5f  数据 [0, 8, 0, 0, 0, 0, 74, 30, 0, 0, 0, 0, 8, 0, 0]
02:35:06 [总线][调试] ← #24 状态0x00 ff ff 18 11 00 00 08 00 00 00 00 4a 1e 00 00 00 00 08 00 00 5e  数据 [0, 8, 0, 0, 0, 0, 74, 30, 0, 0, 0, 0, 8, 0, 0]
02:35:06 [总线][调试] ← #30 状态0x00 ff ff 1e 11 00 00 08 00 00 00 00 4a 1e 00 00 00 00 08 00 00 58  数据 [0, 8, 0, 0, 0, 0, 74, 30, 0, 0, 0, 0, 8, 0, 0]
02:35:06 [总线][调试] ← #31 状态0x00 ff ff 1f 11 00 00 08 00 00 00 00 4a 1e 00 00 00 00 08 00 00 57  数据 [0, 8, 0, 0, 0, 0, 74, 30, 0, 0, 0, 0, 8, 0, 0]
02:35:06 [总线][调试] ← #32 状态0x00 ff ff 20 11 00 00 08 00 00 00 00 4a 1e 00 00 00 00 08 00 00 56  数据 [0, 8, 0, 0, 0, 0, 74, 30, 0, 0, 0, 0, 8, 0, 0]
02:35:06 [总线][调试] ← #33 状态0x00 ff ff 21 11 00 00 08 00 00 00 00 4a 1e 00 00 00 00 08 00 00 55  数据 [0, 8, 0, 0, 0, 0, 74, 30, 0, 0, 0, 0, 8, 0, 0]
02:35:06 [总线][调试] ← #34 状态0x00 ff ff 22 11 00 00 08 00 00 00 00 4a 1e 00 00 00 00 08 00 00 54  数据 [0, 8, 0, 0, 0, 0, 74, 30, 0, 0, 0, 0, 8, 0, 0]
02:35:06 [总线][调试] ← #10 状态0x00 ff ff 0a 11 00 00 08 00 00 00 00 4a 1e 00 00 00 00 08 00 00 6c  数据 [0, 8, 0, 0, 0, 0, 74, 30, 0, 0, 0, 0, 8, 0, 0]
02:35:06 [总线][调试] ← #11 状态0x00 ff ff 0b 11 00 00 08 00 00 00 00 4a 1e 00 00 00 00 08 00 00 6b  数据 [0, 8, 0, 0, 0, 0, 74, 30, 0, 0, 0, 0, 8, 0, 0]
02:35:06 [总线][调试] ← #12 状态0x00 ff ff 0c 11 00 00 08 00 00 00 00 4a 1e 00 00 00 00 08 00 00 6a  数据 [0, 8, 0, 0, 0, 0, 74, 30, 0, 0, 0, 0, 8, 0, 0]
02:35:06 [总线][调试] ← #13 状态0x00 ff ff 0d 11 00 00 08 00 00 00 00 4a 1e 00 00 00 00 08 00 00 69  数据 [0, 8, 0, 0, 0, 0, 74, 30, 0, 0, 0, 0, 8, 0, 0]
02:35:06 [总线][调试] ← #14 状态0x00 ff ff 0e 11 00 00 08 00 00 00 00 4a 1e 00 00 00 00 08 00 00 68  数据 [0, 8, 0, 0, 0, 0, 74, 30, 0, 0, 0, 0, 8, 0, 0]
02:35:06 [总线][调试] → #254 SYNC_READ ff ff fe 14 82 38 0f c8 14 15 16 17 18 1e 1f 20 21 22 0a 0b 0c 0d 0e 12
02:35:06 [总线][调试] ← #200 状态0x00 ff ff c8 11 00 bd 00 8e ff 1d 00 00 00 00 00 5b 2e 57 00 00 df  数据 [189, 0, 142, 255, 29, 0, 0, 0, 0, 0, 91, 46, 87, 0, 0]
02:35:06 [总线][调试] ← #20 状态0x00 ff ff 14 11 00 00 08 00 00 00 00 4a 1e 00 00 00 00 08 00 00 62  数据 [0, 8, 0, 0, 0, 0, 74, 30, 0, 0, 0, 0, 8, 0, 0]
02:35:06 [总线][调试] ← #21 状态0x00 ff ff 15 11 00 00 08 00 00 00 00 4a 1e 00 00 00 00 08 00 00 61  数据 [0, 8, 0, 0, 0, 0, 74, 30, 0, 0, 0, 0, 8, 0, 0]
02:35:06 [总线][调试] ← #22 状态0x00 ff ff 16 11 00 00 08 00 00 00 00 4a 1e 00 00 00 00 08 00 00 60  数据 [0, 8, 0, 0, 0, 0, 74, 30, 0, 0, 0, 0, 8, 0, 0]
02:35:06 [总线][调试] ← #23 状态0x00 ff ff 17 11 00 00 08 00 00 00 00 4a 1e 00 00 00 00 08 00 00 5f  数据 [0, 8, 0, 0, 0, 0, 74, 30, 0, 0, 0, 0, 8, 0, 0]
02:35:06 [总线][调试] ← #24 状态0x00 ff ff 18 11 00 00 08 00 00 00 00 4a 1e 00 00 00 00 08 00 00 5e  数据 [0, 8, 0, 0, 0, 0, 74, 30, 0, 0, 0, 0, 8, 0, 0]
02:35:06 [总线][调试] ← #30 状态0x00 ff ff 1e 11 00 00 08 00 00 00 00 4a 1e 00 00 00 00 08 00 00 58  数据 [0, 8, 0, 0, 0, 0, 74, 30, 0, 0, 0, 0, 8, 0, 0]
02:35:06 [总线][调试] ← #31 状态0x00 ff ff 1f 11 00 00 08 00 00 00 00 4a 1e 00 00 00 00 08 00 00 57  数据 [0, 8, 0, 0, 0, 0, 74, 30, 0, 0, 0, 0, 8, 0, 0]
02:35:06 [总线][调试] ← #32 状态0x00 ff ff 20 11 00 00 08 00 00 00 00 4a 1e 00 00 00 00 08 00 00 56  数据 [0, 8, 0, 0, 0, 0, 74, 30, 0, 0, 0, 0, 8, 0, 0]
02:35:06 [总线][调试] ← #33 状态0x00 ff ff 21 11 00 00 08 00 00 00 00 4a 1e 00 00 00 00 08 00 00 55  数据 [0, 8, 0, 0, 0, 0, 74, 30, 0, 0, 0, 0, 8, 0, 0]
02:35:06 [总线][调试] ← #34 状态0x00 ff ff 22 11 00 00 08 00 00 00 00 4a 1e 00 00 00 00 08 00 00 54  数据 [0, 8, 0, 0, 0, 0, 74, 30, 0, 0, 0, 0, 8, 0, 0]
02:35:06 [总线][调试] ← #10 状态0x00 ff ff 0a 11 00 00 08 00 00 00 00 4a 1e 00 00 00 00 08 00 00 6c  数据 [0, 8, 0, 0, 0, 0, 74, 30, 0, 0, 0, 0, 8, 0, 0]
02:35:06 [总线][调试] ← #11 状态0x00 ff ff 0b 11 00 00 08 00 00 00 00 4a 1e 00 00 00 00 08 00 00 6b  数据 [0, 8, 0, 0, 0, 0, 74, 30, 0, 0, 0, 0, 8, 0, 0]
02:35:06 [总线][调试] ← #12 状态0x00 ff ff 0c 11 00 00 08 00 00 00 00 4a 1e 00 00 00 00 08 00 00 6a  数据 [0, 8, 0, 0, 0, 0, 74, 30, 0, 0, 0, 0, 8, 0, 0]
02:35:06 [总线][调试] ← #13 状态0x00 ff ff 0d 11 00 00 08 00 00 00 00 4a 1e 00 00 00 00 08 00 00 69  数据 [0, 8, 0, 0, 0, 0, 74, 30, 0, 0, 0, 0, 8, 0, 0]
02:35:06 [总线][调试] ← #14 状态0x00 ff ff 0e 11 00 00 08 00 00 00 00 4a 1e 00 00 00 00 08 00 00 68  数据 [0, 8, 0, 0, 0, 0, 74, 30, 0, 0, 0, 0, 8, 0, 0]
02:35:06 [总线][调试] → #254 SYNC_READ ff ff fe 14 82 38 0f c8 14 15 16 17 18 1e 1f 20 21 22 0a 0b 0c 0d 0e 12
02:35:06 [总线][调试] ← #200 状态0x00 ff ff c8 11 00 c3 00 90 ff 1f 00 00 00 00 00 79 2e 59 00 00 b5  数据 [195, 0, 144, 255, 31, 0, 0, 0, 0, 0, 121, 46, 89, 0, 0]
02:35:06 [总线][调试] ← #20 状态0x00 ff ff 14 11 00 00 08 00 00 00 00 4a 1e 00 00 00 00 08 00 00 62  数据 [0, 8, 0, 0, 0, 0, 74, 30, 0, 0, 0, 0, 8, 0, 0]
02:35:06 [总线][调试] ← #21 状态0x00 ff ff 15 11 00 00 08 00 00 00 00 4a 1e 00 00 00 00 08 00 00 61  数据 [0, 8, 0, 0, 0, 0, 74, 30, 0, 0, 0, 0, 8, 0, 0]
02:35:06 [总线][调试] ← #22 状态0x00 ff ff 16 11 00 00 08 00 00 00 00 4a 1e 00 00 00 00 08 00 00 60  数据 [0, 8, 0, 0, 0, 0, 74, 30, 0, 0, 0, 0, 8, 0, 0]
02:35:06 [总线][调试] ← #23 状态0x00 ff ff 17 11 00 00 08 00 00 00 00 4a 1e 00 00 00 00 08 00 00 5f  数据 [0, 8, 0, 0, 0, 0, 74, 30, 0, 0, 0, 0, 8, 0, 0]
02:35:06 [总线][调试] ← #24 状态0x00 ff ff 18 11 00 00 08 00 00 00 00 4a 1e 00 00 00 00 08 00 00 5e  数据 [0, 8, 0, 0, 0, 0, 74, 30, 0, 0, 0, 0, 8, 0, 0]
02:35:06 [总线][调试] ← #30 状态0x00 ff ff 1e 11 00 00 08 00 00 00 00 4a 1e 00 00 00 00 08 00 00 58  数据 [0, 8, 0, 0, 0, 0, 74, 30, 0, 0, 0, 0, 8, 0, 0]
02:35:06 [总线][调试] ← #31 状态0x00 ff ff 1f 11 00 00 08 00 00 00 00 4a 1e 00 00 00 00 08 00 00 57  数据 [0, 8, 0, 0, 0, 0, 74, 30, 0, 0, 0, 0, 8, 0, 0]
02:35:06 [总线][调试] ← #32 状态0x00 ff ff 20 11 00 00 08 00 00 00 00 4a 1e 00 00 00 00 08 00 00 56  数据 [0, 8, 0, 0, 0, 0, 74, 30, 0, 0, 0, 0, 8, 0, 0]
02:35:06 [总线][调试] ← #33 状态0x00 ff ff 21 11 00 00 08 00 00 00 00 4a 1e 00 00 00 00 08 00 00 55  数据 [0, 8, 0, 0, 0, 0, 74, 30, 0, 0, 0, 0, 8, 0, 0]
02:35:06 [总线][调试] ← #34 状态0x00 ff ff 22 11 00 00 08 00 00 00 00 4a 1e 00 00 00 00 08 00 00 54  数据 [0, 8, 0, 0, 0, 0, 74, 30, 0, 0, 0, 0, 8, 0, 0]
02:35:06 [总线][调试] ← #10 状态0x00 ff ff 0a 11 00 00 08 00 00 00 00 4a 1e 00 00 00 00 08 00 00 6c  数据 [0, 8, 0, 0, 0, 0, 74, 30, 0, 0, 0, 0, 8, 0, 0]
02:35:06 [总线][调试] ← #11 状态0x00 ff ff 0b 11 00 00 08 00 00 00 00 4a 1e 00 00 00 00 08 00 00 6b  数据 [0, 8, 0, 0, 0, 0, 74, 30, 0, 0, 0, 0, 8, 0, 0]
02:35:06 [总线][调试] ← #12 状态0x00 ff ff 0c 11 00 00 08 00 00 00 00 4a 1e 00 00 00 00 08 00 00 6a  数据 [0, 8, 0, 0, 0, 0, 74, 30, 0, 0, 0, 0, 8, 0, 0]
02:35:06 [总线][调试] ← #13 状态0x00 ff ff 0d 11 00 00 08 00 00 00 00 4a 1e 00 00 00 00 08 00 00 69  数据 [0, 8, 0, 0, 0, 0, 74, 30, 0, 0, 0, 0, 8, 0, 0]
02:35:06 [总线][调试] ← #14 状态0x00 ff ff 0e 11 00 00 08 00 00 00 00 4a 1e 00 00 00 00 08 00 00 68  数据 [0, 8, 0, 0, 0, 0, 74, 30, 0, 0, 0, 0, 8, 0, 0]
02:35:06 [总线][调试] → #254 SYNC_READ ff ff fe 14 82 38 0f c8 14 15 16 17 18 1e 1f 20 21 22 0a 0b 0c 0d 0e 12
02:35:06 [总线][调试] ← #200 状态0x00 ff ff c8 11 00 c1 00 8a ff 19 00 00 00 00 00 97 2e 5b 00 00 a3  数据 [193, 0, 138, 255, 25, 0, 0, 0, 0, 0, 151, 46, 91, 0, 0]
02:35:06 [总线][调试] ← #20 状态0x00 ff ff 14 11 00 00 08 00 00 00 00 4a 1e 00 00 00 00 08 00 00 62  数据 [0, 8, 0, 0, 0, 0, 74, 30, 0, 0, 0, 0, 8, 0, 0]
02:35:06 [总线][调试] ← #21 状态0x00 ff ff 15 11 00 00 08 00 00 00 00 4a 1e 00 00 00 00 08 00 00 61  数据 [0, 8, 0, 0, 0, 0, 74, 30, 0, 0, 0, 0, 8, 0, 0]
02:35:06 [总线][调试] ← #22 状态0x00 ff ff 16 11 00 00 08 00 00 00 00 4a 1e 00 00 00 00 08 00 00 60  数据 [0, 8, 0, 0, 0, 0, 74, 30, 0, 0, 0, 0, 8, 0, 0]
02:35:06 [总线][调试] ← #23 状态0x00 ff ff 17 11 00 00 08 00 00 00 00 4a 1e 00 00 00 00 08 00 00 5f  数据 [0, 8, 0, 0, 0, 0, 74, 30, 0, 0, 0, 0, 8, 0, 0]
02:35:06 [总线][调试] ← #24 状态0x00 ff ff 18 11 00 00 08 00 00 00 00 4a 1e 00 00 00 00 08 00 00 5e  数据 [0, 8, 0, 0, 0, 0, 74, 30, 0, 0, 0, 0, 8, 0, 0]
02:35:06 [总线][调试] ← #30 状态0x00 ff ff 1e 11 00 00 08 00 00 00 00 4a 1e 00 00 00 00 08 00 00 58  数据 [0, 8, 0, 0, 0, 0, 74, 30, 0, 0, 0, 0, 8, 0, 0]
02:35:06 [总线][调试] ← #31 状态0x00 ff ff 1f 11 00 00 08 00 00 00 00 4a 1e 00 00 00 00 08 00 00 57  数据 [0, 8, 0, 0, 0, 0, 74, 30, 0, 0, 0, 0, 8, 0, 0]
02:35:06 [总线][调试] ← #32 状态0x00 ff ff 20 11 00 00 08 00 00 00 00 4a 1e 00 00 00 00 08 00 00 56  数据 [0, 8, 0, 0, 0, 0, 74, 30, 0, 0, 0, 0, 8, 0, 0]
02:35:06 [总线][调试] ← #33 状态0x00 ff ff 21 11 00 00 08 00 00 00 00 4a 1e 00 00 00 00 08 00 00 55  数据 [0, 8, 0, 0, 0, 0, 74, 30, 0, 0, 0, 0, 8, 0, 0]
02:35:06 [总线][调试] ← #34 状态0x00 ff ff 22 11 00 00 08 00 00 00 00 4a 1e 00 00 00 00 08 00 00 54  数据 [0, 8, 0, 0, 0, 0, 74, 30, 0, 0, 0, 0, 8, 0, 0]
02:35:06 [总线][调试] ← #10 状态0x00 ff ff 0a 11 00 00 08 00 00 00 00 4a 1e 00 00 00 00 08 00 00 6c  数据 [0, 8, 0, 0, 0, 0, 74, 30, 0, 0, 0, 0, 8, 0, 0]
02:35:06 [总线][调试] ← #11 状态0x00 ff ff 0b 11 00 00 08 00 00 00 00 4a 1e 00 00 00 00 08 00 00 6b  数据 [0, 8, 0, 0, 0, 0, 74, 30, 0, 0, 0, 0, 8, 0, 0]
02:35:06 [总线][调试] ← #12 状态0x00 ff ff 0c 11 00 00 08 00 00 00 00 4a 1e 00 00 00 00 08 00 00 6a  数据 [0, 8, 0, 0, 0, 0, 74, 30, 0, 0, 0, 0, 8, 0, 0]
02:35:06 [总线][调试] ← #13 状态0x00 ff ff 0d 11 00 00 08 00 00 00 00 4a 1e 00 00 00 00 08 00 00 69  数据 [0, 8, 0, 0, 0, 0, 74, 30, 0, 0, 0, 0, 8, 0, 0]
02:35:06 [总线][调试] ← #14 状态0x00 ff ff 0e 11 00 00 08 00 00 00 00 4a 1e 00 00 00 00 08 00 00 68  数据 [0, 8, 0, 0, 0, 0, 74, 30, 0, 0, 0, 0, 8, 0, 0]
02:35:06 [总线][调试] → #254 SYNC_READ ff ff fe 14 82 38 0f c8 14 15 16 17 18 1e 1f 20 21 22 0a 0b 0c 0d 0e 12
02:35:06 [总线][调试] ← #200 状态0x00 ff ff c8 11 00 ca 00 8e ff 1d 00 00 00 00 00 c3 2e 5e 00 00 63  数据 [202, 0, 142, 255, 29, 0, 0, 0, 0, 0, 195, 46, 94, 0, 0]
02:35:06 [总线][调试] ← #20 状态0x00 ff ff 14 11 00 00 08 00 00 00 00 4a 1e 00 00 00 00 08 00 00 62  数据 [0, 8, 0, 0, 0, 0, 74, 30, 0, 0, 0, 0, 8, 0, 0]
02:35:06 [总线][调试] ← #21 状态0x00 ff ff 15 11 00 00 08 00 00 00 00 4a 1e 00 00 00 00 08 00 00 61  数据 [0, 8, 0, 0, 0, 0, 74, 30, 0, 0, 0, 0, 8, 0, 0]
02:35:06 [总线][调试] ← #22 状态0x00 ff ff 16 11 00 00 08 00 00 00 00 4a 1e 00 00 00 00 08 00 00 60  数据 [0, 8, 0, 0, 0, 0, 74, 30, 0, 0, 0, 0, 8, 0, 0]
02:35:06 [总线][调试] ← #23 状态0x00 ff ff 17 11 00 00 08 00 00 00 00 4a 1e 00 00 00 00 08 00 00 5f  数据 [0, 8, 0, 0, 0, 0, 74, 30, 0, 0, 0, 0, 8, 0, 0]
02:35:06 [总线][调试] ← #24 状态0x00 ff ff 18 11 00 00 08 00 00 00 00 4a 1e 00 00 00 00 08 00 00 5e  数据 [0, 8, 0, 0, 0, 0, 74, 30, 0, 0, 0, 0, 8, 0, 0]
02:35:06 [总线][调试] ← #30 状态0x00 ff ff 1e 11 00 00 08 00 00 00 00 4a 1e 00 00 00 00 08 00 00 58  数据 [0, 8, 0, 0, 0, 0, 74, 30, 0, 0, 0, 0, 8, 0, 0]
02:35:06 [总线][调试] ← #31 状态0x00 ff ff 1f 11 00 00 08 00 00 00 00 4a 1e 00 00 00 00 08 00 00 57  数据 [0, 8, 0, 0, 0, 0, 74, 30, 0, 0, 0, 0, 8, 0, 0]
02:35:06 [总线][调试] ← #32 状态0x00 ff ff 20 11 00 00 08 00 00 00 00 4a 1e 00 00 00 00 08 00 00 56  数据 [0, 8, 0, 0, 0, 0, 74, 30, 0, 0, 0, 0, 8, 0, 0]
02:35:06 [总线][调试] ← #33 状态0x00 ff ff 21 11 00 00 08 00 00 00 00 4a 1e 00 00 00 00 08 00 00 55  数据 [0, 8, 0, 0, 0, 0, 74, 30, 0, 0, 0, 0, 8, 0, 0]
02:35:06 [总线][调试] ← #34 状态0x00 ff ff 22 11 00 00 08 00 00 00 00 4a 1e 00 00 00 00 08 00 00 54  数据 [0, 8, 0, 0, 0, 0, 74, 30, 0, 0, 0, 0, 8, 0, 0]
02:35:06 [总线][调试] ← #10 状态0x00 ff ff 0a 11 00 00 08 00 00 00 00 4a 1e 00 00 00 00 08 00 00 6c  数据 [0, 8, 0, 0, 0, 0, 74, 30, 0, 0, 0, 0, 8, 0, 0]
02:35:06 [总线][调试] ← #11 状态0x00 ff ff 0b 11 00 00 08 00 00 00 00 4a 1e 00 00 00 00 08 00 00 6b  数据 [0, 8, 0, 0, 0, 0, 74, 30, 0, 0, 0, 0, 8, 0, 0]
02:35:06 [总线][调试] ← #12 状态0x00 ff ff 0c 11 00 00 08 00 00 00 00 4a 1e 00 00 00 00 08 00 00 6a  数据 [0, 8, 0, 0, 0, 0, 74, 30, 0, 0, 0, 0, 8, 0, 0]
02:35:06 [总线][调试] ← #13 状态0x00 ff ff 0d 11 00 00 08 00 00 00 00 4a 1e 00 00 00 00 08 00 00 69  数据 [0, 8, 0, 0, 0, 0, 74, 30, 0, 0, 0, 0, 8, 0, 0]
02:35:06 [总线][调试] ← #14 状态0x00 ff ff 0e 11 00 00 08 00 00 00 00 4a 1e 00 00 00 00 08 00 00 68  数据 [0, 8, 0, 0, 0, 0, 74, 30, 0, 0, 0, 0, 8, 0, 0]
02:35:06 [总线][调试] → #254 SYNC_READ ff ff fe 14 82 38 0f c8 14 15 16 17 18 1e 1f 20 21 22 0a 0b 0c 0d 0e 12
02:35:06 [总线][调试] ← #200 状态0x00 ff ff c8 11 00 cf 00 90 ff 1f 00 00 00 00 00 e0 2e 60 00 00 3b  数据 [207, 0, 144, 255, 31, 0, 0, 0, 0, 0, 224, 46, 96, 0, 0]
02:35:06 [总线][调试] ← #20 状态0x00 ff ff 14 11 00 00 08 00 00 00 00 4a 1e 00 00 00 00 08 00 00 62  数据 [0, 8, 0, 0, 0, 0, 74, 30, 0, 0, 0, 0, 8, 0, 0]
02:35:06 [总线][调试] ← #21 状态0x00 ff ff 15 11 00 00 08 00 00 00 00 4a 1e 00 00 00 00 08 00 00 61  数据 [0, 8, 0, 0, 0, 0, 74, 30, 0, 0, 0, 0, 8, 0, 0]
02:35:06 [总线][调试] ← #22 状态0x00 ff ff 16 11 00 00 08 00 00 00 00 4a 1e 00 00 00 00 08 00 00 60  数据 [0, 8, 0, 0, 0, 0, 74, 30, 0, 0, 0, 0, 8, 0, 0]
02:35:06 [总线][调试] ← #23 状态0x00 ff ff 17 11 00 00 08 00 00 00 00 4a 1e 00 00 00 00 08 00 00 5f  数据 [0, 8, 0, 0, 0, 0, 74, 30, 0, 0, 0, 0, 8, 0, 0]
02:35:06 [总线][调试] ← #24 状态0x00 ff ff 18 11 00 00 08 00 00 00 00 4a 1e 00 00 00 00 08 00 00 5e  数据 [0, 8, 0, 0, 0, 0, 74, 30, 0, 0, 0, 0, 8, 0, 0]
02:35:06 [总线][调试] ← #30 状态0x00 ff ff 1e 11 00 00 08 00 00 00 00 4a 1e 00 00 00 00 08 00 00 58  数据 [0, 8, 0, 0, 0, 0, 74, 30, 0, 0, 0, 0, 8, 0, 0]
02:35:06 [总线][调试] ← #31 状态0x00 ff ff 1f 11 00 00 08 00 00 00 00 4a 1e 00 00 00 00 08 00 00 57  数据 [0, 8, 0, 0, 0, 0, 74, 30, 0, 0, 0, 0, 8, 0, 0]
02:35:06 [总线][调试] ← #32 状态0x00 ff ff 20 11 00 00 08 00 00 00 00 4a 1e 00 00 00 00 08 00 00 56  数据 [0, 8, 0, 0, 0, 0, 74, 30, 0, 0, 0, 0, 8, 0, 0]
02:35:06 [总线][调试] ← #33 状态0x00 ff ff 21 11 00 00 08 00 00 00 00 4a 1e 00 00 00 00 08 00 00 55  数据 [0, 8, 0, 0, 0, 0, 74, 30, 0, 0, 0, 0, 8, 0, 0]
02:35:06 [总线][调试] ← #34 状态0x00 ff ff 22 11 00 00 08 00 00 00 00 4a 1e 00 00 00 00 08 00 00 54  数据 [0, 8, 0, 0, 0, 0, 74, 30, 0, 0, 0, 0, 8, 0, 0]
02:35:06 [总线][调试] ← #10 状态0x00 ff ff 0a 11 00 00 08 00 00 00 00 4a 1e 00 00 00 00 08 00 00 6c  数据 [0, 8, 0, 0, 0, 0, 74, 30, 0, 0, 0, 0, 8, 0, 0]
02:35:06 [总线][调试] ← #11 状态0x00 ff ff 0b 11 00 00 08 00 00 00 00 4a 1e 00 00 00 00 08 00 00 6b  数据 [0, 8, 0, 0, 0, 0, 74, 30, 0, 0, 0, 0, 8, 0, 0]
02:35:06 [总线][调试] ← #12 状态0x00 ff ff 0c 11 00 00 08 00 00 00 00 4a 1e 00 00 00 00 08 00 00 6a  数据 [0, 8, 0, 0, 0, 0, 74, 30, 0, 0, 0, 0, 8, 0, 0]
02:35:06 [总线][调试] ← #13 状态0x00 ff ff 0d 11 00 00 08 00 00 00 00 4a 1e 00 00 00 00 08 00 00 69  数据 [0, 8, 0, 0, 0, 0, 74, 30, 0, 0, 0, 0, 8, 0, 0]
02:35:06 [总线][调试] ← #14 状态0x00 ff ff 0e 11 00 00 08 00 00 00 00 4a 1e 00 00 00 00 08 00 00 68  数据 [0, 8, 0, 0, 0, 0, 74, 30, 0, 0, 0, 0, 8, 0, 0]
02:35:06 [总线][调试] → #254 SYNC_READ ff ff fe 14 82 38 0f c8 14 15 16 17 18 1e 1f 20 21 22 0a 0b 0c 0d 0e 12
02:35:06 [总线][调试] ← #200 状态0x00 ff ff c8 11 00 d0 00 8b ff 1a 00 00 00 00 00 0a 2f 63 00 00 16  数据 [208, 0, 139, 255, 26, 0, 0, 0, 0, 0, 10, 47, 99, 0, 0]
02:35:06 [总线][调试] ← #20 状态0x00 ff ff 14 11 00 00 08 00 00 00 00 4a 1e 00 00 00 00 08 00 00 62  数据 [0, 8, 0, 0, 0, 0, 74, 30, 0, 0, 0, 0, 8, 0, 0]
02:35:06 [总线][调试] ← #21 状态0x00 ff ff 15 11 00 00 08 00 00 00 00 4a 1e 00 00 00 00 08 00 00 61  数据 [0, 8, 0, 0, 0, 0, 74, 30, 0, 0, 0, 0, 8, 0, 0]
02:35:06 [总线][调试] ← #22 状态0x00 ff ff 16 11 00 00 08 00 00 00 00 4a 1e 00 00 00 00 08 00 00 60  数据 [0, 8, 0, 0, 0, 0, 74, 30, 0, 0, 0, 0, 8, 0, 0]
02:35:06 [总线][调试] ← #23 状态0x00 ff ff 17 11 00 00 08 00 00 00 00 4a 1e 00 00 00 00 08 00 00 5f  数据 [0, 8, 0, 0, 0, 0, 74, 30, 0, 0, 0, 0, 8, 0, 0]
02:35:06 [总线][调试] ← #24 状态0x00 ff ff 18 11 00 00 08 00 00 00 00 4a 1e 00 00 00 00 08 00 00 5e  数据 [0, 8, 0, 0, 0, 0, 74, 30, 0, 0, 0, 0, 8, 0, 0]
02:35:06 [总线][调试] ← #30 状态0x00 ff ff 1e 11 00 00 08 00 00 00 00 4a 1e 00 00 00 00 08 00 00 58  数据 [0, 8, 0, 0, 0, 0, 74, 30, 0, 0, 0, 0, 8, 0, 0]
02:35:06 [总线][调试] ← #31 状态0x00 ff ff 1f 11 00 00 08 00 00 00 00 4a 1e 00 00 00 00 08 00 00 57  数据 [0, 8, 0, 0, 0, 0, 74, 30, 0, 0, 0, 0, 8, 0, 0]
02:35:06 [总线][调试] ← #32 状态0x00 ff ff 20 11 00 00 08 00 00 00 00 4a 1e 00 00 00 00 08 00 00 56  数据 [0, 8, 0, 0, 0, 0, 74, 30, 0, 0, 0, 0, 8, 0, 0]
02:35:06 [总线][调试] ← #33 状态0x00 ff ff 21 11 00 00 08 00 00 00 00 4a 1e 00 00 00 00 08 00 00 55  数据 [0, 8, 0, 0, 0, 0, 74, 30, 0, 0, 0, 0, 8, 0, 0]
02:35:06 [总线][调试] ← #34 状态0x00 ff ff 22 11 00 00 08 00 00 00 00 4a 1e 00 00 00 00 08 00 00 54  数据 [0, 8, 0, 0, 0, 0, 74, 30, 0, 0, 0, 0, 8, 0, 0]
02:35:06 [总线][调试] ← #10 状态0x00 ff ff 0a 11 00 00 08 00 00 00 00 4a 1e 00 00 00 00 08 00 00 6c  数据 [0, 8, 0, 0, 0, 0, 74, 30, 0, 0, 0, 0, 8, 0, 0]
02:35:06 [总线][调试] ← #11 状态0x00 ff ff 0b 11 00 00 08 00 00 00 00 4a 1e 00 00 00 00 08 00 00 6b  数据 [0, 8, 0, 0, 0, 0, 74, 30, 0, 0, 0, 0, 8, 0, 0]
02:35:06 [总线][调试] ← #12 状态0x00 ff ff 0c 11 00 00 08 00 00 00 00 4a 1e 00 00 00 00 08 00 00 6a  数据 [0, 8, 0, 0, 0, 0, 74, 30, 0, 0, 0, 0, 8, 0, 0]
02:35:06 [总线][调试] ← #13 状态0x00 ff ff 0d 11 00 00 08 00 00 00 00 4a 1e 00 00 00 00 08 00 00 69  数据 [0, 8, 0, 0, 0, 0, 74, 30, 0, 0, 0, 0, 8, 0, 0]
02:35:06 [总线][调试] ← #14 状态0x00 ff ff 0e 11 00 00 08 00 00 00 00 4a 1e 00 00 00 00 08 00 00 68  数据 [0, 8, 0, 0, 0, 0, 74, 30, 0, 0, 0, 0, 8, 0, 0]
02:35:06 [总线][调试] → #254 SYNC_READ ff ff fe 14 82 38 0f c8 14 15 16 17 18 1e 1f 20 21 22 0a 0b 0c 0d 0e 12
02:35:06 [总线][调试] ← #200 状态0x00 ff ff c8 11 00 d5 00 8e ff 1d 00 00 00 00 00 25 2f 65 00 00 ee  数据 [213, 0, 142, 255, 29, 0, 0, 0, 0, 0, 37, 47, 101, 0, 0]
02:35:06 [总线][调试] ← #20 状态0x00 ff ff 14 11 00 00 08 00 00 00 00 4a 1e 00 00 00 00 08 00 00 62  数据 [0, 8, 0, 0, 0, 0, 74, 30, 0, 0, 0, 0, 8, 0, 0]
02:35:06 [总线][调试] ← #21 状态0x00 ff ff 15 11 00 00 08 00 00 00 00 4a 1e 00 00 00 00 08 00 00 61  数据 [0, 8, 0, 0, 0, 0, 74, 30, 0, 0, 0, 0, 8, 0, 0]
02:35:06 [总线][调试] ← #22 状态0x00 ff ff 16 11 00 00 08 00 00 00 00 4a 1e 00 00 00 00 08 00 00 60  数据 [0, 8, 0, 0, 0, 0, 74, 30, 0, 0, 0, 0, 8, 0, 0]
02:35:06 [总线][调试] ← #23 状态0x00 ff ff 17 11 00 00 08 00 00 00 00 4a 1e 00 00 00 00 08 00 00 5f  数据 [0, 8, 0, 0, 0, 0, 74, 30, 0, 0, 0, 0, 8, 0, 0]
02:35:06 [总线][调试] ← #24 状态0x00 ff ff 18 11 00 00 08 00 00 00 00 4a 1e 00 00 00 00 08 00 00 5e  数据 [0, 8, 0, 0, 0, 0, 74, 30, 0, 0, 0, 0, 8, 0, 0]
02:35:06 [总线][调试] ← #30 状态0x00 ff ff 1e 11 00 00 08 00 00 00 00 4a 1e 00 00 00 00 08 00 00 58  数据 [0, 8, 0, 0, 0, 0, 74, 30, 0, 0, 0, 0, 8, 0, 0]
02:35:06 [总线][调试] ← #31 状态0x00 ff ff 1f 11 00 00 08 00 00 00 00 4a 1e 00 00 00 00 08 00 00 57  数据 [0, 8, 0, 0, 0, 0, 74, 30, 0, 0, 0, 0, 8, 0, 0]
02:35:06 [总线][调试] ← #32 状态0x00 ff ff 20 11 00 00 08 00 00 00 00 4a 1e 00 00 00 00 08 00 00 56  数据 [0, 8, 0, 0, 0, 0, 74, 30, 0, 0, 0, 0, 8, 0, 0]
02:35:06 [总线][调试] ← #33 状态0x00 ff ff 21 11 00 00 08 00 00 00 00 4a 1e 00 00 00 00 08 00 00 55  数据 [0, 8, 0, 0, 0, 0, 74, 30, 0, 0, 0, 0, 8, 0, 0]
02:35:06 [总线][调试] ← #34 状态0x00 ff ff 22 11 00 00 08 00 00 00 00 4a 1e 00 00 00 00 08 00 00 54  数据 [0, 8, 0, 0, 0, 0, 74, 30, 0, 0, 0, 0, 8, 0, 0]
02:35:06 [总线][调试] ← #10 状态0x00 ff ff 0a 11 00 00 08 00 00 00 00 4a 1e 00 00 00 00 08 00 00 6c  数据 [0, 8, 0, 0, 0, 0, 74, 30, 0, 0, 0, 0, 8, 0, 0]
02:35:06 [总线][调试] ← #11 状态0x00 ff ff 0b 11 00 00 08 00 00 00 00 4a 1e 00 00 00 00 08 00 00 6b  数据 [0, 8, 0, 0, 0, 0, 74, 30, 0, 0, 0, 0, 8, 0, 0]
02:35:06 [总线][调试] ← #12 状态0x00 ff ff 0c 11 00 00 08 00 00 00 00 4a 1e 00 00 00 00 08 00 00 6a  数据 [0, 8, 0, 0, 0, 0, 74, 30, 0, 0, 0, 0, 8, 0, 0]
02:35:06 [总线][调试] ← #13 状态0x00 ff ff 0d 11 00 00 08 00 00 00 00 4a 1e 00 00 00 00 08 00 00 69  数据 [0, 8, 0, 0, 0, 0, 74, 30, 0, 0, 0, 0, 8, 0, 0]
02:35:06 [总线][调试] ← #14 状态0x00 ff ff 0e 11 00 00 08 00 00 00 00 4a 1e 00 00 00 00 08 00 00 68  数据 [0, 8, 0, 0, 0, 0, 74, 30, 0, 0, 0, 0, 8, 0, 0]
02:35:06 [总线][调试] → #254 SYNC_READ ff ff fe 14 82 38 0f c8 14 15 16 17 18 1e 1f 20 21 22 0a 0b 0c 0d 0e 12
02:35:06 [总线][调试] ← #200 状态0x00 ff ff c8 11 00 dd 00 91 ff 20 00 00 00 00 00 4d 2f 68 00 00 b5  数据 [221, 0, 145, 255, 32, 0, 0, 0, 0, 0, 77, 47, 104, 0, 0]
02:35:06 [总线][调试] ← #20 状态0x00 ff ff 14 11 00 00 08 00 00 00 00 4a 1e 00 00 00 00 08 00 00 62  数据 [0, 8, 0, 0, 0, 0, 74, 30, 0, 0, 0, 0, 8, 0, 0]
02:35:06 [总线][调试] ← #21 状态0x00 ff ff 15 11 00 00 08 00 00 00 00 4a 1e 00 00 00 00 08 00 00 61  数据 [0, 8, 0, 0, 0, 0, 74, 30, 0, 0, 0, 0, 8, 0, 0]
02:35:06 [总线][调试] ← #22 状态0x00 ff ff 16 11 00 00 08 00 00 00 00 4a 1e 00 00 00 00 08 00 00 60  数据 [0, 8, 0, 0, 0, 0, 74, 30, 0, 0, 0, 0, 8, 0, 0]
02:35:06 [总线][调试] ← #23 状态0x00 ff ff 17 11 00 00 08 00 00 00 00 4a 1e 00 00 00 00 08 00 00 5f  数据 [0, 8, 0, 0, 0, 0, 74, 30, 0, 0, 0, 0, 8, 0, 0]
02:35:06 [总线][调试] ← #24 状态0x00 ff ff 18 11 00 00 08 00 00 00 00 4a 1e 00 00 00 00 08 00 00 5e  数据 [0, 8, 0, 0, 0, 0, 74, 30, 0, 0, 0, 0, 8, 0, 0]
02:35:06 [总线][调试] ← #30 状态0x00 ff ff 1e 11 00 00 08 00 00 00 00 4a 1e 00 00 00 00 08 00 00 58  数据 [0, 8, 0, 0, 0, 0, 74, 30, 0, 0, 0, 0, 8, 0, 0]
02:35:06 [总线][调试] ← #31 状态0x00 ff ff 1f 11 00 00 08 00 00 00 00 4a 1e 00 00 00 00 08 00 00 57  数据 [0, 8, 0, 0, 0, 0, 74, 30, 0, 0, 0, 0, 8, 0, 0]
02:35:06 [总线][调试] ← #32 状态0x00 ff ff 20 11 00 00 08 00 00 00 00 4a 1e 00 00 00 00 08 00 00 56  数据 [0, 8, 0, 0, 0, 0, 74, 30, 0, 0, 0, 0, 8, 0, 0]
02:35:06 [总线][调试] ← #33 状态0x00 ff ff 21 11 00 00 08 00 00 00 00 4a 1e 00 00 00 00 08 00 00 55  数据 [0, 8, 0, 0, 0, 0, 74, 30, 0, 0, 0, 0, 8, 0, 0]
02:35:06 [总线][调试] ← #34 状态0x00 ff ff 22 11 00 00 08 00 00 00 00 4a 1e 00 00 00 00 08 00 00 54  数据 [0, 8, 0, 0, 0, 0, 74, 30, 0, 0, 0, 0, 8, 0, 0]
02:35:06 [总线][调试] ← #10 状态0x00 ff ff 0a 11 00 00 08 00 00 00 00 4a 1e 00 00 00 00 08 00 00 6c  数据 [0, 8, 0, 0, 0, 0, 74, 30, 0, 0, 0, 0, 8, 0, 0]
02:35:06 [总线][调试] ← #11 状态0x00 ff ff 0b 11 00 00 08 00 00 00 00 4a 1e 00 00 00 00 08 00 00 6b  数据 [0, 8, 0, 0, 0, 0, 74, 30, 0, 0, 0, 0, 8, 0, 0]
02:35:06 [总线][调试] ← #12 状态0x00 ff ff 0c 11 00 00 08 00 00 00 00 4a 1e 00 00 00 00 08 00 00 6a  数据 [0, 8, 0, 0, 0, 0, 74, 30, 0, 0, 0, 0, 8, 0, 0]
02:35:06 [总线][调试] ← #13 状态0x00 ff ff 0d 11 00 00 08 00 00 00 00 4a 1e 00 00 00 00 08 00 00 69  数据 [0, 8, 0, 0, 0, 0, 74, 30, 0, 0, 0, 0, 8, 0, 0]
02:35:06 [总线][调试] ← #14 状态0x00 ff ff 0e 11 00 00 08 00 00 00 00 4a 1e 00 00 00 00 08 00 00 68  数据 [0, 8, 0, 0, 0, 0, 74, 30, 0, 0, 0, 0, 8, 0, 0]
02:35:06 [总线][调试] → #254 SYNC_READ ff ff fe 14 82 38 0f c8 14 15 16 17 18 1e 1f 20 21 22 0a 0b 0c 0d 0e 12
02:35:06 [总线][调试] ← #200 状态0x00 ff ff c8 11 00 db 00 8b ff 1a 00 00 00 00 00 67 2f 6a 00 00 a7  数据 [219, 0, 139, 255, 26, 0, 0, 0, 0, 0, 103, 47, 106, 0, 0]
02:35:06 [总线][调试] ← #20 状态0x00 ff ff 14 11 00 00 08 00 00 00 00 4a 1e 00 00 00 00 08 00 00 62  数据 [0, 8, 0, 0, 0, 0, 74, 30, 0, 0, 0, 0, 8, 0, 0]
02:35:06 [总线][调试] ← #21 状态0x00 ff ff 15 11 00 00 08 00 00 00 00 4a 1e 00 00 00 00 08 00 00 61  数据 [0, 8, 0, 0, 0, 0, 74, 30, 0, 0, 0, 0, 8, 0, 0]
02:35:06 [总线][调试] ← #22 状态0x00 ff ff 16 11 00 00 08 00 00 00 00 4a 1e 00 00 00 00 08 00 00 60  数据 [0, 8, 0, 0, 0, 0, 74, 30, 0, 0, 0, 0, 8, 0, 0]
02:35:06 [总线][调试] ← #23 状态0x00 ff ff 17 11 00 00 08 00 00 00 00 4a 1e 00 00 00 00 08 00 00 5f  数据 [0, 8, 0, 0, 0, 0, 74, 30, 0, 0, 0, 0, 8, 0, 0]
02:35:06 [总线][调试] ← #24 状态0x00 ff ff 18 11 00 00 08 00 00 00 00 4a 1e 00 00 00 00 08 00 00 5e  数据 [0, 8, 0, 0, 0, 0, 74, 30, 0, 0, 0, 0, 8, 0, 0]
02:35:06 [总线][调试] ← #30 状态0x00 ff ff 1e 11 00 00 08 00 00 00 00 4a 1e 00 00 00 00 08 00 00 58  数据 [0, 8, 0, 0, 0, 0, 74, 30, 0, 0, 0, 0, 8, 0, 0]
02:35:06 [总线][调试] ← #31 状态0x00 ff ff 1f 11 00 00 08 00 00 00 00 4a 1e 00 00 00 00 08 00 00 57  数据 [0, 8, 0, 0, 0, 0, 74, 30, 0, 0, 0, 0, 8, 0, 0]
02:35:06 [总线][调试] ← #32 状态0x00 ff ff 20 11 00 00 08 00 00 00 00 4a 1e 00 00 00 00 08 00 00 56  数据 [0, 8, 0, 0, 0, 0, 74, 30, 0, 0, 0, 0, 8, 0, 0]
02:35:06 [总线][调试] ← #33 状态0x00 ff ff 21 11 00 00 08 00 00 00 00 4a 1e 00 00 00 00 08 00 00 55  数据 [0, 8, 0, 0, 0, 0, 74, 30, 0, 0, 0, 0, 8, 0, 0]
02:35:06 [总线][调试] ← #34 状态0x00 ff ff 22 11 00 00 08 00 00 00 00 4a 1e 00 00 00 00 08 00 00 54  数据 [0, 8, 0, 0, 0, 0, 74, 30, 0, 0, 0, 0, 8, 0, 0]
02:35:06 [总线][调试] ← #10 状态0x00 ff ff 0a 11 00 00 08 00 00 00 00 4a 1e 00 00 00 00 08 00 00 6c  数据 [0, 8, 0, 0, 0, 0, 74, 30, 0, 0, 0, 0, 8, 0, 0]
02:35:06 [总线][调试] ← #11 状态0x00 ff ff 0b 11 00 00 08 00 00 00 00 4a 1e 00 00 00 00 08 00 00 6b  数据 [0, 8, 0, 0, 0, 0, 74, 30, 0, 0, 0, 0, 8, 0, 0]
02:35:06 [总线][调试] ← #12 状态0x00 ff ff 0c 11 00 00 08 00 00 00 00 4a 1e 00 00 00 00 08 00 00 6a  数据 [0, 8, 0, 0, 0, 0, 74, 30, 0, 0, 0, 0, 8, 0, 0]
02:35:06 [总线][调试] ← #13 状态0x00 ff ff 0d 11 00 00 08 00 00 00 00 4a 1e 00 00 00 00 08 00 00 69  数据 [0, 8, 0, 0, 0, 0, 74, 30, 0, 0, 0, 0, 8, 0, 0]
02:35:06 [总线][调试] ← #14 状态0x00 ff ff 0e 11 00 00 08 00 00 00 00 4a 1e 00 00 00 00 08 00 00 68  数据 [0, 8, 0, 0, 0, 0, 74, 30, 0, 0, 0, 0, 8, 0, 0]
02:35:06 [总线][调试] → #254 SYNC_READ ff ff fe 14 82 38 0f c8 14 15 16 17 18 1e 1f 20 21 22 0a 0b 0c 0d 0e 12
02:35:06 [总线][调试] ← #200 状态0x00 ff ff c8 11 00 e2 00 8f ff 1e 00 00 00 00 00 8d 2f 6d 00 00 6f  数据 [226, 0, 143, 255, 30, 0, 0, 0, 0, 0, 141, 47, 109, 0, 0]
02:35:06 [总线][调试] ← #20 状态0x00 ff ff 14 11 00 00 08 00 00 00 00 4a 1e 00 00 00 00 08 00 00 62  数据 [0, 8, 0, 0, 0, 0, 74, 30, 0, 0, 0, 0, 8, 0, 0]
02:35:06 [总线][调试] ← #21 状态0x00 ff ff 15 11 00 00 08 00 00 00 00 4a 1e 00 00 00 00 08 00 00 61  数据 [0, 8, 0, 0, 0, 0, 74, 30, 0, 0, 0, 0, 8, 0, 0]
02:35:06 [总线][调试] ← #22 状态0x00 ff ff 16 11 00 00 08 00 00 00 00 4a 1e 00 00 00 00 08 00 00 60  数据 [0, 8, 0, 0, 0, 0, 74, 30, 0, 0, 0, 0, 8, 0, 0]
02:35:06 [总线][调试] ← #23 状态0x00 ff ff 17 11 00 00 08 00 00 00 00 4a 1e 00 00 00 00 08 00 00 5f  数据 [0, 8, 0, 0, 0, 0, 74, 30, 0, 0, 0, 0, 8, 0, 0]
02:35:06 [总线][调试] ← #24 状态0x00 ff ff 18 11 00 00 08 00 00 00 00 4a 1e 00 00 00 00 08 00 00 5e  数据 [0, 8, 0, 0, 0, 0, 74, 30, 0, 0, 0, 0, 8, 0, 0]
02:35:06 [总线][调试] ← #30 状态0x00 ff ff 1e 11 00 00 08 00 00 00 00 4a 1e 00 00 00 00 08 00 00 58  数据 [0, 8, 0, 0, 0, 0, 74, 30, 0, 0, 0, 0, 8, 0, 0]
02:35:06 [总线][调试] ← #31 状态0x00 ff ff 1f 11 00 00 08 00 00 00 00 4a 1e 00 00 00 00 08 00 00 57  数据 [0, 8, 0, 0, 0, 0, 74, 30, 0, 0, 0, 0, 8, 0, 0]
02:35:06 [总线][调试] ← #32 状态0x00 ff ff 20 11 00 00 08 00 00 00 00 4a 1e 00 00 00 00 08 00 00 56  数据 [0, 8, 0, 0, 0, 0, 74, 30, 0, 0, 0, 0, 8, 0, 0]
02:35:06 [总线][调试] ← #33 状态0x00 ff ff 21 11 00 00 08 00 00 00 00 4a 1e 00 00 00 00 08 00 00 55  数据 [0, 8, 0, 0, 0, 0, 74, 30, 0, 0, 0, 0, 8, 0, 0]
02:35:06 [总线][调试] ← #34 状态0x00 ff ff 22 11 00 00 08 00 00 00 00 4a 1e 00 00 00 00 08 00 00 54  数据 [0, 8, 0, 0, 0, 0, 74, 30, 0, 0, 0, 0, 8, 0, 0]
02:35:06 [总线][调试] ← #10 状态0x00 ff ff 0a 11 00 00 08 00 00 00 00 4a 1e 00 00 00 00 08 00 00 6c  数据 [0, 8, 0, 0, 0, 0, 74, 30, 0, 0, 0, 0, 8, 0, 0]
02:35:06 [总线][调试] ← #11 状态0x00 ff ff 0b 11 00 00 08 00 00 00 00 4a 1e 00 00 00 00 08 00 00 6b  数据 [0, 8, 0, 0, 0, 0, 74, 30, 0, 0, 0, 0, 8, 0, 0]
02:35:06 [总线][调试] ← #12 状态0x00 ff ff 0c 11 00 00 08 00 00 00 00 4a 1e 00 00 00 00 08 00 00 6a  数据 [0, 8, 0, 0, 0, 0, 74, 30, 0, 0, 0, 0, 8, 0, 0]
02:35:06 [总线][调试] ← #13 状态0x00 ff ff 0d 11 00 00 08 00 00 00 00 4a 1e 00 00 00 00 08 00 00 69  数据 [0, 8, 0, 0, 0, 0, 74, 30, 0, 0, 0, 0, 8, 0, 0]
02:35:06 [总线][调试] ← #14 状态0x00 ff ff 0e 11 00 00 08 00 00 00 00 4a 1e 00 00 00 00 08 00 00 68  数据 [0, 8, 0, 0, 0, 0, 74, 30, 0, 0, 0, 0, 8, 0, 0]
02:35:06 [总线][调试] → #254 SYNC_READ ff ff fe 14 82 38 0f c8 14 15 16 17 18 1e 1f 20 21 22 0a 0b 0c 0d 0e 12
02:35:06 [总线][调试] ← #200 状态0x00 ff ff c8 11 00 e8 00 91 ff 20 00 00 00 00 00 a6 2f 6f 00 00 4a  数据 [232, 0, 145, 255, 32, 0, 0, 0, 0, 0, 166, 47, 111, 0, 0]
02:35:06 [总线][调试] ← #20 状态0x00 ff ff 14 11 00 00 08 00 00 00 00 4a 1e 00 00 00 00 08 00 00 62  数据 [0, 8, 0, 0, 0, 0, 74, 30, 0, 0, 0, 0, 8, 0, 0]
02:35:06 [总线][调试] ← #21 状态0x00 ff ff 15 11 00 00 08 00 00 00 00 4a 1e 00 00 00 00 08 00 00 61  数据 [0, 8, 0, 0, 0, 0, 74, 30, 0, 0, 0, 0, 8, 0, 0]
02:35:06 [总线][调试] ← #22 状态0x00 ff ff 16 11 00 00 08 00 00 00 00 4a 1e 00 00 00 00 08 00 00 60  数据 [0, 8, 0, 0, 0, 0, 74, 30, 0, 0, 0, 0, 8, 0, 0]
02:35:06 [总线][调试] ← #23 状态0x00 ff ff 17 11 00 00 08 00 00 00 00 4a 1e 00 00 00 00 08 00 00 5f  数据 [0, 8, 0, 0, 0, 0, 74, 30, 0, 0, 0, 0, 8, 0, 0]
02:35:06 [总线][调试] ← #24 状态0x00 ff ff 18 11 00 00 08 00 00 00 00 4a 1e 00 00 00 00 08 00 00 5e  数据 [0, 8, 0, 0, 0, 0, 74, 30, 0, 0, 0, 0, 8, 0, 0]
02:35:06 [总线][调试] ← #30 状态0x00 ff ff 1e 11 00 00 08 00 00 00 00 4a 1e 00 00 00 00 08 00 00 58  数据 [0, 8, 0, 0, 0, 0, 74, 30, 0, 0, 0, 0, 8, 0, 0]
02:35:06 [总线][调试] ← #31 状态0x00 ff ff 1f 11 00 00 08 00 00 00 00 4a 1e 00 00 00 00 08 00 00 57  数据 [0, 8, 0, 0, 0, 0, 74, 30, 0, 0, 0, 0, 8, 0, 0]
02:35:06 [总线][调试] ← #32 状态0x00 ff ff 20 11 00 00 08 00 00 00 00 4a 1e 00 00 00 00 08 00 00 56  数据 [0, 8, 0, 0, 0, 0, 74, 30, 0, 0, 0, 0, 8, 0, 0]
02:35:06 [总线][调试] ← #33 状态0x00 ff ff 21 11 00 00 08 00 00 00 00 4a 1e 00 00 00 00 08 00 00 55  数据 [0, 8, 0, 0, 0, 0, 74, 30, 0, 0, 0, 0, 8, 0, 0]
02:35:06 [总线][调试] ← #34 状态0x00 ff ff 22 11 00 00 08 00 00 00 00 4a 1e 00 00 00 00 08 00 00 54  数据 [0, 8, 0, 0, 0, 0, 74, 30, 0, 0, 0, 0, 8, 0, 0]
02:35:06 [总线][调试] ← #10 状态0x00 ff ff 0a 11 00 00 08 00 00 00 00 4a 1e 00 00 00 00 08 00 00 6c  数据 [0, 8, 0, 0, 0, 0, 74, 30, 0, 0, 0, 0, 8, 0, 0]
02:35:06 [总线][调试] ← #11 状态0x00 ff ff 0b 11 00 00 08 00 00 00 00 4a 1e 00 00 00 00 08 00 00 6b  数据 [0, 8, 0, 0, 0, 0, 74, 30, 0, 0, 0, 0, 8, 0, 0]
02:35:06 [总线][调试] ← #12 状态0x00 ff ff 0c 11 00 00 08 00 00 00 00 4a 1e 00 00 00 00 08 00 00 6a  数据 [0, 8, 0, 0, 0, 0, 74, 30, 0, 0, 0, 0, 8, 0, 0]
02:35:06 [总线][调试] ← #13 状态0x00 ff ff 0d 11 00 00 08 00 00 00 00 4a 1e 00 00 00 00 08 00 00 69  数据 [0, 8, 0, 0, 0, 0, 74, 30, 0, 0, 0, 0, 8, 0, 0]
02:35:06 [总线][调试] ← #14 状态0x00 ff ff 0e 11 00 00 08 00 00 00 00 4a 1e 00 00 00 00 08 00 00 68  数据 [0, 8, 0, 0, 0, 0, 74, 30, 0, 0, 0, 0, 8, 0, 0]
02:35:06 [总线][调试] → #254 SYNC_READ ff ff fe 14 82 38 0f c8 14 15 16 17 18 1e 1f 20 21 22 0a 0b 0c 0d 0e 12
02:35:06 [总线][调试] ← #200 状态0x00 ff ff c8 11 00 e7 00 8d ff 1b 00 00 00 00 00 ca 2f 72 00 00 2d  数据 [231, 0, 141, 255, 27, 0, 0, 0, 0, 0, 202, 47, 114, 0, 0]
02:35:06 [总线][调试] ← #20 状态0x00 ff ff 14 11 00 00 08 00 00 00 00 4a 1e 00 00 00 00 08 00 00 62  数据 [0, 8, 0, 0, 0, 0, 74, 30, 0, 0, 0, 0, 8, 0, 0]
02:35:06 [总线][调试] ← #21 状态0x00 ff ff 15 11 00 00 08 00 00 00 00 4a 1e 00 00 00 00 08 00 00 61  数据 [0, 8, 0, 0, 0, 0, 74, 30, 0, 0, 0, 0, 8, 0, 0]
02:35:06 [总线][调试] ← #22 状态0x00 ff ff 16 11 00 00 08 00 00 00 00 4a 1e 00 00 00 00 08 00 00 60  数据 [0, 8, 0, 0, 0, 0, 74, 30, 0, 0, 0, 0, 8, 0, 0]
02:35:06 [总线][调试] ← #23 状态0x00 ff ff 17 11 00 00 08 00 00 00 00 4a 1e 00 00 00 00 08 00 00 5f  数据 [0, 8, 0, 0, 0, 0, 74, 30, 0, 0, 0, 0, 8, 0, 0]
02:35:06 [总线][调试] ← #24 状态0x00 ff ff 18 11 00 00 08 00 00 00 00 4a 1e 00 00 00 00 08 00 00 5e  数据 [0, 8, 0, 0, 0, 0, 74, 30, 0, 0, 0, 0, 8, 0, 0]
02:35:06 [总线][调试] ← #30 状态0x00 ff ff 1e 11 00 00 08 00 00 00 00 4a 1e 00 00 00 00 08 00 00 58  数据 [0, 8, 0, 0, 0, 0, 74, 30, 0, 0, 0, 0, 8, 0, 0]
02:35:06 [总线][调试] ← #31 状态0x00 ff ff 1f 11 00 00 08 00 00 00 00 4a 1e 00 00 00 00 08 00 00 57  数据 [0, 8, 0, 0, 0, 0, 74, 30, 0, 0, 0, 0, 8, 0, 0]
02:35:06 [总线][调试] ← #32 状态0x00 ff ff 20 11 00 00 08 00 00 00 00 4a 1e 00 00 00 00 08 00 00 56  数据 [0, 8, 0, 0, 0, 0, 74, 30, 0, 0, 0, 0, 8, 0, 0]
02:35:06 [总线][调试] ← #33 状态0x00 ff ff 21 11 00 00 08 00 00 00 00 4a 1e 00 00 00 00 08 00 00 55  数据 [0, 8, 0, 0, 0, 0, 74, 30, 0, 0, 0, 0, 8, 0, 0]
02:35:06 [总线][调试] ← #34 状态0x00 ff ff 22 11 00 00 08 00 00 00 00 4a 1e 00 00 00 00 08 00 00 54  数据 [0, 8, 0, 0, 0, 0, 74, 30, 0, 0, 0, 0, 8, 0, 0]
02:35:06 [总线][调试] ← #10 状态0x00 ff ff 0a 11 00 00 08 00 00 00 00 4a 1e 00 00 00 00 08 00 00 6c  数据 [0, 8, 0, 0, 0, 0, 74, 30, 0, 0, 0, 0, 8, 0, 0]
02:35:06 [总线][调试] ← #11 状态0x00 ff ff 0b 11 00 00 08 00 00 00 00 4a 1e 00 00 00 00 08 00 00 6b  数据 [0, 8, 0, 0, 0, 0, 74, 30, 0, 0, 0, 0, 8, 0, 0]
02:35:06 [总线][调试] ← #12 状态0x00 ff ff 0c 11 00 00 08 00 00 00 00 4a 1e 00 00 00 00 08 00 00 6a  数据 [0, 8, 0, 0, 0, 0, 74, 30, 0, 0, 0, 0, 8, 0, 0]
02:35:06 [总线][调试] ← #13 状态0x00 ff ff 0d 11 00 00 08 00 00 00 00 4a 1e 00 00 00 00 08 00 00 69  数据 [0, 8, 0, 0, 0, 0, 74, 30, 0, 0, 0, 0, 8, 0, 0]
02:35:06 [总线][调试] ← #14 状态0x00 ff ff 0e 11 00 00 08 00 00 00 00 4a 1e 00 00 00 00 08 00 00 68  数据 [0, 8, 0, 0, 0, 0, 74, 30, 0, 0, 0, 0, 8, 0, 0]
02:35:06 [总线][调试] → #254 SYNC_READ ff ff fe 14 82 38 0f c8 14 15 16 17 18 1e 1f 20 21 22 0a 0b 0c 0d 0e 12
02:35:06 [总线][调试] ← #200 状态0x00 ff ff c8 11 00 ec 00 8f ff 1e 00 00 00 00 00 e1 2f 74 00 00 0a  数据 [236, 0, 143, 255, 30, 0, 0, 0, 0, 0, 225, 47, 116, 0, 0]
02:35:06 [总线][调试] ← #20 状态0x00 ff ff 14 11 00 00 08 00 00 00 00 4a 1e 00 00 00 00 08 00 00 62  数据 [0, 8, 0, 0, 0, 0, 74, 30, 0, 0, 0, 0, 8, 0, 0]
02:35:06 [总线][调试] ← #21 状态0x00 ff ff 15 11 00 00 08 00 00 00 00 4a 1e 00 00 00 00 08 00 00 61  数据 [0, 8, 0, 0, 0, 0, 74, 30, 0, 0, 0, 0, 8, 0, 0]
02:35:06 [总线][调试] ← #22 状态0x00 ff ff 16 11 00 00 08 00 00 00 00 4a 1e 00 00 00 00 08 00 00 60  数据 [0, 8, 0, 0, 0, 0, 74, 30, 0, 0, 0, 0, 8, 0, 0]
02:35:06 [总线][调试] ← #23 状态0x00 ff ff 17 11 00 00 08 00 00 00 00 4a 1e 00 00 00 00 08 00 00 5f  数据 [0, 8, 0, 0, 0, 0, 74, 30, 0, 0, 0, 0, 8, 0, 0]
02:35:06 [总线][调试] ← #24 状态0x00 ff ff 18 11 00 00 08 00 00 00 00 4a 1e 00 00 00 00 08 00 00 5e  数据 [0, 8, 0, 0, 0, 0, 74, 30, 0, 0, 0, 0, 8, 0, 0]
02:35:06 [总线][调试] ← #30 状态0x00 ff ff 1e 11 00 00 08 00 00 00 00 4a 1e 00 00 00 00 08 00 00 58  数据 [0, 8, 0, 0, 0, 0, 74, 30, 0, 0, 0, 0, 8, 0, 0]
02:35:06 [总线][调试] ← #31 状态0x00 ff ff 1f 11 00 00 08 00 00 00 00 4a 1e 00 00 00 00 08 00 00 57  数据 [0, 8, 0, 0, 0, 0, 74, 30, 0, 0, 0, 0, 8, 0, 0]
02:35:06 [总线][调试] ← #32 状态0x00 ff ff 20 11 00 00 08 00 00 00 00 4a 1e 00 00 00 00 08 00 00 56  数据 [0, 8, 0, 0, 0, 0, 74, 30, 0, 0, 0, 0, 8, 0, 0]
02:35:06 [总线][调试] ← #33 状态0x00 ff ff 21 11 00 00 08 00 00 00 00 4a 1e 00 00 00 00 08 00 00 55  数据 [0, 8, 0, 0, 0, 0, 74, 30, 0, 0, 0, 0, 8, 0, 0]
02:35:06 [总线][调试] ← #34 状态0x00 ff ff 22 11 00 00 08 00 00 00 00 4a 1e 00 00 00 00 08 00 00 54  数据 [0, 8, 0, 0, 0, 0, 74, 30, 0, 0, 0, 0, 8, 0, 0]
02:35:06 [总线][调试] ← #10 状态0x00 ff ff 0a 11 00 00 08 00 00 00 00 4a 1e 00 00 00 00 08 00 00 6c  数据 [0, 8, 0, 0, 0, 0, 74, 30, 0, 0, 0, 0, 8, 0, 0]
02:35:06 [总线][调试] ← #11 状态0x00 ff ff 0b 11 00 00 08 00 00 00 00 4a 1e 00 00 00 00 08 00 00 6b  数据 [0, 8, 0, 0, 0, 0, 74, 30, 0, 0, 0, 0, 8, 0, 0]
02:35:06 [总线][调试] ← #12 状态0x00 ff ff 0c 11 00 00 08 00 00 00 00 4a 1e 00 00 00 00 08 00 00 6a  数据 [0, 8, 0, 0, 0, 0, 74, 30, 0, 0, 0, 0, 8, 0, 0]
02:35:06 [总线][调试] ← #13 状态0x00 ff ff 0d 11 00 00 08 00 00 00 00 4a 1e 00 00 00 00 08 00 00 69  数据 [0, 8, 0, 0, 0, 0, 74, 30, 0, 0, 0, 0, 8, 0, 0]
02:35:06 [总线][调试] ← #14 状态0x00 ff ff 0e 11 00 00 08 00 00 00 00 4a 1e 00 00 00 00 08 00 00 68  数据 [0, 8, 0, 0, 0, 0, 74, 30, 0, 0, 0, 0, 8, 0, 0]
02:35:06 [总线][调试] → #254 SYNC_READ ff ff fe 14 82 38 0f c8 14 15 16 17 18 1e 1f 20 21 22 0a 0b 0c 0d 0e 12
02:35:06 [总线][调试] ← #200 状态0x00 ff ff c8 11 00 ec 00 8a ff 19 00 00 00 00 00 02 30 77 00 00 ef  数据 [236, 0, 138, 255, 25, 0, 0, 0, 0, 0, 2, 48, 119, 0, 0]
02:35:06 [总线][调试] ← #20 状态0x00 ff ff 14 11 00 00 08 00 00 00 00 4a 1e 00 00 00 00 08 00 00 62  数据 [0, 8, 0, 0, 0, 0, 74, 30, 0, 0, 0, 0, 8, 0, 0]
02:35:06 [总线][调试] ← #21 状态0x00 ff ff 15 11 00 00 08 00 00 00 00 4a 1e 00 00 00 00 08 00 00 61  数据 [0, 8, 0, 0, 0, 0, 74, 30, 0, 0, 0, 0, 8, 0, 0]
02:35:06 [总线][调试] ← #22 状态0x00 ff ff 16 11 00 00 08 00 00 00 00 4a 1e 00 00 00 00 08 00 00 60  数据 [0, 8, 0, 0, 0, 0, 74, 30, 0, 0, 0, 0, 8, 0, 0]
02:35:06 [总线][调试] ← #23 状态0x00 ff ff 17 11 00 00 08 00 00 00 00 4a 1e 00 00 00 00 08 00 00 5f  数据 [0, 8, 0, 0, 0, 0, 74, 30, 0, 0, 0, 0, 8, 0, 0]
02:35:06 [总线][调试] ← #24 状态0x00 ff ff 18 11 00 00 08 00 00 00 00 4a 1e 00 00 00 00 08 00 00 5e  数据 [0, 8, 0, 0, 0, 0, 74, 30, 0, 0, 0, 0, 8, 0, 0]
02:35:06 [总线][调试] ← #30 状态0x00 ff ff 1e 11 00 00 08 00 00 00 00 4a 1e 00 00 00 00 08 00 00 58  数据 [0, 8, 0, 0, 0, 0, 74, 30, 0, 0, 0, 0, 8, 0, 0]
02:35:06 [总线][调试] ← #31 状态0x00 ff ff 1f 11 00 00 08 00 00 00 00 4a 1e 00 00 00 00 08 00 00 57  数据 [0, 8, 0, 0, 0, 0, 74, 30, 0, 0, 0, 0, 8, 0, 0]
02:35:06 [总线][调试] ← #32 状态0x00 ff ff 20 11 00 00 08 00 00 00 00 4a 1e 00 00 00 00 08 00 00 56  数据 [0, 8, 0, 0, 0, 0, 74, 30, 0, 0, 0, 0, 8, 0, 0]
02:35:06 [总线][调试] ← #33 状态0x00 ff ff 21 11 00 00 08 00 00 00 00 4a 1e 00 00 00 00 08 00 00 55  数据 [0, 8, 0, 0, 0, 0, 74, 30, 0, 0, 0, 0, 8, 0, 0]
02:35:06 [总线][调试] ← #34 状态0x00 ff ff 22 11 00 00 08 00 00 00 00 4a 1e 00 00 00 00 08 00 00 54  数据 [0, 8, 0, 0, 0, 0, 74, 30, 0, 0, 0, 0, 8, 0, 0]
02:35:06 [总线][调试] ← #10 状态0x00 ff ff 0a 11 00 00 08 00 00 00 00 4a 1e 00 00 00 00 08 00 00 6c  数据 [0, 8, 0, 0, 0, 0, 74, 30, 0, 0, 0, 0, 8, 0, 0]
02:35:06 [总线][调试] ← #11 状态0x00 ff ff 0b 11 00 00 08 00 00 00 00 4a 1e 00 00 00 00 08 00 00 6b  数据 [0, 8, 0, 0, 0, 0, 74, 30, 0, 0, 0, 0, 8, 0, 0]
02:35:06 [总线][调试] ← #12 状态0x00 ff ff 0c 11 00 00 08 00 00 00 00 4a 1e 00 00 00 00 08 00 00 6a  数据 [0, 8, 0, 0, 0, 0, 74, 30, 0, 0, 0, 0, 8, 0, 0]
02:35:06 [总线][调试] ← #13 状态0x00 ff ff 0d 11 00 00 08 00 00 00 00 4a 1e 00 00 00 00 08 00 00 69  数据 [0, 8, 0, 0, 0, 0, 74, 30, 0, 0, 0, 0, 8, 0, 0]
02:35:06 [总线][调试] ← #14 状态0x00 ff ff 0e 11 00 00 08 00 00 00 00 4a 1e 00 00 00 00 08 00 00 68  数据 [0, 8, 0, 0, 0, 0, 74, 30, 0, 0, 0, 0, 8, 0, 0]
02:35:06 [总线][调试] → #254 SYNC_READ ff ff fe 14 82 38 0f c8 14 15 16 17 18 1e 1f 20 21 22 0a 0b 0c 0d 0e 12
02:35:06 [总线][调试] ← #200 状态0x00 ff ff c8 11 00 f1 00 8d ff 1b 00 00 00 00 00 0d 30 79 00 00 d8  数据 [241, 0, 141, 255, 27, 0, 0, 0, 0, 0, 13, 48, 121, 0, 0]
02:35:06 [总线][调试] ← #20 状态0x00 ff ff 14 11 00 00 08 00 00 00 00 4a 1e 00 00 00 00 08 00 00 62  数据 [0, 8, 0, 0, 0, 0, 74, 30, 0, 0, 0, 0, 8, 0, 0]
02:35:06 [总线][调试] ← #21 状态0x00 ff ff 15 11 00 00 08 00 00 00 00 4a 1e 00 00 00 00 08 00 00 61  数据 [0, 8, 0, 0, 0, 0, 74, 30, 0, 0, 0, 0, 8, 0, 0]
02:35:06 [总线][调试] ← #22 状态0x00 ff ff 16 11 00 00 08 00 00 00 00 4a 1e 00 00 00 00 08 00 00 60  数据 [0, 8, 0, 0, 0, 0, 74, 30, 0, 0, 0, 0, 8, 0, 0]
02:35:06 [总线][调试] ← #23 状态0x00 ff ff 17 11 00 00 08 00 00 00 00 4a 1e 00 00 00 00 08 00 00 5f  数据 [0, 8, 0, 0, 0, 0, 74, 30, 0, 0, 0, 0, 8, 0, 0]
02:35:06 [总线][调试] ← #24 状态0x00 ff ff 18 11 00 00 08 00 00 00 00 4a 1e 00 00 00 00 08 00 00 5e  数据 [0, 8, 0, 0, 0, 0, 74, 30, 0, 0, 0, 0, 8, 0, 0]
02:35:06 [总线][调试] ← #30 状态0x00 ff ff 1e 11 00 00 08 00 00 00 00 4a 1e 00 00 00 00 08 00 00 58  数据 [0, 8, 0, 0, 0, 0, 74, 30, 0, 0, 0, 0, 8, 0, 0]
02:35:06 [总线][调试] ← #31 状态0x00 ff ff 1f 11 00 00 08 00 00 00 00 4a 1e 00 00 00 00 08 00 00 57  数据 [0, 8, 0, 0, 0, 0, 74, 30, 0, 0, 0, 0, 8, 0, 0]
02:35:06 [总线][调试] ← #32 状态0x00 ff ff 20 11 00 00 08 00 00 00 00 4a 1e 00 00 00 00 08 00 00 56  数据 [0, 8, 0, 0, 0, 0, 74, 30, 0, 0, 0, 0, 8, 0, 0]
02:35:06 [总线][调试] ← #33 状态0x00 ff ff 21 11 00 00 08 00 00 00 00 4a 1e 00 00 00 00 08 00 00 55  数据 [0, 8, 0, 0, 0, 0, 74, 30, 0, 0, 0, 0, 8, 0, 0]
02:35:06 [总线][调试] ← #34 状态0x00 ff ff 22 11 00 00 08 00 00 00 00 4a 1e 00 00 00 00 08 00 00 54  数据 [0, 8, 0, 0, 0, 0, 74, 30, 0, 0, 0, 0, 8, 0, 0]
02:35:06 [总线][调试] ← #10 状态0x00 ff ff 0a 11 00 00 08 00 00 00 00 4a 1e 00 00 00 00 08 00 00 6c  数据 [0, 8, 0, 0, 0, 0, 74, 30, 0, 0, 0, 0, 8, 0, 0]
02:35:06 [总线][调试] ← #11 状态0x00 ff ff 0b 11 00 00 08 00 00 00 00 4a 1e 00 00 00 00 08 00 00 6b  数据 [0, 8, 0, 0, 0, 0, 74, 30, 0, 0, 0, 0, 8, 0, 0]
02:35:06 [总线][调试] ← #12 状态0x00 ff ff 0c 11 00 00 08 00 00 00 00 4a 1e 00 00 00 00 08 00 00 6a  数据 [0, 8, 0, 0, 0, 0, 74, 30, 0, 0, 0, 0, 8, 0, 0]
02:35:06 [总线][调试] ← #13 状态0x00 ff ff 0d 11 00 00 08 00 00 00 00 4a 1e 00 00 00 00 08 00 00 69  数据 [0, 8, 0, 0, 0, 0, 74, 30, 0, 0, 0, 0, 8, 0, 0]
02:35:06 [总线][调试] ← #14 状态0x00 ff ff 0e 11 00 00 08 00 00 00 00 4a 1e 00 00 00 00 08 00 00 68  数据 [0, 8, 0, 0, 0, 0, 74, 30, 0, 0, 0, 0, 8, 0, 0]
02:35:06 [总线][调试] → #254 SYNC_READ ff ff fe 14 82 38 0f c8 14 15 16 17 18 1e 1f 20 21 22 0a 0b 0c 0d 0e 12
02:35:06 [总线][调试] ← #200 状态0x00 ff ff c8 11 00 f8 00 90 ff 1f 00 00 00 00 00 1d 30 7c 00 00 b7  数据 [248, 0, 144, 255, 31, 0, 0, 0, 0, 0, 29, 48, 124, 0, 0]
02:35:06 [总线][调试] ← #20 状态0x00 ff ff 14 11 00 00 08 00 00 00 00 4a 1e 00 00 00 00 08 00 00 62  数据 [0, 8, 0, 0, 0, 0, 74, 30, 0, 0, 0, 0, 8, 0, 0]
02:35:06 [总线][调试] ← #21 状态0x00 ff ff 15 11 00 00 08 00 00 00 00 4a 1e 00 00 00 00 08 00 00 61  数据 [0, 8, 0, 0, 0, 0, 74, 30, 0, 0, 0, 0, 8, 0, 0]
02:35:06 [总线][调试] ← #22 状态0x00 ff ff 16 11 00 00 08 00 00 00 00 4a 1e 00 00 00 00 08 00 00 60  数据 [0, 8, 0, 0, 0, 0, 74, 30, 0, 0, 0, 0, 8, 0, 0]
02:35:06 [总线][调试] ← #23 状态0x00 ff ff 17 11 00 00 08 00 00 00 00 4a 1e 00 00 00 00 08 00 00 5f  数据 [0, 8, 0, 0, 0, 0, 74, 30, 0, 0, 0, 0, 8, 0, 0]
02:35:06 [总线][调试] ← #24 状态0x00 ff ff 18 11 00 00 08 00 00 00 00 4a 1e 00 00 00 00 08 00 00 5e  数据 [0, 8, 0, 0, 0, 0, 74, 30, 0, 0, 0, 0, 8, 0, 0]
02:35:06 [总线][调试] ← #30 状态0x00 ff ff 1e 11 00 00 08 00 00 00 00 4a 1e 00 00 00 00 08 00 00 58  数据 [0, 8, 0, 0, 0, 0, 74, 30, 0, 0, 0, 0, 8, 0, 0]
02:35:06 [总线][调试] ← #31 状态0x00 ff ff 1f 11 00 00 08 00 00 00 00 4a 1e 00 00 00 00 08 00 00 57  数据 [0, 8, 0, 0, 0, 0, 74, 30, 0, 0, 0, 0, 8, 0, 0]
02:35:06 [总线][调试] ← #32 状态0x00 ff ff 20 11 00 00 08 00 00 00 00 4a 1e 00 00 00 00 08 00 00 56  数据 [0, 8, 0, 0, 0, 0, 74, 30, 0, 0, 0, 0, 8, 0, 0]
02:35:06 [总线][调试] ← #33 状态0x00 ff ff 21 11 00 00 08 00 00 00 00 4a 1e 00 00 00 00 08 00 00 55  数据 [0, 8, 0, 0, 0, 0, 74, 30, 0, 0, 0, 0, 8, 0, 0]
02:35:06 [总线][调试] ← #34 状态0x00 ff ff 22 11 00 00 08 00 00 00 00 4a 1e 00 00 00 00 08 00 00 54  数据 [0, 8, 0, 0, 0, 0, 74, 30, 0, 0, 0, 0, 8, 0, 0]
02:35:06 [总线][调试] ← #10 状态0x00 ff ff 0a 11 00 00 08 00 00 00 00 4a 1e 00 00 00 00 08 00 00 6c  数据 [0, 8, 0, 0, 0, 0, 74, 30, 0, 0, 0, 0, 8, 0, 0]
02:35:06 [总线][调试] ← #11 状态0x00 ff ff 0b 11 00 00 08 00 00 00 00 4a 1e 00 00 00 00 08 00 00 6b  数据 [0, 8, 0, 0, 0, 0, 74, 30, 0, 0, 0, 0, 8, 0, 0]
02:35:06 [总线][调试] ← #12 状态0x00 ff ff 0c 11 00 00 08 00 00 00 00 4a 1e 00 00 00 00 08 00 00 6a  数据 [0, 8, 0, 0, 0, 0, 74, 30, 0, 0, 0, 0, 8, 0, 0]
02:35:06 [总线][调试] ← #13 状态0x00 ff ff 0d 11 00 00 08 00 00 00 00 4a 1e 00 00 00 00 08 00 00 69  数据 [0, 8, 0, 0, 0, 0, 74, 30, 0, 0, 0, 0, 8, 0, 0]
02:35:06 [总线][调试] ← #14 状态0x00 ff ff 0e 11 00 00 08 00 00 00 00 4a 1e 00 00 00 00 08 00 00 68  数据 [0, 8, 0, 0, 0, 0, 74, 30, 0, 0, 0, 0, 8, 0, 0]
02:35:06 [总线][调试] → #254 SYNC_READ ff ff fe 14 82 38 0f c8 14 15 16 17 18 1e 1f 20 21 22 0a 0b 0c 0d 0e 12
02:35:06 [总线][调试] ← #200 状态0x00 ff ff c8 11 00 f4 00 8a ff 19 00 00 00 00 00 27 30 7e 00 00 bb  数据 [244, 0, 138, 255, 25, 0, 0, 0, 0, 0, 39, 48, 126, 0, 0]
02:35:06 [总线][调试] ← #20 状态0x00 ff ff 14 11 00 00 08 00 00 00 00 4a 1e 00 00 00 00 08 00 00 62  数据 [0, 8, 0, 0, 0, 0, 74, 30, 0, 0, 0, 0, 8, 0, 0]
02:35:06 [总线][调试] ← #21 状态0x00 ff ff 15 11 00 00 08 00 00 00 00 4a 1e 00 00 00 00 08 00 00 61  数据 [0, 8, 0, 0, 0, 0, 74, 30, 0, 0, 0, 0, 8, 0, 0]
02:35:06 [总线][调试] ← #22 状态0x00 ff ff 16 11 00 00 08 00 00 00 00 4a 1e 00 00 00 00 08 00 00 60  数据 [0, 8, 0, 0, 0, 0, 74, 30, 0, 0, 0, 0, 8, 0, 0]
02:35:06 [总线][调试] ← #23 状态0x00 ff ff 17 11 00 00 08 00 00 00 00 4a 1e 00 00 00 00 08 00 00 5f  数据 [0, 8, 0, 0, 0, 0, 74, 30, 0, 0, 0, 0, 8, 0, 0]
02:35:06 [总线][调试] ← #24 状态0x00 ff ff 18 11 00 00 08 00 00 00 00 4a 1e 00 00 00 00 08 00 00 5e  数据 [0, 8, 0, 0, 0, 0, 74, 30, 0, 0, 0, 0, 8, 0, 0]
02:35:06 [总线][调试] ← #30 状态0x00 ff ff 1e 11 00 00 08 00 00 00 00 4a 1e 00 00 00 00 08 00 00 58  数据 [0, 8, 0, 0, 0, 0, 74, 30, 0, 0, 0, 0, 8, 0, 0]
02:35:06 [总线][调试] ← #31 状态0x00 ff ff 1f 11 00 00 08 00 00 00 00 4a 1e 00 00 00 00 08 00 00 57  数据 [0, 8, 0, 0, 0, 0, 74, 30, 0, 0, 0, 0, 8, 0, 0]
02:35:06 [总线][调试] ← #32 状态0x00 ff ff 20 11 00 00 08 00 00 00 00 4a 1e 00 00 00 00 08 00 00 56  数据 [0, 8, 0, 0, 0, 0, 74, 30, 0, 0, 0, 0, 8, 0, 0]
02:35:06 [总线][调试] ← #33 状态0x00 ff ff 21 11 00 00 08 00 00 00 00 4a 1e 00 00 00 00 08 00 00 55  数据 [0, 8, 0, 0, 0, 0, 74, 30, 0, 0, 0, 0, 8, 0, 0]
02:35:06 [总线][调试] ← #34 状态0x00 ff ff 22 11 00 00 08 00 00 00 00 4a 1e 00 00 00 00 08 00 00 54  数据 [0, 8, 0, 0, 0, 0, 74, 30, 0, 0, 0, 0, 8, 0, 0]
02:35:06 [总线][调试] ← #10 状态0x00 ff ff 0a 11 00 00 08 00 00 00 00 4a 1e 00 00 00 00 08 00 00 6c  数据 [0, 8, 0, 0, 0, 0, 74, 30, 0, 0, 0, 0, 8, 0, 0]
02:35:06 [总线][调试] ← #11 状态0x00 ff ff 0b 11 00 00 08 00 00 00 00 4a 1e 00 00 00 00 08 00 00 6b  数据 [0, 8, 0, 0, 0, 0, 74, 30, 0, 0, 0, 0, 8, 0, 0]
02:35:06 [总线][调试] ← #12 状态0x00 ff ff 0c 11 00 00 08 00 00 00 00 4a 1e 00 00 00 00 08 00 00 6a  数据 [0, 8, 0, 0, 0, 0, 74, 30, 0, 0, 0, 0, 8, 0, 0]
02:35:06 [总线][调试] ← #13 状态0x00 ff ff 0d 11 00 00 08 00 00 00 00 4a 1e 00 00 00 00 08 00 00 69  数据 [0, 8, 0, 0, 0, 0, 74, 30, 0, 0, 0, 0, 8, 0, 0]
02:35:06 [总线][调试] ← #14 状态0x00 ff ff 0e 11 00 00 08 00 00 00 00 4a 1e 00 00 00 00 08 00 00 68  数据 [0, 8, 0, 0, 0, 0, 74, 30, 0, 0, 0, 0, 8, 0, 0]
02:35:06 [总线][调试] → #254 SYNC_READ ff ff fe 14 82 38 0f c8 14 15 16 17 18 1e 1f 20 21 22 0a 0b 0c 0d 0e 12
02:35:06 [总线][调试] ← #200 状态0x00 ff ff c8 11 00 fb 00 8e ff 1d 00 00 00 00 00 36 30 81 00 00 9a  数据 [251, 0, 142, 255, 29, 0, 0, 0, 0, 0, 54, 48, 129, 0, 0]
02:35:06 [总线][调试] ← #20 状态0x00 ff ff 14 11 00 00 08 00 00 00 00 4a 1e 00 00 00 00 08 00 00 62  数据 [0, 8, 0, 0, 0, 0, 74, 30, 0, 0, 0, 0, 8, 0, 0]
02:35:06 [总线][调试] ← #21 状态0x00 ff ff 15 11 00 00 08 00 00 00 00 4a 1e 00 00 00 00 08 00 00 61  数据 [0, 8, 0, 0, 0, 0, 74, 30, 0, 0, 0, 0, 8, 0, 0]
02:35:06 [总线][调试] ← #22 状态0x00 ff ff 16 11 00 00 08 00 00 00 00 4a 1e 00 00 00 00 08 00 00 60  数据 [0, 8, 0, 0, 0, 0, 74, 30, 0, 0, 0, 0, 8, 0, 0]
02:35:06 [总线][调试] ← #23 状态0x00 ff ff 17 11 00 00 08 00 00 00 00 4a 1e 00 00 00 00 08 00 00 5f  数据 [0, 8, 0, 0, 0, 0, 74, 30, 0, 0, 0, 0, 8, 0, 0]
02:35:06 [总线][调试] ← #24 状态0x00 ff ff 18 11 00 00 08 00 00 00 00 4a 1e 00 00 00 00 08 00 00 5e  数据 [0, 8, 0, 0, 0, 0, 74, 30, 0, 0, 0, 0, 8, 0, 0]
02:35:06 [总线][调试] ← #30 状态0x00 ff ff 1e 11 00 00 08 00 00 00 00 4a 1e 00 00 00 00 08 00 00 58  数据 [0, 8, 0, 0, 0, 0, 74, 30, 0, 0, 0, 0, 8, 0, 0]
02:35:06 [总线][调试] ← #31 状态0x00 ff ff 1f 11 00 00 08 00 00 00 00 4a 1e 00 00 00 00 08 00 00 57  数据 [0, 8, 0, 0, 0, 0, 74, 30, 0, 0, 0, 0, 8, 0, 0]
02:35:06 [总线][调试] ← #32 状态0x00 ff ff 20 11 00 00 08 00 00 00 00 4a 1e 00 00 00 00 08 00 00 56  数据 [0, 8, 0, 0, 0, 0, 74, 30, 0, 0, 0, 0, 8, 0, 0]
02:35:06 [总线][调试] ← #33 状态0x00 ff ff 21 11 00 00 08 00 00 00 00 4a 1e 00 00 00 00 08 00 00 55  数据 [0, 8, 0, 0, 0, 0, 74, 30, 0, 0, 0, 0, 8, 0, 0]
02:35:06 [总线][调试] ← #34 状态0x00 ff ff 22 11 00 00 08 00 00 00 00 4a 1e 00 00 00 00 08 00 00 54  数据 [0, 8, 0, 0, 0, 0, 74, 30, 0, 0, 0, 0, 8, 0, 0]
02:35:06 [总线][调试] ← #10 状态0x00 ff ff 0a 11 00 00 08 00 00 00 00 4a 1e 00 00 00 00 08 00 00 6c  数据 [0, 8, 0, 0, 0, 0, 74, 30, 0, 0, 0, 0, 8, 0, 0]
02:35:06 [总线][调试] ← #11 状态0x00 ff ff 0b 11 00 00 08 00 00 00 00 4a 1e 00 00 00 00 08 00 00 6b  数据 [0, 8, 0, 0, 0, 0, 74, 30, 0, 0, 0, 0, 8, 0, 0]
02:35:06 [总线][调试] ← #12 状态0x00 ff ff 0c 11 00 00 08 00 00 00 00 4a 1e 00 00 00 00 08 00 00 6a  数据 [0, 8, 0, 0, 0, 0, 74, 30, 0, 0, 0, 0, 8, 0, 0]
02:35:06 [总线][调试] ← #13 状态0x00 ff ff 0d 11 00 00 08 00 00 00 00 4a 1e 00 00 00 00 08 00 00 69  数据 [0, 8, 0, 0, 0, 0, 74, 30, 0, 0, 0, 0, 8, 0, 0]
02:35:06 [总线][调试] ← #14 状态0x00 ff ff 0e 11 00 00 08 00 00 00 00 4a 1e 00 00 00 00 08 00 00 68  数据 [0, 8, 0, 0, 0, 0, 74, 30, 0, 0, 0, 0, 8, 0, 0]
02:35:06 [总线][调试] → #254 SYNC_READ ff ff fe 14 82 38 0f c8 14 15 16 17 18 1e 1f 20 21 22 0a 0b 0c 0d 0e 12
02:35:06 [总线][调试] ← #200 状态0x00 ff ff c8 11 00 00 01 90 ff 1f 00 00 00 00 00 3f 30 83 00 00 85  数据 [0, 1, 144, 255, 31, 0, 0, 0, 0, 0, 63, 48, 131, 0, 0]
02:35:06 [总线][调试] ← #20 状态0x00 ff ff 14 11 00 00 08 00 00 00 00 4a 1e 00 00 00 00 08 00 00 62  数据 [0, 8, 0, 0, 0, 0, 74, 30, 0, 0, 0, 0, 8, 0, 0]
02:35:06 [总线][调试] ← #21 状态0x00 ff ff 15 11 00 00 08 00 00 00 00 4a 1e 00 00 00 00 08 00 00 61  数据 [0, 8, 0, 0, 0, 0, 74, 30, 0, 0, 0, 0, 8, 0, 0]
02:35:06 [总线][调试] ← #22 状态0x00 ff ff 16 11 00 00 08 00 00 00 00 4a 1e 00 00 00 00 08 00 00 60  数据 [0, 8, 0, 0, 0, 0, 74, 30, 0, 0, 0, 0, 8, 0, 0]
02:35:06 [总线][调试] ← #23 状态0x00 ff ff 17 11 00 00 08 00 00 00 00 4a 1e 00 00 00 00 08 00 00 5f  数据 [0, 8, 0, 0, 0, 0, 74, 30, 0, 0, 0, 0, 8, 0, 0]
02:35:06 [总线][调试] ← #24 状态0x00 ff ff 18 11 00 00 08 00 00 00 00 4a 1e 00 00 00 00 08 00 00 5e  数据 [0, 8, 0, 0, 0, 0, 74, 30, 0, 0, 0, 0, 8, 0, 0]
02:35:06 [总线][调试] ← #30 状态0x00 ff ff 1e 11 00 00 08 00 00 00 00 4a 1e 00 00 00 00 08 00 00 58  数据 [0, 8, 0, 0, 0, 0, 74, 30, 0, 0, 0, 0, 8, 0, 0]
02:35:06 [总线][调试] ← #31 状态0x00 ff ff 1f 11 00 00 08 00 00 00 00 4a 1e 00 00 00 00 08 00 00 57  数据 [0, 8, 0, 0, 0, 0, 74, 30, 0, 0, 0, 0, 8, 0, 0]
02:35:06 [总线][调试] ← #32 状态0x00 ff ff 20 11 00 00 08 00 00 00 00 4a 1e 00 00 00 00 08 00 00 56  数据 [0, 8, 0, 0, 0, 0, 74, 30, 0, 0, 0, 0, 8, 0, 0]
02:35:06 [总线][调试] ← #33 状态0x00 ff ff 21 11 00 00 08 00 00 00 00 4a 1e 00 00 00 00 08 00 00 55  数据 [0, 8, 0, 0, 0, 0, 74, 30, 0, 0, 0, 0, 8, 0, 0]
02:35:06 [总线][调试] ← #34 状态0x00 ff ff 22 11 00 00 08 00 00 00 00 4a 1e 00 00 00 00 08 00 00 54  数据 [0, 8, 0, 0, 0, 0, 74, 30, 0, 0, 0, 0, 8, 0, 0]
02:35:06 [总线][调试] ← #10 状态0x00 ff ff 0a 11 00 00 08 00 00 00 00 4a 1e 00 00 00 00 08 00 00 6c  数据 [0, 8, 0, 0, 0, 0, 74, 30, 0, 0, 0, 0, 8, 0, 0]
02:35:06 [总线][调试] ← #11 状态0x00 ff ff 0b 11 00 00 08 00 00 00 00 4a 1e 00 00 00 00 08 00 00 6b  数据 [0, 8, 0, 0, 0, 0, 74, 30, 0, 0, 0, 0, 8, 0, 0]
02:35:06 [总线][调试] ← #12 状态0x00 ff ff 0c 11 00 00 08 00 00 00 00 4a 1e 00 00 00 00 08 00 00 6a  数据 [0, 8, 0, 0, 0, 0, 74, 30, 0, 0, 0, 0, 8, 0, 0]
02:35:06 [总线][调试] ← #13 状态0x00 ff ff 0d 11 00 00 08 00 00 00 00 4a 1e 00 00 00 00 08 00 00 69  数据 [0, 8, 0, 0, 0, 0, 74, 30, 0, 0, 0, 0, 8, 0, 0]
02:35:06 [总线][调试] ← #14 状态0x00 ff ff 0e 11 00 00 08 00 00 00 00 4a 1e 00 00 00 00 08 00 00 68  数据 [0, 8, 0, 0, 0, 0, 74, 30, 0, 0, 0, 0, 8, 0, 0]
02:35:06 [总线][调试] → #254 SYNC_READ ff ff fe 14 82 38 0f c8 14 15 16 17 18 1e 1f 20 21 22 0a 0b 0c 0d 0e 12
02:35:06 [总线][调试] ← #200 状态0x00 ff ff c8 11 00 fc 00 8a ff 19 00 00 00 00 00 48 30 85 00 00 8b  数据 [252, 0, 138, 255, 25, 0, 0, 0, 0, 0, 72, 48, 133, 0, 0]
02:35:06 [总线][调试] ← #20 状态0x00 ff ff 14 11 00 00 08 00 00 00 00 4a 1e 00 00 00 00 08 00 00 62  数据 [0, 8, 0, 0, 0, 0, 74, 30, 0, 0, 0, 0, 8, 0, 0]
02:35:06 [总线][调试] ← #21 状态0x00 ff ff 15 11 00 00 08 00 00 00 00 4a 1e 00 00 00 00 08 00 00 61  数据 [0, 8, 0, 0, 0, 0, 74, 30, 0, 0, 0, 0, 8, 0, 0]
02:35:06 [总线][调试] ← #22 状态0x00 ff ff 16 11 00 00 08 00 00 00 00 4a 1e 00 00 00 00 08 00 00 60  数据 [0, 8, 0, 0, 0, 0, 74, 30, 0, 0, 0, 0, 8, 0, 0]
02:35:06 [总线][调试] ← #23 状态0x00 ff ff 17 11 00 00 08 00 00 00 00 4a 1e 00 00 00 00 08 00 00 5f  数据 [0, 8, 0, 0, 0, 0, 74, 30, 0, 0, 0, 0, 8, 0, 0]
02:35:06 [总线][调试] ← #24 状态0x00 ff ff 18 11 00 00 08 00 00 00 00 4a 1e 00 00 00 00 08 00 00 5e  数据 [0, 8, 0, 0, 0, 0, 74, 30, 0, 0, 0, 0, 8, 0, 0]
02:35:06 [总线][调试] ← #30 状态0x00 ff ff 1e 11 00 00 08 00 00 00 00 4a 1e 00 00 00 00 08 00 00 58  数据 [0, 8, 0, 0, 0, 0, 74, 30, 0, 0, 0, 0, 8, 0, 0]
02:35:06 [总线][调试] ← #31 状态0x00 ff ff 1f 11 00 00 08 00 00 00 00 4a 1e 00 00 00 00 08 00 00 57  数据 [0, 8, 0, 0, 0, 0, 74, 30, 0, 0, 0, 0, 8, 0, 0]
02:35:06 [总线][调试] ← #32 状态0x00 ff ff 20 11 00 00 08 00 00 00 00 4a 1e 00 00 00 00 08 00 00 56  数据 [0, 8, 0, 0, 0, 0, 74, 30, 0, 0, 0, 0, 8, 0, 0]
02:35:06 [总线][调试] ← #33 状态0x00 ff ff 21 11 00 00 08 00 00 00 00 4a 1e 00 00 00 00 08 00 00 55  数据 [0, 8, 0, 0, 0, 0, 74, 30, 0, 0, 0, 0, 8, 0, 0]
02:35:06 [总线][调试] ← #34 状态0x00 ff ff 22 11 00 00 08 00 00 00 00 4a 1e 00 00 00 00 08 00 00 54  数据 [0, 8, 0, 0, 0, 0, 74, 30, 0, 0, 0, 0, 8, 0, 0]
02:35:06 [总线][调试] ← #10 状态0x00 ff ff 0a 11 00 00 08 00 00 00 00 4a 1e 00 00 00 00 08 00 00 6c  数据 [0, 8, 0, 0, 0, 0, 74, 30, 0, 0, 0, 0, 8, 0, 0]
02:35:06 [总线][调试] ← #11 状态0x00 ff ff 0b 11 00 00 08 00 00 00 00 4a 1e 00 00 00 00 08 00 00 6b  数据 [0, 8, 0, 0, 0, 0, 74, 30, 0, 0, 0, 0, 8, 0, 0]
02:35:06 [总线][调试] ← #12 状态0x00 ff ff 0c 11 00 00 08 00 00 00 00 4a 1e 00 00 00 00 08 00 00 6a  数据 [0, 8, 0, 0, 0, 0, 74, 30, 0, 0, 0, 0, 8, 0, 0]
02:35:06 [总线][调试] ← #13 状态0x00 ff ff 0d 11 00 00 08 00 00 00 00 4a 1e 00 00 00 00 08 00 00 69  数据 [0, 8, 0, 0, 0, 0, 74, 30, 0, 0, 0, 0, 8, 0, 0]
02:35:06 [总线][调试] ← #14 状态0x00 ff ff 0e 11 00 00 08 00 00 00 00 4a 1e 00 00 00 00 08 00 00 68  数据 [0, 8, 0, 0, 0, 0, 74, 30, 0, 0, 0, 0, 8, 0, 0]
02:35:06 [总线][调试] → #254 SYNC_READ ff ff fe 14 82 38 0f c8 14 15 16 17 18 1e 1f 20 21 22 0a 0b 0c 0d 0e 12
02:35:06 [总线][调试] ← #200 状态0x00 ff ff c8 11 00 03 01 8e ff 1d 00 00 00 00 00 56 30 88 00 00 6a  数据 [3, 1, 142, 255, 29, 0, 0, 0, 0, 0, 86, 48, 136, 0, 0]
02:35:06 [总线][调试] ← #20 状态0x00 ff ff 14 11 00 00 08 00 00 00 00 4a 1e 00 00 00 00 08 00 00 62  数据 [0, 8, 0, 0, 0, 0, 74, 30, 0, 0, 0, 0, 8, 0, 0]
02:35:06 [总线][调试] ← #21 状态0x00 ff ff 15 11 00 00 08 00 00 00 00 4a 1e 00 00 00 00 08 00 00 61  数据 [0, 8, 0, 0, 0, 0, 74, 30, 0, 0, 0, 0, 8, 0, 0]
02:35:06 [总线][调试] ← #22 状态0x00 ff ff 16 11 00 00 08 00 00 00 00 4a 1e 00 00 00 00 08 00 00 60  数据 [0, 8, 0, 0, 0, 0, 74, 30, 0, 0, 0, 0, 8, 0, 0]
02:35:06 [总线][调试] ← #23 状态0x00 ff ff 17 11 00 00 08 00 00 00 00 4a 1e 00 00 00 00 08 00 00 5f  数据 [0, 8, 0, 0, 0, 0, 74, 30, 0, 0, 0, 0, 8, 0, 0]
02:35:06 [总线][调试] ← #24 状态0x00 ff ff 18 11 00 00 08 00 00 00 00 4a 1e 00 00 00 00 08 00 00 5e  数据 [0, 8, 0, 0, 0, 0, 74, 30, 0, 0, 0, 0, 8, 0, 0]
02:35:06 [总线][调试] ← #30 状态0x00 ff ff 1e 11 00 00 08 00 00 00 00 4a 1e 00 00 00 00 08 00 00 58  数据 [0, 8, 0, 0, 0, 0, 74, 30, 0, 0, 0, 0, 8, 0, 0]
02:35:06 [总线][调试] ← #31 状态0x00 ff ff 1f 11 00 00 08 00 00 00 00 4a 1e 00 00 00 00 08 00 00 57  数据 [0, 8, 0, 0, 0, 0, 74, 30, 0, 0, 0, 0, 8, 0, 0]
02:35:06 [总线][调试] ← #32 状态0x00 ff ff 20 11 00 00 08 00 00 00 00 4a 1e 00 00 00 00 08 00 00 56  数据 [0, 8, 0, 0, 0, 0, 74, 30, 0, 0, 0, 0, 8, 0, 0]
02:35:06 [总线][调试] ← #33 状态0x00 ff ff 21 11 00 00 08 00 00 00 00 4a 1e 00 00 00 00 08 00 00 55  数据 [0, 8, 0, 0, 0, 0, 74, 30, 0, 0, 0, 0, 8, 0, 0]
02:35:06 [总线][调试] ← #34 状态0x00 ff ff 22 11 00 00 08 00 00 00 00 4a 1e 00 00 00 00 08 00 00 54  数据 [0, 8, 0, 0, 0, 0, 74, 30, 0, 0, 0, 0, 8, 0, 0]
02:35:06 [总线][调试] ← #10 状态0x00 ff ff 0a 11 00 00 08 00 00 00 00 4a 1e 00 00 00 00 08 00 00 6c  数据 [0, 8, 0, 0, 0, 0, 74, 30, 0, 0, 0, 0, 8, 0, 0]
02:35:06 [总线][调试] ← #11 状态0x00 ff ff 0b 11 00 00 08 00 00 00 00 4a 1e 00 00 00 00 08 00 00 6b  数据 [0, 8, 0, 0, 0, 0, 74, 30, 0, 0, 0, 0, 8, 0, 0]
02:35:06 [总线][调试] ← #12 状态0x00 ff ff 0c 11 00 00 08 00 00 00 00 4a 1e 00 00 00 00 08 00 00 6a  数据 [0, 8, 0, 0, 0, 0, 74, 30, 0, 0, 0, 0, 8, 0, 0]
02:35:06 [总线][调试] ← #13 状态0x00 ff ff 0d 11 00 00 08 00 00 00 00 4a 1e 00 00 00 00 08 00 00 69  数据 [0, 8, 0, 0, 0, 0, 74, 30, 0, 0, 0, 0, 8, 0, 0]
02:35:06 [总线][调试] ← #14 状态0x00 ff ff 0e 11 00 00 08 00 00 00 00 4a 1e 00 00 00 00 08 00 00 68  数据 [0, 8, 0, 0, 0, 0, 74, 30, 0, 0, 0, 0, 8, 0, 0]
02:35:06 [总线][调试] → #254 SYNC_READ ff ff fe 14 82 38 0f c8 14 15 16 17 18 1e 1f 20 21 22 0a 0b 0c 0d 0e 12
02:35:06 [总线][调试] ← #200 状态0x00 ff ff c8 11 00 07 01 90 ff 1f 00 00 00 00 00 5e 30 8a 00 00 58  数据 [7, 1, 144, 255, 31, 0, 0, 0, 0, 0, 94, 48, 138, 0, 0]
02:35:06 [总线][调试] ← #20 状态0x00 ff ff 14 11 00 00 08 00 00 00 00 4a 1e 00 00 00 00 08 00 00 62  数据 [0, 8, 0, 0, 0, 0, 74, 30, 0, 0, 0, 0, 8, 0, 0]
02:35:06 [总线][调试] ← #21 状态0x00 ff ff 15 11 00 00 08 00 00 00 00 4a 1e 00 00 00 00 08 00 00 61  数据 [0, 8, 0, 0, 0, 0, 74, 30, 0, 0, 0, 0, 8, 0, 0]
02:35:06 [总线][调试] ← #22 状态0x00 ff ff 16 11 00 00 08 00 00 00 00 4a 1e 00 00 00 00 08 00 00 60  数据 [0, 8, 0, 0, 0, 0, 74, 30, 0, 0, 0, 0, 8, 0, 0]
02:35:06 [总线][调试] ← #23 状态0x00 ff ff 17 11 00 00 08 00 00 00 00 4a 1e 00 00 00 00 08 00 00 5f  数据 [0, 8, 0, 0, 0, 0, 74, 30, 0, 0, 0, 0, 8, 0, 0]
02:35:06 [总线][调试] ← #24 状态0x00 ff ff 18 11 00 00 08 00 00 00 00 4a 1e 00 00 00 00 08 00 00 5e  数据 [0, 8, 0, 0, 0, 0, 74, 30, 0, 0, 0, 0, 8, 0, 0]
02:35:06 [总线][调试] ← #30 状态0x00 ff ff 1e 11 00 00 08 00 00 00 00 4a 1e 00 00 00 00 08 00 00 58  数据 [0, 8, 0, 0, 0, 0, 74, 30, 0, 0, 0, 0, 8, 0, 0]
02:35:06 [总线][调试] ← #31 状态0x00 ff ff 1f 11 00 00 08 00 00 00 00 4a 1e 00 00 00 00 08 00 00 57  数据 [0, 8, 0, 0, 0, 0, 74, 30, 0, 0, 0, 0, 8, 0, 0]
02:35:06 [总线][调试] ← #32 状态0x00 ff ff 20 11 00 00 08 00 00 00 00 4a 1e 00 00 00 00 08 00 00 56  数据 [0, 8, 0, 0, 0, 0, 74, 30, 0, 0, 0, 0, 8, 0, 0]
02:35:06 [总线][调试] ← #33 状态0x00 ff ff 21 11 00 00 08 00 00 00 00 4a 1e 00 00 00 00 08 00 00 55  数据 [0, 8, 0, 0, 0, 0, 74, 30, 0, 0, 0, 0, 8, 0, 0]
02:35:06 [总线][调试] ← #34 状态0x00 ff ff 22 11 00 00 08 00 00 00 00 4a 1e 00 00 00 00 08 00 00 54  数据 [0, 8, 0, 0, 0, 0, 74, 30, 0, 0, 0, 0, 8, 0, 0]
02:35:06 [总线][调试] ← #10 状态0x00 ff ff 0a 11 00 00 08 00 00 00 00 4a 1e 00 00 00 00 08 00 00 6c  数据 [0, 8, 0, 0, 0, 0, 74, 30, 0, 0, 0, 0, 8, 0, 0]
02:35:06 [总线][调试] ← #11 状态0x00 ff ff 0b 11 00 00 08 00 00 00 00 4a 1e 00 00 00 00 08 00 00 6b  数据 [0, 8, 0, 0, 0, 0, 74, 30, 0, 0, 0, 0, 8, 0, 0]
02:35:06 [总线][调试] ← #12 状态0x00 ff ff 0c 11 00 00 08 00 00 00 00 4a 1e 00 00 00 00 08 00 00 6a  数据 [0, 8, 0, 0, 0, 0, 74, 30, 0, 0, 0, 0, 8, 0, 0]
02:35:06 [总线][调试] ← #13 状态0x00 ff ff 0d 11 00 00 08 00 00 00 00 4a 1e 00 00 00 00 08 00 00 69  数据 [0, 8, 0, 0, 0, 0, 74, 30, 0, 0, 0, 0, 8, 0, 0]
02:35:06 [总线][调试] ← #14 状态0x00 ff ff 0e 11 00 00 08 00 00 00 00 4a 1e 00 00 00 00 08 00 00 68  数据 [0, 8, 0, 0, 0, 0, 74, 30, 0, 0, 0, 0, 8, 0, 0]
02:35:06 [总线][调试] → #254 SYNC_READ ff ff fe 14 82 38 0f c8 14 15 16 17 18 1e 1f 20 21 22 0a 0b 0c 0d 0e 12
02:35:06 [总线][调试] ← #200 状态0x00 ff ff c8 11 00 05 01 8b ff 1a 00 00 00 00 00 6a 30 8d 00 00 55  数据 [5, 1, 139, 255, 26, 0, 0, 0, 0, 0, 106, 48, 141, 0, 0]
02:35:06 [总线][调试] ← #20 状态0x00 ff ff 14 11 00 00 08 00 00 00 00 4a 1e 00 00 00 00 08 00 00 62  数据 [0, 8, 0, 0, 0, 0, 74, 30, 0, 0, 0, 0, 8, 0, 0]
02:35:06 [总线][调试] ← #21 状态0x00 ff ff 15 11 00 00 08 00 00 00 00 4a 1e 00 00 00 00 08 00 00 61  数据 [0, 8, 0, 0, 0, 0, 74, 30, 0, 0, 0, 0, 8, 0, 0]
02:35:06 [总线][调试] ← #22 状态0x00 ff ff 16 11 00 00 08 00 00 00 00 4a 1e 00 00 00 00 08 00 00 60  数据 [0, 8, 0, 0, 0, 0, 74, 30, 0, 0, 0, 0, 8, 0, 0]
02:35:06 [总线][调试] ← #23 状态0x00 ff ff 17 11 00 00 08 00 00 00 00 4a 1e 00 00 00 00 08 00 00 5f  数据 [0, 8, 0, 0, 0, 0, 74, 30, 0, 0, 0, 0, 8, 0, 0]
02:35:06 [总线][调试] ← #24 状态0x00 ff ff 18 11 00 00 08 00 00 00 00 4a 1e 00 00 00 00 08 00 00 5e  数据 [0, 8, 0, 0, 0, 0, 74, 30, 0, 0, 0, 0, 8, 0, 0]
02:35:06 [总线][调试] ← #30 状态0x00 ff ff 1e 11 00 00 08 00 00 00 00 4a 1e 00 00 00 00 08 00 00 58  数据 [0, 8, 0, 0, 0, 0, 74, 30, 0, 0, 0, 0, 8, 0, 0]
02:35:06 [总线][调试] ← #31 状态0x00 ff ff 1f 11 00 00 08 00 00 00 00 4a 1e 00 00 00 00 08 00 00 57  数据 [0, 8, 0, 0, 0, 0, 74, 30, 0, 0, 0, 0, 8, 0, 0]
02:35:06 [总线][调试] ← #32 状态0x00 ff ff 20 11 00 00 08 00 00 00 00 4a 1e 00 00 00 00 08 00 00 56  数据 [0, 8, 0, 0, 0, 0, 74, 30, 0, 0, 0, 0, 8, 0, 0]
02:35:06 [总线][调试] ← #33 状态0x00 ff ff 21 11 00 00 08 00 00 00 00 4a 1e 00 00 00 00 08 00 00 55  数据 [0, 8, 0, 0, 0, 0, 74, 30, 0, 0, 0, 0, 8, 0, 0]
02:35:06 [总线][调试] ← #34 状态0x00 ff ff 22 11 00 00 08 00 00 00 00 4a 1e 00 00 00 00 08 00 00 54  数据 [0, 8, 0, 0, 0, 0, 74, 30, 0, 0, 0, 0, 8, 0, 0]
02:35:06 [总线][调试] ← #10 状态0x00 ff ff 0a 11 00 00 08 00 00 00 00 4a 1e 00 00 00 00 08 00 00 6c  数据 [0, 8, 0, 0, 0, 0, 74, 30, 0, 0, 0, 0, 8, 0, 0]
02:35:06 [总线][调试] ← #11 状态0x00 ff ff 0b 11 00 00 08 00 00 00 00 4a 1e 00 00 00 00 08 00 00 6b  数据 [0, 8, 0, 0, 0, 0, 74, 30, 0, 0, 0, 0, 8, 0, 0]
02:35:06 [总线][调试] ← #12 状态0x00 ff ff 0c 11 00 00 08 00 00 00 00 4a 1e 00 00 00 00 08 00 00 6a  数据 [0, 8, 0, 0, 0, 0, 74, 30, 0, 0, 0, 0, 8, 0, 0]
02:35:06 [总线][调试] ← #13 状态0x00 ff ff 0d 11 00 00 08 00 00 00 00 4a 1e 00 00 00 00 08 00 00 69  数据 [0, 8, 0, 0, 0, 0, 74, 30, 0, 0, 0, 0, 8, 0, 0]
02:35:06 [总线][调试] ← #14 状态0x00 ff ff 0e 11 00 00 08 00 00 00 00 4a 1e 00 00 00 00 08 00 00 68  数据 [0, 8, 0, 0, 0, 0, 74, 30, 0, 0, 0, 0, 8, 0, 0]
02:35:06 [总线][调试] → #254 SYNC_READ ff ff fe 14 82 38 0f c8 14 15 16 17 18 1e 1f 20 21 22 0a 0b 0c 0d 0e 12
02:35:06 [总线][调试] ← #200 状态0x00 ff ff c8 11 00 09 01 8e ff 1d 00 00 00 00 00 72 30 8f 00 00 41  数据 [9, 1, 142, 255, 29, 0, 0, 0, 0, 0, 114, 48, 143, 0, 0]
02:35:06 [总线][调试] ← #20 状态0x00 ff ff 14 11 00 00 08 00 00 00 00 4a 1e 00 00 00 00 08 00 00 62  数据 [0, 8, 0, 0, 0, 0, 74, 30, 0, 0, 0, 0, 8, 0, 0]
02:35:06 [总线][调试] ← #21 状态0x00 ff ff 15 11 00 00 08 00 00 00 00 4a 1e 00 00 00 00 08 00 00 61  数据 [0, 8, 0, 0, 0, 0, 74, 30, 0, 0, 0, 0, 8, 0, 0]
02:35:06 [总线][调试] ← #22 状态0x00 ff ff 16 11 00 00 08 00 00 00 00 4a 1e 00 00 00 00 08 00 00 60  数据 [0, 8, 0, 0, 0, 0, 74, 30, 0, 0, 0, 0, 8, 0, 0]
02:35:06 [总线][调试] ← #23 状态0x00 ff ff 17 11 00 00 08 00 00 00 00 4a 1e 00 00 00 00 08 00 00 5f  数据 [0, 8, 0, 0, 0, 0, 74, 30, 0, 0, 0, 0, 8, 0, 0]
02:35:06 [总线][调试] ← #24 状态0x00 ff ff 18 11 00 00 08 00 00 00 00 4a 1e 00 00 00 00 08 00 00 5e  数据 [0, 8, 0, 0, 0, 0, 74, 30, 0, 0, 0, 0, 8, 0, 0]
02:35:06 [总线][调试] ← #30 状态0x00 ff ff 1e 11 00 00 08 00 00 00 00 4a 1e 00 00 00 00 08 00 00 58  数据 [0, 8, 0, 0, 0, 0, 74, 30, 0, 0, 0, 0, 8, 0, 0]
02:35:06 [总线][调试] ← #31 状态0x00 ff ff 1f 11 00 00 08 00 00 00 00 4a 1e 00 00 00 00 08 00 00 57  数据 [0, 8, 0, 0, 0, 0, 74, 30, 0, 0, 0, 0, 8, 0, 0]
02:35:06 [总线][调试] ← #32 状态0x00 ff ff 20 11 00 00 08 00 00 00 00 4a 1e 00 00 00 00 08 00 00 56  数据 [0, 8, 0, 0, 0, 0, 74, 30, 0, 0, 0, 0, 8, 0, 0]
02:35:06 [总线][调试] ← #33 状态0x00 ff ff 21 11 00 00 08 00 00 00 00 4a 1e 00 00 00 00 08 00 00 55  数据 [0, 8, 0, 0, 0, 0, 74, 30, 0, 0, 0, 0, 8, 0, 0]
02:35:06 [总线][调试] ← #34 状态0x00 ff ff 22 11 00 00 08 00 00 00 00 4a 1e 00 00 00 00 08 00 00 54  数据 [0, 8, 0, 0, 0, 0, 74, 30, 0, 0, 0, 0, 8, 0, 0]
02:35:06 [总线][调试] ← #10 状态0x00 ff ff 0a 11 00 00 08 00 00 00 00 4a 1e 00 00 00 00 08 00 00 6c  数据 [0, 8, 0, 0, 0, 0, 74, 30, 0, 0, 0, 0, 8, 0, 0]
02:35:06 [总线][调试] ← #11 状态0x00 ff ff 0b 11 00 00 08 00 00 00 00 4a 1e 00 00 00 00 08 00 00 6b  数据 [0, 8, 0, 0, 0, 0, 74, 30, 0, 0, 0, 0, 8, 0, 0]
02:35:06 [总线][调试] ← #12 状态0x00 ff ff 0c 11 00 00 08 00 00 00 00 4a 1e 00 00 00 00 08 00 00 6a  数据 [0, 8, 0, 0, 0, 0, 74, 30, 0, 0, 0, 0, 8, 0, 0]
02:35:06 [总线][调试] ← #13 状态0x00 ff ff 0d 11 00 00 08 00 00 00 00 4a 1e 00 00 00 00 08 00 00 69  数据 [0, 8, 0, 0, 0, 0, 74, 30, 0, 0, 0, 0, 8, 0, 0]
02:35:06 [总线][调试] ← #14 状态0x00 ff ff 0e 11 00 00 08 00 00 00 00 4a 1e 00 00 00 00 08 00 00 68  数据 [0, 8, 0, 0, 0, 0, 74, 30, 0, 0, 0, 0, 8, 0, 0]
02:35:06 [总线][调试] → #254 SYNC_READ ff ff fe 14 82 38 0f c8 14 15 16 17 18 1e 1f 20 21 22 0a 0b 0c 0d 0e 12
02:35:06 [总线][调试] ← #200 状态0x00 ff ff c8 11 00 0f 01 91 ff 20 00 00 00 00 00 7d 30 92 00 00 27  数据 [15, 1, 145, 255, 32, 0, 0, 0, 0, 0, 125, 48, 146, 0, 0]
02:35:06 [总线][调试] ← #20 状态0x00 ff ff 14 11 00 00 08 00 00 00 00 4a 1e 00 00 00 00 08 00 00 62  数据 [0, 8, 0, 0, 0, 0, 74, 30, 0, 0, 0, 0, 8, 0, 0]
02:35:06 [总线][调试] ← #21 状态0x00 ff ff 15 11 00 00 08 00 00 00 00 4a 1e 00 00 00 00 08 00 00 61  数据 [0, 8, 0, 0, 0, 0, 74, 30, 0, 0, 0, 0, 8, 0, 0]
02:35:06 [总线][调试] ← #22 状态0x00 ff ff 16 11 00 00 08 00 00 00 00 4a 1e 00 00 00 00 08 00 00 60  数据 [0, 8, 0, 0, 0, 0, 74, 30, 0, 0, 0, 0, 8, 0, 0]
02:35:06 [总线][调试] ← #23 状态0x00 ff ff 17 11 00 00 08 00 00 00 00 4a 1e 00 00 00 00 08 00 00 5f  数据 [0, 8, 0, 0, 0, 0, 74, 30, 0, 0, 0, 0, 8, 0, 0]
02:35:06 [总线][调试] ← #24 状态0x00 ff ff 18 11 00 00 08 00 00 00 00 4a 1e 00 00 00 00 08 00 00 5e  数据 [0, 8, 0, 0, 0, 0, 74, 30, 0, 0, 0, 0, 8, 0, 0]
02:35:06 [总线][调试] ← #30 状态0x00 ff ff 1e 11 00 00 08 00 00 00 00 4a 1e 00 00 00 00 08 00 00 58  数据 [0, 8, 0, 0, 0, 0, 74, 30, 0, 0, 0, 0, 8, 0, 0]
02:35:06 [总线][调试] ← #31 状态0x00 ff ff 1f 11 00 00 08 00 00 00 00 4a 1e 00 00 00 00 08 00 00 57  数据 [0, 8, 0, 0, 0, 0, 74, 30, 0, 0, 0, 0, 8, 0, 0]
02:35:06 [总线][调试] ← #32 状态0x00 ff ff 20 11 00 00 08 00 00 00 00 4a 1e 00 00 00 00 08 00 00 56  数据 [0, 8, 0, 0, 0, 0, 74, 30, 0, 0, 0, 0, 8, 0, 0]
02:35:06 [总线][调试] ← #33 状态0x00 ff ff 21 11 00 00 08 00 00 00 00 4a 1e 00 00 00 00 08 00 00 55  数据 [0, 8, 0, 0, 0, 0, 74, 30, 0, 0, 0, 0, 8, 0, 0]
02:35:06 [总线][调试] ← #34 状态0x00 ff ff 22 11 00 00 08 00 00 00 00 4a 1e 00 00 00 00 08 00 00 54  数据 [0, 8, 0, 0, 0, 0, 74, 30, 0, 0, 0, 0, 8, 0, 0]
02:35:06 [总线][调试] ← #10 状态0x00 ff ff 0a 11 00 00 08 00 00 00 00 4a 1e 00 00 00 00 08 00 00 6c  数据 [0, 8, 0, 0, 0, 0, 74, 30, 0, 0, 0, 0, 8, 0, 0]
02:35:06 [总线][调试] ← #11 状态0x00 ff ff 0b 11 00 00 08 00 00 00 00 4a 1e 00 00 00 00 08 00 00 6b  数据 [0, 8, 0, 0, 0, 0, 74, 30, 0, 0, 0, 0, 8, 0, 0]
02:35:06 [总线][调试] ← #12 状态0x00 ff ff 0c 11 00 00 08 00 00 00 00 4a 1e 00 00 00 00 08 00 00 6a  数据 [0, 8, 0, 0, 0, 0, 74, 30, 0, 0, 0, 0, 8, 0, 0]
02:35:06 [总线][调试] ← #13 状态0x00 ff ff 0d 11 00 00 08 00 00 00 00 4a 1e 00 00 00 00 08 00 00 69  数据 [0, 8, 0, 0, 0, 0, 74, 30, 0, 0, 0, 0, 8, 0, 0]
02:35:06 [总线][调试] ← #14 状态0x00 ff ff 0e 11 00 00 08 00 00 00 00 4a 1e 00 00 00 00 08 00 00 68  数据 [0, 8, 0, 0, 0, 0, 74, 30, 0, 0, 0, 0, 8, 0, 0]
02:35:06 [总线][调试] → #254 SYNC_READ ff ff fe 14 82 38 0f c8 14 15 16 17 18 1e 1f 20 21 22 0a 0b 0c 0d 0e 12
02:35:06 [总线][调试] ← #200 状态0x00 ff ff c8 11 00 0b 01 8b ff 1a 00 00 00 00 00 84 30 94 00 00 2e  数据 [11, 1, 139, 255, 26, 0, 0, 0, 0, 0, 132, 48, 148, 0, 0]
02:35:06 [总线][调试] ← #20 状态0x00 ff ff 14 11 00 00 08 00 00 00 00 4a 1e 00 00 00 00 08 00 00 62  数据 [0, 8, 0, 0, 0, 0, 74, 30, 0, 0, 0, 0, 8, 0, 0]
02:35:06 [总线][调试] ← #21 状态0x00 ff ff 15 11 00 00 08 00 00 00 00 4a 1e 00 00 00 00 08 00 00 61  数据 [0, 8, 0, 0, 0, 0, 74, 30, 0, 0, 0, 0, 8, 0, 0]
02:35:06 [总线][调试] ← #22 状态0x00 ff ff 16 11 00 00 08 00 00 00 00 4a 1e 00 00 00 00 08 00 00 60  数据 [0, 8, 0, 0, 0, 0, 74, 30, 0, 0, 0, 0, 8, 0, 0]
02:35:06 [总线][调试] ← #23 状态0x00 ff ff 17 11 00 00 08 00 00 00 00 4a 1e 00 00 00 00 08 00 00 5f  数据 [0, 8, 0, 0, 0, 0, 74, 30, 0, 0, 0, 0, 8, 0, 0]
02:35:06 [总线][调试] ← #24 状态0x00 ff ff 18 11 00 00 08 00 00 00 00 4a 1e 00 00 00 00 08 00 00 5e  数据 [0, 8, 0, 0, 0, 0, 74, 30, 0, 0, 0, 0, 8, 0, 0]
02:35:06 [总线][调试] ← #30 状态0x00 ff ff 1e 11 00 00 08 00 00 00 00 4a 1e 00 00 00 00 08 00 00 58  数据 [0, 8, 0, 0, 0, 0, 74, 30, 0, 0, 0, 0, 8, 0, 0]
02:35:06 [总线][调试] ← #31 状态0x00 ff ff 1f 11 00 00 08 00 00 00 00 4a 1e 00 00 00 00 08 00 00 57  数据 [0, 8, 0, 0, 0, 0, 74, 30, 0, 0, 0, 0, 8, 0, 0]
02:35:06 [总线][调试] ← #32 状态0x00 ff ff 20 11 00 00 08 00 00 00 00 4a 1e 00 00 00 00 08 00 00 56  数据 [0, 8, 0, 0, 0, 0, 74, 30, 0, 0, 0, 0, 8, 0, 0]
02:35:06 [总线][调试] ← #33 状态0x00 ff ff 21 11 00 00 08 00 00 00 00 4a 1e 00 00 00 00 08 00 00 55  数据 [0, 8, 0, 0, 0, 0, 74, 30, 0, 0, 0, 0, 8, 0, 0]
02:35:06 [总线][调试] ← #34 状态0x00 ff ff 22 11 00 00 08 00 00 00 00 4a 1e 00 00 00 00 08 00 00 54  数据 [0, 8, 0, 0, 0, 0, 74, 30, 0, 0, 0, 0, 8, 0, 0]
02:35:06 [总线][调试] ← #10 状态0x00 ff ff 0a 11 00 00 08 00 00 00 00 4a 1e 00 00 00 00 08 00 00 6c  数据 [0, 8, 0, 0, 0, 0, 74, 30, 0, 0, 0, 0, 8, 0, 0]
02:35:06 [总线][调试] ← #11 状态0x00 ff ff 0b 11 00 00 08 00 00 00 00 4a 1e 00 00 00 00 08 00 00 6b  数据 [0, 8, 0, 0, 0, 0, 74, 30, 0, 0, 0, 0, 8, 0, 0]
02:35:06 [总线][调试] ← #12 状态0x00 ff ff 0c 11 00 00 08 00 00 00 00 4a 1e 00 00 00 00 08 00 00 6a  数据 [0, 8, 0, 0, 0, 0, 74, 30, 0, 0, 0, 0, 8, 0, 0]
02:35:06 [总线][调试] ← #13 状态0x00 ff ff 0d 11 00 00 08 00 00 00 00 4a 1e 00 00 00 00 08 00 00 69  数据 [0, 8, 0, 0, 0, 0, 74, 30, 0, 0, 0, 0, 8, 0, 0]
02:35:06 [总线][调试] ← #14 状态0x00 ff ff 0e 11 00 00 08 00 00 00 00 4a 1e 00 00 00 00 08 00 00 68  数据 [0, 8, 0, 0, 0, 0, 74, 30, 0, 0, 0, 0, 8, 0, 0]
02:35:06 [总线][调试] → #254 SYNC_READ ff ff fe 14 82 38 0f c8 14 15 16 17 18 1e 1f 20 21 22 0a 0b 0c 0d 0e 12
02:35:06 [总线][调试] ← #200 状态0x00 ff ff c8 11 00 11 01 8f ff 1e 00 00 00 00 00 8d 30 97 00 00 14  数据 [17, 1, 143, 255, 30, 0, 0, 0, 0, 0, 141, 48, 151, 0, 0]
02:35:06 [总线][调试] ← #20 状态0x00 ff ff 14 11 00 00 08 00 00 00 00 4a 1e 00 00 00 00 08 00 00 62  数据 [0, 8, 0, 0, 0, 0, 74, 30, 0, 0, 0, 0, 8, 0, 0]
02:35:06 [总线][调试] ← #21 状态0x00 ff ff 15 11 00 00 08 00 00 00 00 4a 1e 00 00 00 00 08 00 00 61  数据 [0, 8, 0, 0, 0, 0, 74, 30, 0, 0, 0, 0, 8, 0, 0]
02:35:06 [总线][调试] ← #22 状态0x00 ff ff 16 11 00 00 08 00 00 00 00 4a 1e 00 00 00 00 08 00 00 60  数据 [0, 8, 0, 0, 0, 0, 74, 30, 0, 0, 0, 0, 8, 0, 0]
02:35:06 [总线][调试] ← #23 状态0x00 ff ff 17 11 00 00 08 00 00 00 00 4a 1e 00 00 00 00 08 00 00 5f  数据 [0, 8, 0, 0, 0, 0, 74, 30, 0, 0, 0, 0, 8, 0, 0]
02:35:06 [总线][调试] ← #24 状态0x00 ff ff 18 11 00 00 08 00 00 00 00 4a 1e 00 00 00 00 08 00 00 5e  数据 [0, 8, 0, 0, 0, 0, 74, 30, 0, 0, 0, 0, 8, 0, 0]
02:35:06 [总线][调试] ← #30 状态0x00 ff ff 1e 11 00 00 08 00 00 00 00 4a 1e 00 00 00 00 08 00 00 58  数据 [0, 8, 0, 0, 0, 0, 74, 30, 0, 0, 0, 0, 8, 0, 0]
02:35:06 [总线][调试] ← #31 状态0x00 ff ff 1f 11 00 00 08 00 00 00 00 4a 1e 00 00 00 00 08 00 00 57  数据 [0, 8, 0, 0, 0, 0, 74, 30, 0, 0, 0, 0, 8, 0, 0]
02:35:06 [总线][调试] ← #32 状态0x00 ff ff 20 11 00 00 08 00 00 00 00 4a 1e 00 00 00 00 08 00 00 56  数据 [0, 8, 0, 0, 0, 0, 74, 30, 0, 0, 0, 0, 8, 0, 0]
02:35:06 [总线][调试] ← #33 状态0x00 ff ff 21 11 00 00 08 00 00 00 00 4a 1e 00 00 00 00 08 00 00 55  数据 [0, 8, 0, 0, 0, 0, 74, 30, 0, 0, 0, 0, 8, 0, 0]
02:35:06 [总线][调试] ← #34 状态0x00 ff ff 22 11 00 00 08 00 00 00 00 4a 1e 00 00 00 00 08 00 00 54  数据 [0, 8, 0, 0, 0, 0, 74, 30, 0, 0, 0, 0, 8, 0, 0]
02:35:06 [总线][调试] ← #10 状态0x00 ff ff 0a 11 00 00 08 00 00 00 00 4a 1e 00 00 00 00 08 00 00 6c  数据 [0, 8, 0, 0, 0, 0, 74, 30, 0, 0, 0, 0, 8, 0, 0]
02:35:06 [总线][调试] ← #11 状态0x00 ff ff 0b 11 00 00 08 00 00 00 00 4a 1e 00 00 00 00 08 00 00 6b  数据 [0, 8, 0, 0, 0, 0, 74, 30, 0, 0, 0, 0, 8, 0, 0]
02:35:06 [总线][调试] ← #12 状态0x00 ff ff 0c 11 00 00 08 00 00 00 00 4a 1e 00 00 00 00 08 00 00 6a  数据 [0, 8, 0, 0, 0, 0, 74, 30, 0, 0, 0, 0, 8, 0, 0]
02:35:06 [总线][调试] ← #13 状态0x00 ff ff 0d 11 00 00 08 00 00 00 00 4a 1e 00 00 00 00 08 00 00 69  数据 [0, 8, 0, 0, 0, 0, 74, 30, 0, 0, 0, 0, 8, 0, 0]
02:35:06 [总线][调试] ← #14 状态0x00 ff ff 0e 11 00 00 08 00 00 00 00 4a 1e 00 00 00 00 08 00 00 68  数据 [0, 8, 0, 0, 0, 0, 74, 30, 0, 0, 0, 0, 8, 0, 0]
02:35:06 [总线][调试] → #254 SYNC_READ ff ff fe 14 82 38 0f c8 14 15 16 17 18 1e 1f 20 21 22 0a 0b 0c 0d 0e 12
02:35:06 [总线][调试] ← #200 状态0x00 ff ff c8 11 00 15 01 91 ff 20 00 00 00 00 00 93 30 99 00 00 04  数据 [21, 1, 145, 255, 32, 0, 0, 0, 0, 0, 147, 48, 153, 0, 0]
02:35:06 [总线][调试] ← #20 状态0x00 ff ff 14 11 00 00 08 00 00 00 00 4a 1e 00 00 00 00 08 00 00 62  数据 [0, 8, 0, 0, 0, 0, 74, 30, 0, 0, 0, 0, 8, 0, 0]
02:35:06 [总线][调试] ← #21 状态0x00 ff ff 15 11 00 00 08 00 00 00 00 4a 1e 00 00 00 00 08 00 00 61  数据 [0, 8, 0, 0, 0, 0, 74, 30, 0, 0, 0, 0, 8, 0, 0]
02:35:06 [总线][调试] ← #22 状态0x00 ff ff 16 11 00 00 08 00 00 00 00 4a 1e 00 00 00 00 08 00 00 60  数据 [0, 8, 0, 0, 0, 0, 74, 30, 0, 0, 0, 0, 8, 0, 0]
02:35:06 [总线][调试] ← #23 状态0x00 ff ff 17 11 00 00 08 00 00 00 00 4a 1e 00 00 00 00 08 00 00 5f  数据 [0, 8, 0, 0, 0, 0, 74, 30, 0, 0, 0, 0, 8, 0, 0]
02:35:06 [总线][调试] ← #24 状态0x00 ff ff 18 11 00 00 08 00 00 00 00 4a 1e 00 00 00 00 08 00 00 5e  数据 [0, 8, 0, 0, 0, 0, 74, 30, 0, 0, 0, 0, 8, 0, 0]
02:35:06 [总线][调试] ← #30 状态0x00 ff ff 1e 11 00 00 08 00 00 00 00 4a 1e 00 00 00 00 08 00 00 58  数据 [0, 8, 0, 0, 0, 0, 74, 30, 0, 0, 0, 0, 8, 0, 0]
02:35:06 [总线][调试] ← #31 状态0x00 ff ff 1f 11 00 00 08 00 00 00 00 4a 1e 00 00 00 00 08 00 00 57  数据 [0, 8, 0, 0, 0, 0, 74, 30, 0, 0, 0, 0, 8, 0, 0]
02:35:06 [总线][调试] ← #32 状态0x00 ff ff 20 11 00 00 08 00 00 00 00 4a 1e 00 00 00 00 08 00 00 56  数据 [0, 8, 0, 0, 0, 0, 74, 30, 0, 0, 0, 0, 8, 0, 0]
02:35:06 [总线][调试] ← #33 状态0x00 ff ff 21 11 00 00 08 00 00 00 00 4a 1e 00 00 00 00 08 00 00 55  数据 [0, 8, 0, 0, 0, 0, 74, 30, 0, 0, 0, 0, 8, 0, 0]
02:35:06 [总线][调试] ← #34 状态0x00 ff ff 22 11 00 00 08 00 00 00 00 4a 1e 00 00 00 00 08 00 00 54  数据 [0, 8, 0, 0, 0, 0, 74, 30, 0, 0, 0, 0, 8, 0, 0]
02:35:06 [总线][调试] ← #10 状态0x00 ff ff 0a 11 00 00 08 00 00 00 00 4a 1e 00 00 00 00 08 00 00 6c  数据 [0, 8, 0, 0, 0, 0, 74, 30, 0, 0, 0, 0, 8, 0, 0]
02:35:06 [总线][调试] ← #11 状态0x00 ff ff 0b 11 00 00 08 00 00 00 00 4a 1e 00 00 00 00 08 00 00 6b  数据 [0, 8, 0, 0, 0, 0, 74, 30, 0, 0, 0, 0, 8, 0, 0]
02:35:06 [总线][调试] ← #12 状态0x00 ff ff 0c 11 00 00 08 00 00 00 00 4a 1e 00 00 00 00 08 00 00 6a  数据 [0, 8, 0, 0, 0, 0, 74, 30, 0, 0, 0, 0, 8, 0, 0]
02:35:06 [总线][调试] ← #13 状态0x00 ff ff 0d 11 00 00 08 00 00 00 00 4a 1e 00 00 00 00 08 00 00 69  数据 [0, 8, 0, 0, 0, 0, 74, 30, 0, 0, 0, 0, 8, 0, 0]
02:35:06 [总线][调试] ← #14 状态0x00 ff ff 0e 11 00 00 08 00 00 00 00 4a 1e 00 00 00 00 08 00 00 68  数据 [0, 8, 0, 0, 0, 0, 74, 30, 0, 0, 0, 0, 8, 0, 0]
02:35:06 [总线][调试] → #254 SYNC_READ ff ff fe 14 82 38 0f c8 14 15 16 17 18 1e 1f 20 21 22 0a 0b 0c 0d 0e 12
02:35:06 [总线][调试] ← #200 状态0x00 ff ff c8 11 00 12 01 8d ff 1b 00 00 00 00 00 9c 30 9c 00 00 04  数据 [18, 1, 141, 255, 27, 0, 0, 0, 0, 0, 156, 48, 156, 0, 0]
02:35:06 [总线][调试] ← #20 状态0x00 ff ff 14 11 00 00 08 00 00 00 00 4a 1e 00 00 00 00 08 00 00 62  数据 [0, 8, 0, 0, 0, 0, 74, 30, 0, 0, 0, 0, 8, 0, 0]
02:35:06 [总线][调试] ← #21 状态0x00 ff ff 15 11 00 00 08 00 00 00 00 4a 1e 00 00 00 00 08 00 00 61  数据 [0, 8, 0, 0, 0, 0, 74, 30, 0, 0, 0, 0, 8, 0, 0]
02:35:06 [总线][调试] ← #22 状态0x00 ff ff 16 11 00 00 08 00 00 00 00 4a 1e 00 00 00 00 08 00 00 60  数据 [0, 8, 0, 0, 0, 0, 74, 30, 0, 0, 0, 0, 8, 0, 0]
02:35:06 [总线][调试] ← #23 状态0x00 ff ff 17 11 00 00 08 00 00 00 00 4a 1e 00 00 00 00 08 00 00 5f  数据 [0, 8, 0, 0, 0, 0, 74, 30, 0, 0, 0, 0, 8, 0, 0]
02:35:06 [总线][调试] ← #24 状态0x00 ff ff 18 11 00 00 08 00 00 00 00 4a 1e 00 00 00 00 08 00 00 5e  数据 [0, 8, 0, 0, 0, 0, 74, 30, 0, 0, 0, 0, 8, 0, 0]
02:35:06 [总线][调试] ← #30 状态0x00 ff ff 1e 11 00 00 08 00 00 00 00 4a 1e 00 00 00 00 08 00 00 58  数据 [0, 8, 0, 0, 0, 0, 74, 30, 0, 0, 0, 0, 8, 0, 0]
02:35:06 [总线][调试] ← #31 状态0x00 ff ff 1f 11 00 00 08 00 00 00 00 4a 1e 00 00 00 00 08 00 00 57  数据 [0, 8, 0, 0, 0, 0, 74, 30, 0, 0, 0, 0, 8, 0, 0]
02:35:06 [总线][调试] ← #32 状态0x00 ff ff 20 11 00 00 08 00 00 00 00 4a 1e 00 00 00 00 08 00 00 56  数据 [0, 8, 0, 0, 0, 0, 74, 30, 0, 0, 0, 0, 8, 0, 0]
02:35:06 [总线][调试] ← #33 状态0x00 ff ff 21 11 00 00 08 00 00 00 00 4a 1e 00 00 00 00 08 00 00 55  数据 [0, 8, 0, 0, 0, 0, 74, 30, 0, 0, 0, 0, 8, 0, 0]
02:35:06 [总线][调试] ← #34 状态0x00 ff ff 22 11 00 00 08 00 00 00 00 4a 1e 00 00 00 00 08 00 00 54  数据 [0, 8, 0, 0, 0, 0, 74, 30, 0, 0, 0, 0, 8, 0, 0]
02:35:06 [总线][调试] ← #10 状态0x00 ff ff 0a 11 00 00 08 00 00 00 00 4a 1e 00 00 00 00 08 00 00 6c  数据 [0, 8, 0, 0, 0, 0, 74, 30, 0, 0, 0, 0, 8, 0, 0]
02:35:06 [总线][调试] ← #11 状态0x00 ff ff 0b 11 00 00 08 00 00 00 00 4a 1e 00 00 00 00 08 00 00 6b  数据 [0, 8, 0, 0, 0, 0, 74, 30, 0, 0, 0, 0, 8, 0, 0]
02:35:06 [总线][调试] ← #12 状态0x00 ff ff 0c 11 00 00 08 00 00 00 00 4a 1e 00 00 00 00 08 00 00 6a  数据 [0, 8, 0, 0, 0, 0, 74, 30, 0, 0, 0, 0, 8, 0, 0]
02:35:06 [总线][调试] ← #13 状态0x00 ff ff 0d 11 00 00 08 00 00 00 00 4a 1e 00 00 00 00 08 00 00 69  数据 [0, 8, 0, 0, 0, 0, 74, 30, 0, 0, 0, 0, 8, 0, 0]
02:35:06 [总线][调试] ← #14 状态0x00 ff ff 0e 11 00 00 08 00 00 00 00 4a 1e 00 00 00 00 08 00 00 68  数据 [0, 8, 0, 0, 0, 0, 74, 30, 0, 0, 0, 0, 8, 0, 0]
02:35:06 [总线][调试] → #254 SYNC_READ ff ff fe 14 82 38 0f c8 14 15 16 17 18 1e 1f 20 21 22 0a 0b 0c 0d 0e 12
02:35:06 [总线][调试] ← #200 状态0x00 ff ff c8 11 00 16 01 8f ff 1e 00 00 00 00 00 a1 30 9e 00 00 f4  数据 [22, 1, 143, 255, 30, 0, 0, 0, 0, 0, 161, 48, 158, 0, 0]
02:35:06 [总线][调试] ← #20 状态0x00 ff ff 14 11 00 00 08 00 00 00 00 4a 1e 00 00 00 00 08 00 00 62  数据 [0, 8, 0, 0, 0, 0, 74, 30, 0, 0, 0, 0, 8, 0, 0]
02:35:06 [总线][调试] ← #21 状态0x00 ff ff 15 11 00 00 08 00 00 00 00 4a 1e 00 00 00 00 08 00 00 61  数据 [0, 8, 0, 0, 0, 0, 74, 30, 0, 0, 0, 0, 8, 0, 0]
02:35:06 [总线][调试] ← #22 状态0x00 ff ff 16 11 00 00 08 00 00 00 00 4a 1e 00 00 00 00 08 00 00 60  数据 [0, 8, 0, 0, 0, 0, 74, 30, 0, 0, 0, 0, 8, 0, 0]
02:35:06 [总线][调试] ← #23 状态0x00 ff ff 17 11 00 00 08 00 00 00 00 4a 1e 00 00 00 00 08 00 00 5f  数据 [0, 8, 0, 0, 0, 0, 74, 30, 0, 0, 0, 0, 8, 0, 0]
02:35:06 [总线][调试] ← #24 状态0x00 ff ff 18 11 00 00 08 00 00 00 00 4a 1e 00 00 00 00 08 00 00 5e  数据 [0, 8, 0, 0, 0, 0, 74, 30, 0, 0, 0, 0, 8, 0, 0]
02:35:06 [总线][调试] ← #30 状态0x00 ff ff 1e 11 00 00 08 00 00 00 00 4a 1e 00 00 00 00 08 00 00 58  数据 [0, 8, 0, 0, 0, 0, 74, 30, 0, 0, 0, 0, 8, 0, 0]
02:35:06 [总线][调试] ← #31 状态0x00 ff ff 1f 11 00 00 08 00 00 00 00 4a 1e 00 00 00 00 08 00 00 57  数据 [0, 8, 0, 0, 0, 0, 74, 30, 0, 0, 0, 0, 8, 0, 0]
02:35:06 [总线][调试] ← #32 状态0x00 ff ff 20 11 00 00 08 00 00 00 00 4a 1e 00 00 00 00 08 00 00 56  数据 [0, 8, 0, 0, 0, 0, 74, 30, 0, 0, 0, 0, 8, 0, 0]
02:35:06 [总线][调试] ← #33 状态0x00 ff ff 21 11 00 00 08 00 00 00 00 4a 1e 00 00 00 00 08 00 00 55  数据 [0, 8, 0, 0, 0, 0, 74, 30, 0, 0, 0, 0, 8, 0, 0]
02:35:06 [总线][调试] ← #34 状态0x00 ff ff 22 11 00 00 08 00 00 00 00 4a 1e 00 00 00 00 08 00 00 54  数据 [0, 8, 0, 0, 0, 0, 74, 30, 0, 0, 0, 0, 8, 0, 0]
02:35:06 [总线][调试] ← #10 状态0x00 ff ff 0a 11 00 00 08 00 00 00 00 4a 1e 00 00 00 00 08 00 00 6c  数据 [0, 8, 0, 0, 0, 0, 74, 30, 0, 0, 0, 0, 8, 0, 0]
02:35:06 [总线][调试] ← #11 状态0x00 ff ff 0b 11 00 00 08 00 00 00 00 4a 1e 00 00 00 00 08 00 00 6b  数据 [0, 8, 0, 0, 0, 0, 74, 30, 0, 0, 0, 0, 8, 0, 0]
02:35:06 [总线][调试] ← #12 状态0x00 ff ff 0c 11 00 00 08 00 00 00 00 4a 1e 00 00 00 00 08 00 00 6a  数据 [0, 8, 0, 0, 0, 0, 74, 30, 0, 0, 0, 0, 8, 0, 0]
02:35:06 [总线][调试] ← #13 状态0x00 ff ff 0d 11 00 00 08 00 00 00 00 4a 1e 00 00 00 00 08 00 00 69  数据 [0, 8, 0, 0, 0, 0, 74, 30, 0, 0, 0, 0, 8, 0, 0]
02:35:06 [总线][调试] ← #14 状态0x00 ff ff 0e 11 00 00 08 00 00 00 00 4a 1e 00 00 00 00 08 00 00 68  数据 [0, 8, 0, 0, 0, 0, 74, 30, 0, 0, 0, 0, 8, 0, 0]
02:35:06 [总线][调试] → #254 SYNC_READ ff ff fe 14 82 38 0f c8 14 15 16 17 18 1e 1f 20 21 22 0a 0b 0c 0d 0e 12
02:35:06 [总线][调试] ← #200 状态0x00 ff ff c8 11 00 13 01 8a ff 19 00 00 00 00 00 a8 30 a1 00 00 f7  数据 [19, 1, 138, 255, 25, 0, 0, 0, 0, 0, 168, 48, 161, 0, 0]
02:35:06 [总线][调试] ← #20 状态0x00 ff ff 14 11 00 00 08 00 00 00 00 4a 1e 00 00 00 00 08 00 00 62  数据 [0, 8, 0, 0, 0, 0, 74, 30, 0, 0, 0, 0, 8, 0, 0]
02:35:06 [总线][调试] ← #21 状态0x00 ff ff 15 11 00 00 08 00 00 00 00 4a 1e 00 00 00 00 08 00 00 61  数据 [0, 8, 0, 0, 0, 0, 74, 30, 0, 0, 0, 0, 8, 0, 0]
02:35:06 [总线][调试] ← #22 状态0x00 ff ff 16 11 00 00 08 00 00 00 00 4a 1e 00 00 00 00 08 00 00 60  数据 [0, 8, 0, 0, 0, 0, 74, 30, 0, 0, 0, 0, 8, 0, 0]
02:35:06 [总线][调试] ← #23 状态0x00 ff ff 17 11 00 00 08 00 00 00 00 4a 1e 00 00 00 00 08 00 00 5f  数据 [0, 8, 0, 0, 0, 0, 74, 30, 0, 0, 0, 0, 8, 0, 0]
02:35:06 [总线][调试] ← #24 状态0x00 ff ff 18 11 00 00 08 00 00 00 00 4a 1e 00 00 00 00 08 00 00 5e  数据 [0, 8, 0, 0, 0, 0, 74, 30, 0, 0, 0, 0, 8, 0, 0]
02:35:06 [总线][调试] ← #30 状态0x00 ff ff 1e 11 00 00 08 00 00 00 00 4a 1e 00 00 00 00 08 00 00 58  数据 [0, 8, 0, 0, 0, 0, 74, 30, 0, 0, 0, 0, 8, 0, 0]
02:35:06 [总线][调试] ← #31 状态0x00 ff ff 1f 11 00 00 08 00 00 00 00 4a 1e 00 00 00 00 08 00 00 57  数据 [0, 8, 0, 0, 0, 0, 74, 30, 0, 0, 0, 0, 8, 0, 0]
02:35:06 [总线][调试] ← #32 状态0x00 ff ff 20 11 00 00 08 00 00 00 00 4a 1e 00 00 00 00 08 00 00 56  数据 [0, 8, 0, 0, 0, 0, 74, 30, 0, 0, 0, 0, 8, 0, 0]
02:35:06 [总线][调试] ← #33 状态0x00 ff ff 21 11 00 00 08 00 00 00 00 4a 1e 00 00 00 00 08 00 00 55  数据 [0, 8, 0, 0, 0, 0, 74, 30, 0, 0, 0, 0, 8, 0, 0]
02:35:06 [总线][调试] ← #34 状态0x00 ff ff 22 11 00 00 08 00 00 00 00 4a 1e 00 00 00 00 08 00 00 54  数据 [0, 8, 0, 0, 0, 0, 74, 30, 0, 0, 0, 0, 8, 0, 0]
02:35:06 [总线][调试] ← #10 状态0x00 ff ff 0a 11 00 00 08 00 00 00 00 4a 1e 00 00 00 00 08 00 00 6c  数据 [0, 8, 0, 0, 0, 0, 74, 30, 0, 0, 0, 0, 8, 0, 0]
02:35:06 [总线][调试] ← #11 状态0x00 ff ff 0b 11 00 00 08 00 00 00 00 4a 1e 00 00 00 00 08 00 00 6b  数据 [0, 8, 0, 0, 0, 0, 74, 30, 0, 0, 0, 0, 8, 0, 0]
02:35:06 [总线][调试] ← #12 状态0x00 ff ff 0c 11 00 00 08 00 00 00 00 4a 1e 00 00 00 00 08 00 00 6a  数据 [0, 8, 0, 0, 0, 0, 74, 30, 0, 0, 0, 0, 8, 0, 0]
02:35:06 [总线][调试] ← #13 状态0x00 ff ff 0d 11 00 00 08 00 00 00 00 4a 1e 00 00 00 00 08 00 00 69  数据 [0, 8, 0, 0, 0, 0, 74, 30, 0, 0, 0, 0, 8, 0, 0]
02:35:06 [总线][调试] ← #14 状态0x00 ff ff 0e 11 00 00 08 00 00 00 00 4a 1e 00 00 00 00 08 00 00 68  数据 [0, 8, 0, 0, 0, 0, 74, 30, 0, 0, 0, 0, 8, 0, 0]
02:35:06 [总线] ✓ 60 帧里 IMU 一帧不漏（漏了 0）
02:35:06 [总线] ✓ 同一条 sync_read 里 15 颗舵机也都答了（缺 0 个）
02:35:06 [总线] ✓ 应答没错位（bad_id 0）—— 错位一次后面 15 个全废
02:35:06 [总线] ✓ 没有校验错（0）
02:35:06 [总线] ✓ 采样计数每帧 +1~4（实际 [2, 3]）—— 恒 0 说明 IMU 没在出数，总线处理器却还活着
02:35:06 [总线] ✓ 12 字节窗口最长连续相同 3 帧（主控 ≥25 帧就报 frozen）
02:35:06 [总线] ✓ 60 帧里主控会接受 56 帧（累计 25 帧才 ready），570 ms 到 ready
02:35:06 [总线] 第一个有效四元数在开跑后 82 ms
02:35:06 [总线] ✓ 事务耗时 min 0.21 / 平均 0.56 / p99 1.09 / max 1.15 ms（预算 6.0 ms，不是超时 60 ms）
02:35:06 [总线][调试] → #254 PING ff ff fe 02 01 fe
02:35:06 [总线] ✓ 广播 PING 不应答（收到 0 字节）
02:35:06 [总线][调试] → #200 READ ff ff c8 04 02 38 0f ea  地址56「当前位置」 读 15 字节
02:35:06 [总线][调试] ← #200 状态0x00 ff ff c8 11 00 19 01 8f ff 1e 00 00 00 00 00 b1 30 a5 00 00 da  数据 [25, 1, 143, 255, 30, 0, 0, 0, 0, 0, 177, 48, 165, 0, 0]
02:35:06 [总线][调试] → #200 WRITE ff ff c8 04 03 28 00 08  地址40「扭矩开关」 写 [0]
02:35:06 [总线][调试] ← #200 状态0x00 ff ff c8 02 00 35
02:35:06 [总线][调试] → #200 READ ff ff c8 04 02 38 0f ea  地址56「当前位置」 读 15 字节
02:35:06 [总线][调试] ← #200 状态0x00 ff ff c8 11 00 19 01 8f ff 1e 00 00 00 00 00 b1 30 a5 00 00 da  数据 [25, 1, 143, 255, 30, 0, 0, 0, 0, 0, 177, 48, 165, 0, 0]
02:35:06 [总线] ✓ 写寄存器不会把板子写坏（写完还能正常读块）
02:35:06 [总线][调试] 写前后 12 字节：19018fff1e0000000000b130 → 19018fff1e0000000000b130
02:35:06 [总线] 总线统计增量：{'tx': 60, 'rx_ok': 960, 'timeout': 0, 'bad_checksum': 0, 'bad_id': 0}
02:35:06 [总线][调试] → #254 SYNC_READ ff ff fe 14 82 38 0f c8 14 15 16 17 18 1e 1f 20 21 22 0a 0b 0c 0d 0e 12
02:35:11 [总线][调试] → #254 SYNC_READ ff ff fe 14 82 38 0f c8 14 15 16 17 18 1e 1f 20 21 22 0a 0b 0c 0d 0e 12
02:35:11 [总线][调试] ← #200 状态0x00 ff ff c8 11 00 00 00 00 00 00 00 00 00 00 00 00 00 00 01 00 25  数据 [0, 0, 0, 0, 0, 0, 0, 0, 0, 0, 0, 0, 0, 1, 0]
02:35:11 [总线][调试] ← #20 状态0x00 ff ff 14 11 00 00 08 00 00 00 00 4a 1e 00 00 00 00 08 00 00 62  数据 [0, 8, 0, 0, 0, 0, 74, 30, 0, 0, 0, 0, 8, 0, 0]
02:35:11 [总线][调试] ← #21 状态0x00 ff ff 15 11 00 00 08 00 00 00 00 4a 1e 00 00 00 00 08 00 00 61  数据 [0, 8, 0, 0, 0, 0, 74, 30, 0, 0, 0, 0, 8, 0, 0]
02:35:11 [总线][调试] ← #22 状态0x00 ff ff 16 11 00 00 08 00 00 00 00 4a 1e 00 00 00 00 08 00 00 60  数据 [0, 8, 0, 0, 0, 0, 74, 30, 0, 0, 0, 0, 8, 0, 0]
02:35:11 [总线][调试] ← #23 状态0x00 ff ff 17 11 00 00 08 00 00 00 00 4a 1e 00 00 00 00 08 00 00 5f  数据 [0, 8, 0, 0, 0, 0, 74, 30, 0, 0, 0, 0, 8, 0, 0]
02:35:11 [总线][调试] ← #24 状态0x00 ff ff 18 11 00 00 08 00 00 00 00 4a 1e 00 00 00 00 08 00 00 5e  数据 [0, 8, 0, 0, 0, 0, 74, 30, 0, 0, 0, 0, 8, 0, 0]
02:35:11 [总线][调试] ← #30 状态0x00 ff ff 1e 11 00 00 08 00 00 00 00 4a 1e 00 00 00 00 08 00 00 58  数据 [0, 8, 0, 0, 0, 0, 74, 30, 0, 0, 0, 0, 8, 0, 0]
02:35:11 [总线][调试] ← #31 状态0x00 ff ff 1f 11 00 00 08 00 00 00 00 4a 1e 00 00 00 00 08 00 00 57  数据 [0, 8, 0, 0, 0, 0, 74, 30, 0, 0, 0, 0, 8, 0, 0]
02:35:11 [总线][调试] ← #32 状态0x00 ff ff 20 11 00 00 08 00 00 00 00 4a 1e 00 00 00 00 08 00 00 56  数据 [0, 8, 0, 0, 0, 0, 74, 30, 0, 0, 0, 0, 8, 0, 0]
02:35:11 [总线][调试] ← #33 状态0x00 ff ff 21 11 00 00 08 00 00 00 00 4a 1e 00 00 00 00 08 00 00 55  数据 [0, 8, 0, 0, 0, 0, 74, 30, 0, 0, 0, 0, 8, 0, 0]
02:35:11 [总线][调试] ← #34 状态0x00 ff ff 22 11 00 00 08 00 00 00 00 4a 1e 00 00 00 00 08 00 00 54  数据 [0, 8, 0, 0, 0, 0, 74, 30, 0, 0, 0, 0, 8, 0, 0]
02:35:11 [总线][调试] ← #10 状态0x00 ff ff 0a 11 00 00 08 00 00 00 00 4a 1e 00 00 00 00 08 00 00 6c  数据 [0, 8, 0, 0, 0, 0, 74, 30, 0, 0, 0, 0, 8, 0, 0]
02:35:11 [总线][调试] ← #11 状态0x00 ff ff 0b 11 00 00 08 00 00 00 00 4a 1e 00 00 00 00 08 00 00 6b  数据 [0, 8, 0, 0, 0, 0, 74, 30, 0, 0, 0, 0, 8, 0, 0]
02:35:11 [总线][调试] ← #12 状态0x00 ff ff 0c 11 00 00 08 00 00 00 00 4a 1e 00 00 00 00 08 00 00 6a  数据 [0, 8, 0, 0, 0, 0, 74, 30, 0, 0, 0, 0, 8, 0, 0]
02:35:11 [总线][调试] ← #13 状态0x00 ff ff 0d 11 00 00 08 00 00 00 00 4a 1e 00 00 00 00 08 00 00 69  数据 [0, 8, 0, 0, 0, 0, 74, 30, 0, 0, 0, 0, 8, 0, 0]
02:35:11 [总线][调试] ← #14 状态0x00 ff ff 0e 11 00 00 08 00 00 00 00 4a 1e 00 00 00 00 08 00 00 68  数据 [0, 8, 0, 0, 0, 0, 74, 30, 0, 0, 0, 0, 8, 0, 0]
02:35:11 [总线][调试] → #254 SYNC_READ ff ff fe 14 82 38 0f c8 14 15 16 17 18 1e 1f 20 21 22 0a 0b 0c 0d 0e 12
02:35:11 [总线][调试] ← #200 状态0x00 ff ff c8 11 00 00 00 00 00 00 00 00 00 00 00 00 00 02 01 00 23  数据 [0, 0, 0, 0, 0, 0, 0, 0, 0, 0, 0, 0, 2, 1, 0]
02:35:11 [总线][调试] ← #20 状态0x00 ff ff 14 11 00 00 08 00 00 00 00 4a 1e 00 00 00 00 08 00 00 62  数据 [0, 8, 0, 0, 0, 0, 74, 30, 0, 0, 0, 0, 8, 0, 0]
02:35:11 [总线][调试] ← #21 状态0x00 ff ff 15 11 00 00 08 00 00 00 00 4a 1e 00 00 00 00 08 00 00 61  数据 [0, 8, 0, 0, 0, 0, 74, 30, 0, 0, 0, 0, 8, 0, 0]
02:35:11 [总线][调试] ← #22 状态0x00 ff ff 16 11 00 00 08 00 00 00 00 4a 1e 00 00 00 00 08 00 00 60  数据 [0, 8, 0, 0, 0, 0, 74, 30, 0, 0, 0, 0, 8, 0, 0]
02:35:11 [总线][调试] ← #23 状态0x00 ff ff 17 11 00 00 08 00 00 00 00 4a 1e 00 00 00 00 08 00 00 5f  数据 [0, 8, 0, 0, 0, 0, 74, 30, 0, 0, 0, 0, 8, 0, 0]
02:35:11 [总线][调试] ← #24 状态0x00 ff ff 18 11 00 00 08 00 00 00 00 4a 1e 00 00 00 00 08 00 00 5e  数据 [0, 8, 0, 0, 0, 0, 74, 30, 0, 0, 0, 0, 8, 0, 0]
02:35:11 [总线][调试] ← #30 状态0x00 ff ff 1e 11 00 00 08 00 00 00 00 4a 1e 00 00 00 00 08 00 00 58  数据 [0, 8, 0, 0, 0, 0, 74, 30, 0, 0, 0, 0, 8, 0, 0]
02:35:11 [总线][调试] ← #31 状态0x00 ff ff 1f 11 00 00 08 00 00 00 00 4a 1e 00 00 00 00 08 00 00 57  数据 [0, 8, 0, 0, 0, 0, 74, 30, 0, 0, 0, 0, 8, 0, 0]
02:35:11 [总线][调试] ← #32 状态0x00 ff ff 20 11 00 00 08 00 00 00 00 4a 1e 00 00 00 00 08 00 00 56  数据 [0, 8, 0, 0, 0, 0, 74, 30, 0, 0, 0, 0, 8, 0, 0]
02:35:11 [总线][调试] ← #33 状态0x00 ff ff 21 11 00 00 08 00 00 00 00 4a 1e 00 00 00 00 08 00 00 55  数据 [0, 8, 0, 0, 0, 0, 74, 30, 0, 0, 0, 0, 8, 0, 0]
02:35:11 [总线][调试] ← #34 状态0x00 ff ff 22 11 00 00 08 00 00 00 00 4a 1e 00 00 00 00 08 00 00 54  数据 [0, 8, 0, 0, 0, 0, 74, 30, 0, 0, 0, 0, 8, 0, 0]
02:35:11 [总线][调试] ← #10 状态0x00 ff ff 0a 11 00 00 08 00 00 00 00 4a 1e 00 00 00 00 08 00 00 6c  数据 [0, 8, 0, 0, 0, 0, 74, 30, 0, 0, 0, 0, 8, 0, 0]
02:35:11 [总线][调试] ← #11 状态0x00 ff ff 0b 11 00 00 08 00 00 00 00 4a 1e 00 00 00 00 08 00 00 6b  数据 [0, 8, 0, 0, 0, 0, 74, 30, 0, 0, 0, 0, 8, 0, 0]
02:35:11 [总线][调试] ← #12 状态0x00 ff ff 0c 11 00 00 08 00 00 00 00 4a 1e 00 00 00 00 08 00 00 6a  数据 [0, 8, 0, 0, 0, 0, 74, 30, 0, 0, 0, 0, 8, 0, 0]
02:35:11 [总线][调试] ← #13 状态0x00 ff ff 0d 11 00 00 08 00 00 00 00 4a 1e 00 00 00 00 08 00 00 69  数据 [0, 8, 0, 0, 0, 0, 74, 30, 0, 0, 0, 0, 8, 0, 0]
02:35:11 [总线][调试] ← #14 状态0x00 ff ff 0e 11 00 00 08 00 00 00 00 4a 1e 00 00 00 00 08 00 00 68  数据 [0, 8, 0, 0, 0, 0, 74, 30, 0, 0, 0, 0, 8, 0, 0]
02:35:11 [总线][调试] → #254 SYNC_READ ff ff fe 14 82 38 0f c8 14 15 16 17 18 1e 1f 20 21 22 0a 0b 0c 0d 0e 12
02:35:11 [总线][调试] ← #200 状态0x00 ff ff c8 11 00 00 00 00 00 00 00 00 00 00 00 00 00 05 01 00 20  数据 [0, 0, 0, 0, 0, 0, 0, 0, 0, 0, 0, 0, 5, 1, 0]
02:35:11 [总线][调试] ← #20 状态0x00 ff ff 14 11 00 00 08 00 00 00 00 4a 1e 00 00 00 00 08 00 00 62  数据 [0, 8, 0, 0, 0, 0, 74, 30, 0, 0, 0, 0, 8, 0, 0]
02:35:11 [总线][调试] ← #21 状态0x00 ff ff 15 11 00 00 08 00 00 00 00 4a 1e 00 00 00 00 08 00 00 61  数据 [0, 8, 0, 0, 0, 0, 74, 30, 0, 0, 0, 0, 8, 0, 0]
02:35:11 [总线][调试] ← #22 状态0x00 ff ff 16 11 00 00 08 00 00 00 00 4a 1e 00 00 00 00 08 00 00 60  数据 [0, 8, 0, 0, 0, 0, 74, 30, 0, 0, 0, 0, 8, 0, 0]
02:35:11 [总线][调试] ← #23 状态0x00 ff ff 17 11 00 00 08 00 00 00 00 4a 1e 00 00 00 00 08 00 00 5f  数据 [0, 8, 0, 0, 0, 0, 74, 30, 0, 0, 0, 0, 8, 0, 0]
02:35:11 [总线][调试] ← #24 状态0x00 ff ff 18 11 00 00 08 00 00 00 00 4a 1e 00 00 00 00 08 00 00 5e  数据 [0, 8, 0, 0, 0, 0, 74, 30, 0, 0, 0, 0, 8, 0, 0]
02:35:11 [总线][调试] ← #30 状态0x00 ff ff 1e 11 00 00 08 00 00 00 00 4a 1e 00 00 00 00 08 00 00 58  数据 [0, 8, 0, 0, 0, 0, 74, 30, 0, 0, 0, 0, 8, 0, 0]
02:35:11 [总线][调试] ← #31 状态0x00 ff ff 1f 11 00 00 08 00 00 00 00 4a 1e 00 00 00 00 08 00 00 57  数据 [0, 8, 0, 0, 0, 0, 74, 30, 0, 0, 0, 0, 8, 0, 0]
02:35:11 [总线][调试] ← #32 状态0x00 ff ff 20 11 00 00 08 00 00 00 00 4a 1e 00 00 00 00 08 00 00 56  数据 [0, 8, 0, 0, 0, 0, 74, 30, 0, 0, 0, 0, 8, 0, 0]
02:35:11 [总线][调试] ← #33 状态0x00 ff ff 21 11 00 00 08 00 00 00 00 4a 1e 00 00 00 00 08 00 00 55  数据 [0, 8, 0, 0, 0, 0, 74, 30, 0, 0, 0, 0, 8, 0, 0]
02:35:11 [总线][调试] ← #34 状态0x00 ff ff 22 11 00 00 08 00 00 00 00 4a 1e 00 00 00 00 08 00 00 54  数据 [0, 8, 0, 0, 0, 0, 74, 30, 0, 0, 0, 0, 8, 0, 0]
02:35:11 [总线][调试] ← #10 状态0x00 ff ff 0a 11 00 00 08 00 00 00 00 4a 1e 00 00 00 00 08 00 00 6c  数据 [0, 8, 0, 0, 0, 0, 74, 30, 0, 0, 0, 0, 8, 0, 0]
02:35:11 [总线][调试] ← #11 状态0x00 ff ff 0b 11 00 00 08 00 00 00 00 4a 1e 00 00 00 00 08 00 00 6b  数据 [0, 8, 0, 0, 0, 0, 74, 30, 0, 0, 0, 0, 8, 0, 0]
02:35:11 [总线][调试] ← #12 状态0x00 ff ff 0c 11 00 00 08 00 00 00 00 4a 1e 00 00 00 00 08 00 00 6a  数据 [0, 8, 0, 0, 0, 0, 74, 30, 0, 0, 0, 0, 8, 0, 0]
02:35:11 [总线][调试] ← #13 状态0x00 ff ff 0d 11 00 00 08 00 00 00 00 4a 1e 00 00 00 00 08 00 00 69  数据 [0, 8, 0, 0, 0, 0, 74, 30, 0, 0, 0, 0, 8, 0, 0]
02:35:11 [总线][调试] ← #14 状态0x00 ff ff 0e 11 00 00 08 00 00 00 00 4a 1e 00 00 00 00 08 00 00 68  数据 [0, 8, 0, 0, 0, 0, 74, 30, 0, 0, 0, 0, 8, 0, 0]
02:35:11 [总线][调试] → #254 SYNC_READ ff ff fe 14 82 38 0f c8 14 15 16 17 18 1e 1f 20 21 22 0a 0b 0c 0d 0e 12
02:35:11 [总线][调试] ← #200 状态0x00 ff ff c8 11 00 00 00 00 00 00 00 00 00 00 00 00 00 07 01 00 1e  数据 [0, 0, 0, 0, 0, 0, 0, 0, 0, 0, 0, 0, 7, 1, 0]
02:35:11 [总线][调试] ← #20 状态0x00 ff ff 14 11 00 00 08 00 00 00 00 4a 1e 00 00 00 00 08 00 00 62  数据 [0, 8, 0, 0, 0, 0, 74, 30, 0, 0, 0, 0, 8, 0, 0]
02:35:11 [总线][调试] ← #21 状态0x00 ff ff 15 11 00 00 08 00 00 00 00 4a 1e 00 00 00 00 08 00 00 61  数据 [0, 8, 0, 0, 0, 0, 74, 30, 0, 0, 0, 0, 8, 0, 0]
02:35:11 [总线][调试] ← #22 状态0x00 ff ff 16 11 00 00 08 00 00 00 00 4a 1e 00 00 00 00 08 00 00 60  数据 [0, 8, 0, 0, 0, 0, 74, 30, 0, 0, 0, 0, 8, 0, 0]
02:35:11 [总线][调试] ← #23 状态0x00 ff ff 17 11 00 00 08 00 00 00 00 4a 1e 00 00 00 00 08 00 00 5f  数据 [0, 8, 0, 0, 0, 0, 74, 30, 0, 0, 0, 0, 8, 0, 0]
02:35:11 [总线][调试] ← #24 状态0x00 ff ff 18 11 00 00 08 00 00 00 00 4a 1e 00 00 00 00 08 00 00 5e  数据 [0, 8, 0, 0, 0, 0, 74, 30, 0, 0, 0, 0, 8, 0, 0]
02:35:11 [总线][调试] ← #30 状态0x00 ff ff 1e 11 00 00 08 00 00 00 00 4a 1e 00 00 00 00 08 00 00 58  数据 [0, 8, 0, 0, 0, 0, 74, 30, 0, 0, 0, 0, 8, 0, 0]
02:35:11 [总线][调试] ← #31 状态0x00 ff ff 1f 11 00 00 08 00 00 00 00 4a 1e 00 00 00 00 08 00 00 57  数据 [0, 8, 0, 0, 0, 0, 74, 30, 0, 0, 0, 0, 8, 0, 0]
02:35:11 [总线][调试] ← #32 状态0x00 ff ff 20 11 00 00 08 00 00 00 00 4a 1e 00 00 00 00 08 00 00 56  数据 [0, 8, 0, 0, 0, 0, 74, 30, 0, 0, 0, 0, 8, 0, 0]
02:35:11 [总线][调试] ← #33 状态0x00 ff ff 21 11 00 00 08 00 00 00 00 4a 1e 00 00 00 00 08 00 00 55  数据 [0, 8, 0, 0, 0, 0, 74, 30, 0, 0, 0, 0, 8, 0, 0]
02:35:11 [总线][调试] ← #34 状态0x00 ff ff 22 11 00 00 08 00 00 00 00 4a 1e 00 00 00 00 08 00 00 54  数据 [0, 8, 0, 0, 0, 0, 74, 30, 0, 0, 0, 0, 8, 0, 0]
02:35:11 [总线][调试] ← #10 状态0x00 ff ff 0a 11 00 00 08 00 00 00 00 4a 1e 00 00 00 00 08 00 00 6c  数据 [0, 8, 0, 0, 0, 0, 74, 30, 0, 0, 0, 0, 8, 0, 0]
02:35:11 [总线][调试] ← #11 状态0x00 ff ff 0b 11 00 00 08 00 00 00 00 4a 1e 00 00 00 00 08 00 00 6b  数据 [0, 8, 0, 0, 0, 0, 74, 30, 0, 0, 0, 0, 8, 0, 0]
02:35:11 [总线][调试] ← #12 状态0x00 ff ff 0c 11 00 00 08 00 00 00 00 4a 1e 00 00 00 00 08 00 00 6a  数据 [0, 8, 0, 0, 0, 0, 74, 30, 0, 0, 0, 0, 8, 0, 0]
02:35:11 [总线][调试] ← #13 状态0x00 ff ff 0d 11 00 00 08 00 00 00 00 4a 1e 00 00 00 00 08 00 00 69  数据 [0, 8, 0, 0, 0, 0, 74, 30, 0, 0, 0, 0, 8, 0, 0]
02:35:11 [总线][调试] ← #14 状态0x00 ff ff 0e 11 00 00 08 00 00 00 00 4a 1e 00 00 00 00 08 00 00 68  数据 [0, 8, 0, 0, 0, 0, 74, 30, 0, 0, 0, 0, 8, 0, 0]
02:35:11 [总线][调试] → #254 SYNC_READ ff ff fe 14 82 38 0f c8 14 15 16 17 18 1e 1f 20 21 22 0a 0b 0c 0d 0e 12
02:35:11 [总线][调试] ← #200 状态0x00 ff ff c8 11 00 00 00 00 00 00 00 00 00 00 00 00 00 0a 01 00 1b  数据 [0, 0, 0, 0, 0, 0, 0, 0, 0, 0, 0, 0, 10, 1, 0]
02:35:11 [总线][调试] ← #20 状态0x00 ff ff 14 11 00 00 08 00 00 00 00 4a 1e 00 00 00 00 08 00 00 62  数据 [0, 8, 0, 0, 0, 0, 74, 30, 0, 0, 0, 0, 8, 0, 0]
02:35:11 [总线][调试] ← #21 状态0x00 ff ff 15 11 00 00 08 00 00 00 00 4a 1e 00 00 00 00 08 00 00 61  数据 [0, 8, 0, 0, 0, 0, 74, 30, 0, 0, 0, 0, 8, 0, 0]
02:35:11 [总线][调试] ← #22 状态0x00 ff ff 16 11 00 00 08 00 00 00 00 4a 1e 00 00 00 00 08 00 00 60  数据 [0, 8, 0, 0, 0, 0, 74, 30, 0, 0, 0, 0, 8, 0, 0]
02:35:11 [总线][调试] ← #23 状态0x00 ff ff 17 11 00 00 08 00 00 00 00 4a 1e 00 00 00 00 08 00 00 5f  数据 [0, 8, 0, 0, 0, 0, 74, 30, 0, 0, 0, 0, 8, 0, 0]
02:35:11 [总线][调试] ← #24 状态0x00 ff ff 18 11 00 00 08 00 00 00 00 4a 1e 00 00 00 00 08 00 00 5e  数据 [0, 8, 0, 0, 0, 0, 74, 30, 0, 0, 0, 0, 8, 0, 0]
02:35:11 [总线][调试] ← #30 状态0x00 ff ff 1e 11 00 00 08 00 00 00 00 4a 1e 00 00 00 00 08 00 00 58  数据 [0, 8, 0, 0, 0, 0, 74, 30, 0, 0, 0, 0, 8, 0, 0]
02:35:11 [总线][调试] ← #31 状态0x00 ff ff 1f 11 00 00 08 00 00 00 00 4a 1e 00 00 00 00 08 00 00 57  数据 [0, 8, 0, 0, 0, 0, 74, 30, 0, 0, 0, 0, 8, 0, 0]
02:35:11 [总线][调试] ← #32 状态0x00 ff ff 20 11 00 00 08 00 00 00 00 4a 1e 00 00 00 00 08 00 00 56  数据 [0, 8, 0, 0, 0, 0, 74, 30, 0, 0, 0, 0, 8, 0, 0]
02:35:11 [总线][调试] ← #33 状态0x00 ff ff 21 11 00 00 08 00 00 00 00 4a 1e 00 00 00 00 08 00 00 55  数据 [0, 8, 0, 0, 0, 0, 74, 30, 0, 0, 0, 0, 8, 0, 0]
02:35:11 [总线][调试] ← #34 状态0x00 ff ff 22 11 00 00 08 00 00 00 00 4a 1e 00 00 00 00 08 00 00 54  数据 [0, 8, 0, 0, 0, 0, 74, 30, 0, 0, 0, 0, 8, 0, 0]
02:35:11 [总线][调试] ← #10 状态0x00 ff ff 0a 11 00 00 08 00 00 00 00 4a 1e 00 00 00 00 08 00 00 6c  数据 [0, 8, 0, 0, 0, 0, 74, 30, 0, 0, 0, 0, 8, 0, 0]
02:35:11 [总线][调试] ← #11 状态0x00 ff ff 0b 11 00 00 08 00 00 00 00 4a 1e 00 00 00 00 08 00 00 6b  数据 [0, 8, 0, 0, 0, 0, 74, 30, 0, 0, 0, 0, 8, 0, 0]
02:35:11 [总线][调试] ← #12 状态0x00 ff ff 0c 11 00 00 08 00 00 00 00 4a 1e 00 00 00 00 08 00 00 6a  数据 [0, 8, 0, 0, 0, 0, 74, 30, 0, 0, 0, 0, 8, 0, 0]
02:35:11 [总线][调试] ← #13 状态0x00 ff ff 0d 11 00 00 08 00 00 00 00 4a 1e 00 00 00 00 08 00 00 69  数据 [0, 8, 0, 0, 0, 0, 74, 30, 0, 0, 0, 0, 8, 0, 0]
02:35:11 [总线][调试] ← #14 状态0x00 ff ff 0e 11 00 00 08 00 00 00 00 4a 1e 00 00 00 00 08 00 00 68  数据 [0, 8, 0, 0, 0, 0, 74, 30, 0, 0, 0, 0, 8, 0, 0]
02:35:11 [总线][调试] → #254 SYNC_READ ff ff fe 14 82 38 0f c8 14 15 16 17 18 1e 1f 20 21 22 0a 0b 0c 0d 0e 12
02:35:11 [总线][调试] ← #200 状态0x00 ff ff c8 11 00 00 00 00 00 00 00 00 00 00 00 00 00 0c 01 00 19  数据 [0, 0, 0, 0, 0, 0, 0, 0, 0, 0, 0, 0, 12, 1, 0]
02:35:11 [总线][调试] ← #20 状态0x00 ff ff 14 11 00 00 08 00 00 00 00 4a 1e 00 00 00 00 08 00 00 62  数据 [0, 8, 0, 0, 0, 0, 74, 30, 0, 0, 0, 0, 8, 0, 0]
02:35:11 [总线][调试] ← #21 状态0x00 ff ff 15 11 00 00 08 00 00 00 00 4a 1e 00 00 00 00 08 00 00 61  数据 [0, 8, 0, 0, 0, 0, 74, 30, 0, 0, 0, 0, 8, 0, 0]
02:35:11 [总线][调试] ← #22 状态0x00 ff ff 16 11 00 00 08 00 00 00 00 4a 1e 00 00 00 00 08 00 00 60  数据 [0, 8, 0, 0, 0, 0, 74, 30, 0, 0, 0, 0, 8, 0, 0]
02:35:11 [总线][调试] ← #23 状态0x00 ff ff 17 11 00 00 08 00 00 00 00 4a 1e 00 00 00 00 08 00 00 5f  数据 [0, 8, 0, 0, 0, 0, 74, 30, 0, 0, 0, 0, 8, 0, 0]
02:35:11 [总线][调试] ← #24 状态0x00 ff ff 18 11 00 00 08 00 00 00 00 4a 1e 00 00 00 00 08 00 00 5e  数据 [0, 8, 0, 0, 0, 0, 74, 30, 0, 0, 0, 0, 8, 0, 0]
02:35:11 [总线][调试] ← #30 状态0x00 ff ff 1e 11 00 00 08 00 00 00 00 4a 1e 00 00 00 00 08 00 00 58  数据 [0, 8, 0, 0, 0, 0, 74, 30, 0, 0, 0, 0, 8, 0, 0]
02:35:11 [总线][调试] ← #31 状态0x00 ff ff 1f 11 00 00 08 00 00 00 00 4a 1e 00 00 00 00 08 00 00 57  数据 [0, 8, 0, 0, 0, 0, 74, 30, 0, 0, 0, 0, 8, 0, 0]
02:35:11 [总线][调试] ← #32 状态0x00 ff ff 20 11 00 00 08 00 00 00 00 4a 1e 00 00 00 00 08 00 00 56  数据 [0, 8, 0, 0, 0, 0, 74, 30, 0, 0, 0, 0, 8, 0, 0]
02:35:11 [总线][调试] ← #33 状态0x00 ff ff 21 11 00 00 08 00 00 00 00 4a 1e 00 00 00 00 08 00 00 55  数据 [0, 8, 0, 0, 0, 0, 74, 30, 0, 0, 0, 0, 8, 0, 0]
02:35:11 [总线][调试] ← #34 状态0x00 ff ff 22 11 00 00 08 00 00 00 00 4a 1e 00 00 00 00 08 00 00 54  数据 [0, 8, 0, 0, 0, 0, 74, 30, 0, 0, 0, 0, 8, 0, 0]
02:35:11 [总线][调试] ← #10 状态0x00 ff ff 0a 11 00 00 08 00 00 00 00 4a 1e 00 00 00 00 08 00 00 6c  数据 [0, 8, 0, 0, 0, 0, 74, 30, 0, 0, 0, 0, 8, 0, 0]
02:35:11 [总线][调试] ← #11 状态0x00 ff ff 0b 11 00 00 08 00 00 00 00 4a 1e 00 00 00 00 08 00 00 6b  数据 [0, 8, 0, 0, 0, 0, 74, 30, 0, 0, 0, 0, 8, 0, 0]
02:35:11 [总线][调试] ← #12 状态0x00 ff ff 0c 11 00 00 08 00 00 00 00 4a 1e 00 00 00 00 08 00 00 6a  数据 [0, 8, 0, 0, 0, 0, 74, 30, 0, 0, 0, 0, 8, 0, 0]
02:35:11 [总线][调试] ← #13 状态0x00 ff ff 0d 11 00 00 08 00 00 00 00 4a 1e 00 00 00 00 08 00 00 69  数据 [0, 8, 0, 0, 0, 0, 74, 30, 0, 0, 0, 0, 8, 0, 0]
02:35:11 [总线][调试] ← #14 状态0x00 ff ff 0e 11 00 00 08 00 00 00 00 4a 1e 00 00 00 00 08 00 00 68  数据 [0, 8, 0, 0, 0, 0, 74, 30, 0, 0, 0, 0, 8, 0, 0]
02:35:11 [总线][调试] → #200 PING ff ff c8 02 01 34
02:35:11 [总线][调试] ← #200 状态0x00 ff ff c8 02 00 35
02:35:11 [总线][调试] → #200 PING ff ff c8 02 01 34
02:35:11 [总线][调试] ← #200 状态0x00 ff ff c8 02 00 35
02:35:11 [总线] ✓ PING ID 200 有应答（上电后 0 ms）
02:35:11 [总线][调试] → #200 READ ff ff c8 04 02 38 0f ea  地址56「当前位置」 读 15 字节
02:35:11 [总线][调试] ← #200 状态0x00 ff ff c8 11 00 00 00 00 00 00 00 00 00 00 00 00 00 0f 01 00 16  数据 [0, 0, 0, 0, 0, 0, 0, 0, 0, 0, 0, 0, 15, 1, 0]
02:35:11 [总线] ✓ READ 地址 56 长 15 回了 15 字节
02:35:11 [总线] ✓ 保留字节（byte 14）是 0（实际 0）
02:35:11 [总线][调试] → #200 READ ff ff c8 04 02 00 05 2c  地址0「固件主版本」 读 5 字节
02:35:11 [总线][调试] ← #200 状态0x00 ff ff c8 07 00 00 01 00 00 00 2f  数据 [0, 1, 0, 0, 0]
02:35:11 [总线] ✓ END 字节序 = 0 小端（实际 0）
02:35:11 [总线] 版本区 0–4 = [0, 1, 0, 0, 0]
02:35:11 [总线][调试] → #254 SYNC_READ ff ff fe 14 82 38 0f c8 14 15 16 17 18 1e 1f 20 21 22 0a 0b 0c 0d 0e 12
02:35:11 [总线][调试] ← #200 状态0x00 ff ff c8 11 00 00 00 00 00 00 00 00 00 00 00 00 00 0f 01 00 16  数据 [0, 0, 0, 0, 0, 0, 0, 0, 0, 0, 0, 0, 15, 1, 0]
02:35:11 [总线][调试] ← #20 状态0x00 ff ff 14 11 00 00 08 00 00 00 00 4a 1e 00 00 00 00 08 00 00 62  数据 [0, 8, 0, 0, 0, 0, 74, 30, 0, 0, 0, 0, 8, 0, 0]
02:35:11 [总线][调试] ← #21 状态0x00 ff ff 15 11 00 00 08 00 00 00 00 4a 1e 00 00 00 00 08 00 00 61  数据 [0, 8, 0, 0, 0, 0, 74, 30, 0, 0, 0, 0, 8, 0, 0]
02:35:11 [总线][调试] ← #22 状态0x00 ff ff 16 11 00 00 08 00 00 00 00 4a 1e 00 00 00 00 08 00 00 60  数据 [0, 8, 0, 0, 0, 0, 74, 30, 0, 0, 0, 0, 8, 0, 0]
02:35:11 [总线][调试] ← #23 状态0x00 ff ff 17 11 00 00 08 00 00 00 00 4a 1e 00 00 00 00 08 00 00 5f  数据 [0, 8, 0, 0, 0, 0, 74, 30, 0, 0, 0, 0, 8, 0, 0]
02:35:11 [总线][调试] ← #24 状态0x00 ff ff 18 11 00 00 08 00 00 00 00 4a 1e 00 00 00 00 08 00 00 5e  数据 [0, 8, 0, 0, 0, 0, 74, 30, 0, 0, 0, 0, 8, 0, 0]
02:35:11 [总线][调试] ← #30 状态0x00 ff ff 1e 11 00 00 08 00 00 00 00 4a 1e 00 00 00 00 08 00 00 58  数据 [0, 8, 0, 0, 0, 0, 74, 30, 0, 0, 0, 0, 8, 0, 0]
02:35:11 [总线][调试] ← #31 状态0x00 ff ff 1f 11 00 00 08 00 00 00 00 4a 1e 00 00 00 00 08 00 00 57  数据 [0, 8, 0, 0, 0, 0, 74, 30, 0, 0, 0, 0, 8, 0, 0]
02:35:11 [总线][调试] ← #32 状态0x00 ff ff 20 11 00 00 08 00 00 00 00 4a 1e 00 00 00 00 08 00 00 56  数据 [0, 8, 0, 0, 0, 0, 74, 30, 0, 0, 0, 0, 8, 0, 0]
02:35:11 [总线][调试] ← #33 状态0x00 ff ff 21 11 00 00 08 00 00 00 00 4a 1e 00 00 00 00 08 00 00 55  数据 [0, 8, 0, 0, 0, 0, 74, 30, 0, 0, 0, 0, 8, 0, 0]
02:35:11 [总线][调试] ← #34 状态0x00 ff ff 22 11 00 00 08 00 00 00 00 4a 1e 00 00 00 00 08 00 00 54  数据 [0, 8, 0, 0, 0, 0, 74, 30, 0, 0, 0, 0, 8, 0, 0]
02:35:11 [总线][调试] ← #10 状态0x00 ff ff 0a 11 00 00 08 00 00 00 00 4a 1e 00 00 00 00 08 00 00 6c  数据 [0, 8, 0, 0, 0, 0, 74, 30, 0, 0, 0, 0, 8, 0, 0]
02:35:11 [总线][调试] ← #11 状态0x00 ff ff 0b 11 00 00 08 00 00 00 00 4a 1e 00 00 00 00 08 00 00 6b  数据 [0, 8, 0, 0, 0, 0, 74, 30, 0, 0, 0, 0, 8, 0, 0]
02:35:11 [总线][调试] ← #12 状态0x00 ff ff 0c 11 00 00 08 00 00 00 00 4a 1e 00 00 00 00 08 00 00 6a  数据 [0, 8, 0, 0, 0, 0, 74, 30, 0, 0, 0, 0, 8, 0, 0]
02:35:11 [总线][调试] ← #13 状态0x00 ff ff 0d 11 00 00 08 00 00 00 00 4a 1e 00 00 00 00 08 00 00 69  数据 [0, 8, 0, 0, 0, 0, 74, 30, 0, 0, 0, 0, 8, 0, 0]
02:35:11 [总线][调试] ← #14 状态0x00 ff ff 0e 11 00 00 08 00 00 00 00 4a 1e 00 00 00 00 08 00 00 68  数据 [0, 8, 0, 0, 0, 0, 74, 30, 0, 0, 0, 0, 8, 0, 0]
02:35:11 [总线][调试] → #254 SYNC_READ ff ff fe 14 82 38 0f c8 14 15 16 17 18 1e 1f 20 21 22 0a 0b 0c 0d 0e 12
02:35:11 [总线][调试] ← #200 状态0x00 ff ff c8 11 00 00 00 00 00 00 00 00 00 00 00 00 00 11 01 00 14  数据 [0, 0, 0, 0, 0, 0, 0, 0, 0, 0, 0, 0, 17, 1, 0]
02:35:11 [总线][调试] ← #20 状态0x00 ff ff 14 11 00 00 08 00 00 00 00 4a 1e 00 00 00 00 08 00 00 62  数据 [0, 8, 0, 0, 0, 0, 74, 30, 0, 0, 0, 0, 8, 0, 0]
02:35:11 [总线][调试] ← #21 状态0x00 ff ff 15 11 00 00 08 00 00 00 00 4a 1e 00 00 00 00 08 00 00 61  数据 [0, 8, 0, 0, 0, 0, 74, 30, 0, 0, 0, 0, 8, 0, 0]
02:35:11 [总线][调试] ← #22 状态0x00 ff ff 16 11 00 00 08 00 00 00 00 4a 1e 00 00 00 00 08 00 00 60  数据 [0, 8, 0, 0, 0, 0, 74, 30, 0, 0, 0, 0, 8, 0, 0]
02:35:11 [总线][调试] ← #23 状态0x00 ff ff 17 11 00 00 08 00 00 00 00 4a 1e 00 00 00 00 08 00 00 5f  数据 [0, 8, 0, 0, 0, 0, 74, 30, 0, 0, 0, 0, 8, 0, 0]
02:35:11 [总线][调试] ← #24 状态0x00 ff ff 18 11 00 00 08 00 00 00 00 4a 1e 00 00 00 00 08 00 00 5e  数据 [0, 8, 0, 0, 0, 0, 74, 30, 0, 0, 0, 0, 8, 0, 0]
02:35:11 [总线][调试] ← #30 状态0x00 ff ff 1e 11 00 00 08 00 00 00 00 4a 1e 00 00 00 00 08 00 00 58  数据 [0, 8, 0, 0, 0, 0, 74, 30, 0, 0, 0, 0, 8, 0, 0]
02:35:11 [总线][调试] ← #31 状态0x00 ff ff 1f 11 00 00 08 00 00 00 00 4a 1e 00 00 00 00 08 00 00 57  数据 [0, 8, 0, 0, 0, 0, 74, 30, 0, 0, 0, 0, 8, 0, 0]
02:35:11 [总线][调试] ← #32 状态0x00 ff ff 20 11 00 00 08 00 00 00 00 4a 1e 00 00 00 00 08 00 00 56  数据 [0, 8, 0, 0, 0, 0, 74, 30, 0, 0, 0, 0, 8, 0, 0]
02:35:11 [总线][调试] ← #33 状态0x00 ff ff 21 11 00 00 08 00 00 00 00 4a 1e 00 00 00 00 08 00 00 55  数据 [0, 8, 0, 0, 0, 0, 74, 30, 0, 0, 0, 0, 8, 0, 0]
02:35:11 [总线][调试] ← #34 状态0x00 ff ff 22 11 00 00 08 00 00 00 00 4a 1e 00 00 00 00 08 00 00 54  数据 [0, 8, 0, 0, 0, 0, 74, 30, 0, 0, 0, 0, 8, 0, 0]
02:35:11 [总线][调试] ← #10 状态0x00 ff ff 0a 11 00 00 08 00 00 00 00 4a 1e 00 00 00 00 08 00 00 6c  数据 [0, 8, 0, 0, 0, 0, 74, 30, 0, 0, 0, 0, 8, 0, 0]
02:35:11 [总线][调试] ← #11 状态0x00 ff ff 0b 11 00 00 08 00 00 00 00 4a 1e 00 00 00 00 08 00 00 6b  数据 [0, 8, 0, 0, 0, 0, 74, 30, 0, 0, 0, 0, 8, 0, 0]
02:35:11 [总线][调试] ← #12 状态0x00 ff ff 0c 11 00 00 08 00 00 00 00 4a 1e 00 00 00 00 08 00 00 6a  数据 [0, 8, 0, 0, 0, 0, 74, 30, 0, 0, 0, 0, 8, 0, 0]
02:35:11 [总线][调试] ← #13 状态0x00 ff ff 0d 11 00 00 08 00 00 00 00 4a 1e 00 00 00 00 08 00 00 69  数据 [0, 8, 0, 0, 0, 0, 74, 30, 0, 0, 0, 0, 8, 0, 0]
02:35:11 [总线][调试] ← #14 状态0x00 ff ff 0e 11 00 00 08 00 00 00 00 4a 1e 00 00 00 00 08 00 00 68  数据 [0, 8, 0, 0, 0, 0, 74, 30, 0, 0, 0, 0, 8, 0, 0]
02:35:11 [总线][调试] → #254 SYNC_READ ff ff fe 14 82 38 0f c8 14 15 16 17 18 1e 1f 20 21 22 0a 0b 0c 0d 0e 12
02:35:11 [总线][调试] ← #200 状态0x00 ff ff c8 11 00 00 00 00 00 00 00 00 00 00 00 00 00 14 01 00 11  数据 [0, 0, 0, 0, 0, 0, 0, 0, 0, 0, 0, 0, 20, 1, 0]
02:35:11 [总线][调试] ← #20 状态0x00 ff ff 14 11 00 00 08 00 00 00 00 4a 1e 00 00 00 00 08 00 00 62  数据 [0, 8, 0, 0, 0, 0, 74, 30, 0, 0, 0, 0, 8, 0, 0]
02:35:11 [总线][调试] ← #21 状态0x00 ff ff 15 11 00 00 08 00 00 00 00 4a 1e 00 00 00 00 08 00 00 61  数据 [0, 8, 0, 0, 0, 0, 74, 30, 0, 0, 0, 0, 8, 0, 0]
02:35:11 [总线][调试] ← #22 状态0x00 ff ff 16 11 00 00 08 00 00 00 00 4a 1e 00 00 00 00 08 00 00 60  数据 [0, 8, 0, 0, 0, 0, 74, 30, 0, 0, 0, 0, 8, 0, 0]
02:35:11 [总线][调试] ← #23 状态0x00 ff ff 17 11 00 00 08 00 00 00 00 4a 1e 00 00 00 00 08 00 00 5f  数据 [0, 8, 0, 0, 0, 0, 74, 30, 0, 0, 0, 0, 8, 0, 0]
02:35:11 [总线][调试] ← #24 状态0x00 ff ff 18 11 00 00 08 00 00 00 00 4a 1e 00 00 00 00 08 00 00 5e  数据 [0, 8, 0, 0, 0, 0, 74, 30, 0, 0, 0, 0, 8, 0, 0]
02:35:11 [总线][调试] ← #30 状态0x00 ff ff 1e 11 00 00 08 00 00 00 00 4a 1e 00 00 00 00 08 00 00 58  数据 [0, 8, 0, 0, 0, 0, 74, 30, 0, 0, 0, 0, 8, 0, 0]
02:35:11 [总线][调试] ← #31 状态0x00 ff ff 1f 11 00 00 08 00 00 00 00 4a 1e 00 00 00 00 08 00 00 57  数据 [0, 8, 0, 0, 0, 0, 74, 30, 0, 0, 0, 0, 8, 0, 0]
02:35:11 [总线][调试] ← #32 状态0x00 ff ff 20 11 00 00 08 00 00 00 00 4a 1e 00 00 00 00 08 00 00 56  数据 [0, 8, 0, 0, 0, 0, 74, 30, 0, 0, 0, 0, 8, 0, 0]
02:35:11 [总线][调试] ← #33 状态0x00 ff ff 21 11 00 00 08 00 00 00 00 4a 1e 00 00 00 00 08 00 00 55  数据 [0, 8, 0, 0, 0, 0, 74, 30, 0, 0, 0, 0, 8, 0, 0]
02:35:11 [总线][调试] ← #34 状态0x00 ff ff 22 11 00 00 08 00 00 00 00 4a 1e 00 00 00 00 08 00 00 54  数据 [0, 8, 0, 0, 0, 0, 74, 30, 0, 0, 0, 0, 8, 0, 0]
02:35:11 [总线][调试] ← #10 状态0x00 ff ff 0a 11 00 00 08 00 00 00 00 4a 1e 00 00 00 00 08 00 00 6c  数据 [0, 8, 0, 0, 0, 0, 74, 30, 0, 0, 0, 0, 8, 0, 0]
02:35:11 [总线][调试] ← #11 状态0x00 ff ff 0b 11 00 00 08 00 00 00 00 4a 1e 00 00 00 00 08 00 00 6b  数据 [0, 8, 0, 0, 0, 0, 74, 30, 0, 0, 0, 0, 8, 0, 0]
02:35:11 [总线][调试] ← #12 状态0x00 ff ff 0c 11 00 00 08 00 00 00 00 4a 1e 00 00 00 00 08 00 00 6a  数据 [0, 8, 0, 0, 0, 0, 74, 30, 0, 0, 0, 0, 8, 0, 0]
02:35:11 [总线][调试] ← #13 状态0x00 ff ff 0d 11 00 00 08 00 00 00 00 4a 1e 00 00 00 00 08 00 00 69  数据 [0, 8, 0, 0, 0, 0, 74, 30, 0, 0, 0, 0, 8, 0, 0]
02:35:11 [总线][调试] ← #14 状态0x00 ff ff 0e 11 00 00 08 00 00 00 00 4a 1e 00 00 00 00 08 00 00 68  数据 [0, 8, 0, 0, 0, 0, 74, 30, 0, 0, 0, 0, 8, 0, 0]
02:35:11 [总线][调试] → #254 SYNC_READ ff ff fe 14 82 38 0f c8 14 15 16 17 18 1e 1f 20 21 22 0a 0b 0c 0d 0e 12
02:35:11 [总线][调试] ← #200 状态0x00 ff ff c8 11 00 00 00 00 00 00 00 00 00 00 00 00 00 16 01 00 0f  数据 [0, 0, 0, 0, 0, 0, 0, 0, 0, 0, 0, 0, 22, 1, 0]
02:35:11 [总线][调试] ← #20 状态0x00 ff ff 14 11 00 00 08 00 00 00 00 4a 1e 00 00 00 00 08 00 00 62  数据 [0, 8, 0, 0, 0, 0, 74, 30, 0, 0, 0, 0, 8, 0, 0]
02:35:11 [总线][调试] ← #21 状态0x00 ff ff 15 11 00 00 08 00 00 00 00 4a 1e 00 00 00 00 08 00 00 61  数据 [0, 8, 0, 0, 0, 0, 74, 30, 0, 0, 0, 0, 8, 0, 0]
02:35:11 [总线][调试] ← #22 状态0x00 ff ff 16 11 00 00 08 00 00 00 00 4a 1e 00 00 00 00 08 00 00 60  数据 [0, 8, 0, 0, 0, 0, 74, 30, 0, 0, 0, 0, 8, 0, 0]
02:35:11 [总线][调试] ← #23 状态0x00 ff ff 17 11 00 00 08 00 00 00 00 4a 1e 00 00 00 00 08 00 00 5f  数据 [0, 8, 0, 0, 0, 0, 74, 30, 0, 0, 0, 0, 8, 0, 0]
02:35:11 [总线][调试] ← #24 状态0x00 ff ff 18 11 00 00 08 00 00 00 00 4a 1e 00 00 00 00 08 00 00 5e  数据 [0, 8, 0, 0, 0, 0, 74, 30, 0, 0, 0, 0, 8, 0, 0]
02:35:11 [总线][调试] ← #30 状态0x00 ff ff 1e 11 00 00 08 00 00 00 00 4a 1e 00 00 00 00 08 00 00 58  数据 [0, 8, 0, 0, 0, 0, 74, 30, 0, 0, 0, 0, 8, 0, 0]
02:35:11 [总线][调试] ← #31 状态0x00 ff ff 1f 11 00 00 08 00 00 00 00 4a 1e 00 00 00 00 08 00 00 57  数据 [0, 8, 0, 0, 0, 0, 74, 30, 0, 0, 0, 0, 8, 0, 0]
02:35:11 [总线][调试] ← #32 状态0x00 ff ff 20 11 00 00 08 00 00 00 00 4a 1e 00 00 00 00 08 00 00 56  数据 [0, 8, 0, 0, 0, 0, 74, 30, 0, 0, 0, 0, 8, 0, 0]
02:35:11 [总线][调试] ← #33 状态0x00 ff ff 21 11 00 00 08 00 00 00 00 4a 1e 00 00 00 00 08 00 00 55  数据 [0, 8, 0, 0, 0, 0, 74, 30, 0, 0, 0, 0, 8, 0, 0]
02:35:11 [总线][调试] ← #34 状态0x00 ff ff 22 11 00 00 08 00 00 00 00 4a 1e 00 00 00 00 08 00 00 54  数据 [0, 8, 0, 0, 0, 0, 74, 30, 0, 0, 0, 0, 8, 0, 0]
02:35:11 [总线][调试] ← #10 状态0x00 ff ff 0a 11 00 00 08 00 00 00 00 4a 1e 00 00 00 00 08 00 00 6c  数据 [0, 8, 0, 0, 0, 0, 74, 30, 0, 0, 0, 0, 8, 0, 0]
02:35:11 [总线][调试] ← #11 状态0x00 ff ff 0b 11 00 00 08 00 00 00 00 4a 1e 00 00 00 00 08 00 00 6b  数据 [0, 8, 0, 0, 0, 0, 74, 30, 0, 0, 0, 0, 8, 0, 0]
02:35:11 [总线][调试] ← #12 状态0x00 ff ff 0c 11 00 00 08 00 00 00 00 4a 1e 00 00 00 00 08 00 00 6a  数据 [0, 8, 0, 0, 0, 0, 74, 30, 0, 0, 0, 0, 8, 0, 0]
02:35:11 [总线][调试] ← #13 状态0x00 ff ff 0d 11 00 00 08 00 00 00 00 4a 1e 00 00 00 00 08 00 00 69  数据 [0, 8, 0, 0, 0, 0, 74, 30, 0, 0, 0, 0, 8, 0, 0]
02:35:11 [总线][调试] ← #14 状态0x00 ff ff 0e 11 00 00 08 00 00 00 00 4a 1e 00 00 00 00 08 00 00 68  数据 [0, 8, 0, 0, 0, 0, 74, 30, 0, 0, 0, 0, 8, 0, 0]
02:35:11 [总线][调试] → #254 SYNC_READ ff ff fe 14 82 38 0f c8 14 15 16 17 18 1e 1f 20 21 22 0a 0b 0c 0d 0e 12
02:35:11 [总线][调试] ← #200 状态0x00 ff ff c8 11 00 3c 00 8f ff 1e 00 00 00 00 00 f1 27 19 00 00 0d  数据 [60, 0, 143, 255, 30, 0, 0, 0, 0, 0, 241, 39, 25, 0, 0]
02:35:11 [总线][调试] ← #20 状态0x00 ff ff 14 11 00 00 08 00 00 00 00 4a 1e 00 00 00 00 08 00 00 62  数据 [0, 8, 0, 0, 0, 0, 74, 30, 0, 0, 0, 0, 8, 0, 0]
02:35:11 [总线][调试] ← #21 状态0x00 ff ff 15 11 00 00 08 00 00 00 00 4a 1e 00 00 00 00 08 00 00 61  数据 [0, 8, 0, 0, 0, 0, 74, 30, 0, 0, 0, 0, 8, 0, 0]
02:35:11 [总线][调试] ← #22 状态0x00 ff ff 16 11 00 00 08 00 00 00 00 4a 1e 00 00 00 00 08 00 00 60  数据 [0, 8, 0, 0, 0, 0, 74, 30, 0, 0, 0, 0, 8, 0, 0]
02:35:11 [总线][调试] ← #23 状态0x00 ff ff 17 11 00 00 08 00 00 00 00 4a 1e 00 00 00 00 08 00 00 5f  数据 [0, 8, 0, 0, 0, 0, 74, 30, 0, 0, 0, 0, 8, 0, 0]
02:35:11 [总线][调试] ← #24 状态0x00 ff ff 18 11 00 00 08 00 00 00 00 4a 1e 00 00 00 00 08 00 00 5e  数据 [0, 8, 0, 0, 0, 0, 74, 30, 0, 0, 0, 0, 8, 0, 0]
02:35:11 [总线][调试] ← #30 状态0x00 ff ff 1e 11 00 00 08 00 00 00 00 4a 1e 00 00 00 00 08 00 00 58  数据 [0, 8, 0, 0, 0, 0, 74, 30, 0, 0, 0, 0, 8, 0, 0]
02:35:11 [总线][调试] ← #31 状态0x00 ff ff 1f 11 00 00 08 00 00 00 00 4a 1e 00 00 00 00 08 00 00 57  数据 [0, 8, 0, 0, 0, 0, 74, 30, 0, 0, 0, 0, 8, 0, 0]
02:35:11 [总线][调试] ← #32 状态0x00 ff ff 20 11 00 00 08 00 00 00 00 4a 1e 00 00 00 00 08 00 00 56  数据 [0, 8, 0, 0, 0, 0, 74, 30, 0, 0, 0, 0, 8, 0, 0]
02:35:11 [总线][调试] ← #33 状态0x00 ff ff 21 11 00 00 08 00 00 00 00 4a 1e 00 00 00 00 08 00 00 55  数据 [0, 8, 0, 0, 0, 0, 74, 30, 0, 0, 0, 0, 8, 0, 0]
02:35:11 [总线][调试] ← #34 状态0x00 ff ff 22 11 00 00 08 00 00 00 00 4a 1e 00 00 00 00 08 00 00 54  数据 [0, 8, 0, 0, 0, 0, 74, 30, 0, 0, 0, 0, 8, 0, 0]
02:35:11 [总线][调试] ← #10 状态0x00 ff ff 0a 11 00 00 08 00 00 00 00 4a 1e 00 00 00 00 08 00 00 6c  数据 [0, 8, 0, 0, 0, 0, 74, 30, 0, 0, 0, 0, 8, 0, 0]
02:35:11 [总线][调试] ← #11 状态0x00 ff ff 0b 11 00 00 08 00 00 00 00 4a 1e 00 00 00 00 08 00 00 6b  数据 [0, 8, 0, 0, 0, 0, 74, 30, 0, 0, 0, 0, 8, 0, 0]
02:35:11 [总线][调试] ← #12 状态0x00 ff ff 0c 11 00 00 08 00 00 00 00 4a 1e 00 00 00 00 08 00 00 6a  数据 [0, 8, 0, 0, 0, 0, 74, 30, 0, 0, 0, 0, 8, 0, 0]
02:35:11 [总线][调试] ← #13 状态0x00 ff ff 0d 11 00 00 08 00 00 00 00 4a 1e 00 00 00 00 08 00 00 69  数据 [0, 8, 0, 0, 0, 0, 74, 30, 0, 0, 0, 0, 8, 0, 0]
02:35:11 [总线][调试] ← #14 状态0x00 ff ff 0e 11 00 00 08 00 00 00 00 4a 1e 00 00 00 00 08 00 00 68  数据 [0, 8, 0, 0, 0, 0, 74, 30, 0, 0, 0, 0, 8, 0, 0]
02:35:11 [总线][调试] → #254 SYNC_READ ff ff fe 14 82 38 0f c8 14 15 16 17 18 1e 1f 20 21 22 0a 0b 0c 0d 0e 12
02:35:11 [总线][调试] ← #200 状态0x00 ff ff c8 11 00 43 00 91 ff 20 00 00 00 00 00 48 28 1b 00 00 a8  数据 [67, 0, 145, 255, 32, 0, 0, 0, 0, 0, 72, 40, 27, 0, 0]
02:35:11 [总线][调试] ← #20 状态0x00 ff ff 14 11 00 00 08 00 00 00 00 4a 1e 00 00 00 00 08 00 00 62  数据 [0, 8, 0, 0, 0, 0, 74, 30, 0, 0, 0, 0, 8, 0, 0]
02:35:11 [总线][调试] ← #21 状态0x00 ff ff 15 11 00 00 08 00 00 00 00 4a 1e 00 00 00 00 08 00 00 61  数据 [0, 8, 0, 0, 0, 0, 74, 30, 0, 0, 0, 0, 8, 0, 0]
02:35:11 [总线][调试] ← #22 状态0x00 ff ff 16 11 00 00 08 00 00 00 00 4a 1e 00 00 00 00 08 00 00 60  数据 [0, 8, 0, 0, 0, 0, 74, 30, 0, 0, 0, 0, 8, 0, 0]
02:35:11 [总线][调试] ← #23 状态0x00 ff ff 17 11 00 00 08 00 00 00 00 4a 1e 00 00 00 00 08 00 00 5f  数据 [0, 8, 0, 0, 0, 0, 74, 30, 0, 0, 0, 0, 8, 0, 0]
02:35:11 [总线][调试] ← #24 状态0x00 ff ff 18 11 00 00 08 00 00 00 00 4a 1e 00 00 00 00 08 00 00 5e  数据 [0, 8, 0, 0, 0, 0, 74, 30, 0, 0, 0, 0, 8, 0, 0]
02:35:11 [总线][调试] ← #30 状态0x00 ff ff 1e 11 00 00 08 00 00 00 00 4a 1e 00 00 00 00 08 00 00 58  数据 [0, 8, 0, 0, 0, 0, 74, 30, 0, 0, 0, 0, 8, 0, 0]
02:35:11 [总线][调试] ← #31 状态0x00 ff ff 1f 11 00 00 08 00 00 00 00 4a 1e 00 00 00 00 08 00 00 57  数据 [0, 8, 0, 0, 0, 0, 74, 30, 0, 0, 0, 0, 8, 0, 0]
02:35:11 [总线][调试] ← #32 状态0x00 ff ff 20 11 00 00 08 00 00 00 00 4a 1e 00 00 00 00 08 00 00 56  数据 [0, 8, 0, 0, 0, 0, 74, 30, 0, 0, 0, 0, 8, 0, 0]
02:35:11 [总线][调试] ← #33 状态0x00 ff ff 21 11 00 00 08 00 00 00 00 4a 1e 00 00 00 00 08 00 00 55  数据 [0, 8, 0, 0, 0, 0, 74, 30, 0, 0, 0, 0, 8, 0, 0]
02:35:11 [总线][调试] ← #34 状态0x00 ff ff 22 11 00 00 08 00 00 00 00 4a 1e 00 00 00 00 08 00 00 54  数据 [0, 8, 0, 0, 0, 0, 74, 30, 0, 0, 0, 0, 8, 0, 0]
02:35:11 [总线][调试] ← #10 状态0x00 ff ff 0a 11 00 00 08 00 00 00 00 4a 1e 00 00 00 00 08 00 00 6c  数据 [0, 8, 0, 0, 0, 0, 74, 30, 0, 0, 0, 0, 8, 0, 0]
02:35:11 [总线][调试] ← #11 状态0x00 ff ff 0b 11 00 00 08 00 00 00 00 4a 1e 00 00 00 00 08 00 00 6b  数据 [0, 8, 0, 0, 0, 0, 74, 30, 0, 0, 0, 0, 8, 0, 0]
02:35:11 [总线][调试] ← #12 状态0x00 ff ff 0c 11 00 00 08 00 00 00 00 4a 1e 00 00 00 00 08 00 00 6a  数据 [0, 8, 0, 0, 0, 0, 74, 30, 0, 0, 0, 0, 8, 0, 0]
02:35:11 [总线][调试] ← #13 状态0x00 ff ff 0d 11 00 00 08 00 00 00 00 4a 1e 00 00 00 00 08 00 00 69  数据 [0, 8, 0, 0, 0, 0, 74, 30, 0, 0, 0, 0, 8, 0, 0]
02:35:11 [总线][调试] ← #14 状态0x00 ff ff 0e 11 00 00 08 00 00 00 00 4a 1e 00 00 00 00 08 00 00 68  数据 [0, 8, 0, 0, 0, 0, 74, 30, 0, 0, 0, 0, 8, 0, 0]
02:35:11 [总线][调试] → #254 SYNC_READ ff ff fe 14 82 38 0f c8 14 15 16 17 18 1e 1f 20 21 22 0a 0b 0c 0d 0e 12
02:35:11 [总线][调试] ← #200 状态0x00 ff ff c8 11 00 46 00 8d ff 1b 00 00 00 00 00 c0 28 1e 00 00 33  数据 [70, 0, 141, 255, 27, 0, 0, 0, 0, 0, 192, 40, 30, 0, 0]
02:35:11 [总线][调试] ← #20 状态0x00 ff ff 14 11 00 00 08 00 00 00 00 4a 1e 00 00 00 00 08 00 00 62  数据 [0, 8, 0, 0, 0, 0, 74, 30, 0, 0, 0, 0, 8, 0, 0]
02:35:11 [总线][调试] ← #21 状态0x00 ff ff 15 11 00 00 08 00 00 00 00 4a 1e 00 00 00 00 08 00 00 61  数据 [0, 8, 0, 0, 0, 0, 74, 30, 0, 0, 0, 0, 8, 0, 0]
02:35:11 [总线][调试] ← #22 状态0x00 ff ff 16 11 00 00 08 00 00 00 00 4a 1e 00 00 00 00 08 00 00 60  数据 [0, 8, 0, 0, 0, 0, 74, 30, 0, 0, 0, 0, 8, 0, 0]
02:35:11 [总线][调试] ← #23 状态0x00 ff ff 17 11 00 00 08 00 00 00 00 4a 1e 00 00 00 00 08 00 00 5f  数据 [0, 8, 0, 0, 0, 0, 74, 30, 0, 0, 0, 0, 8, 0, 0]
02:35:11 [总线][调试] ← #24 状态0x00 ff ff 18 11 00 00 08 00 00 00 00 4a 1e 00 00 00 00 08 00 00 5e  数据 [0, 8, 0, 0, 0, 0, 74, 30, 0, 0, 0, 0, 8, 0, 0]
02:35:11 [总线][调试] ← #30 状态0x00 ff ff 1e 11 00 00 08 00 00 00 00 4a 1e 00 00 00 00 08 00 00 58  数据 [0, 8, 0, 0, 0, 0, 74, 30, 0, 0, 0, 0, 8, 0, 0]
02:35:11 [总线][调试] ← #31 状态0x00 ff ff 1f 11 00 00 08 00 00 00 00 4a 1e 00 00 00 00 08 00 00 57  数据 [0, 8, 0, 0, 0, 0, 74, 30, 0, 0, 0, 0, 8, 0, 0]
02:35:11 [总线][调试] ← #32 状态0x00 ff ff 20 11 00 00 08 00 00 00 00 4a 1e 00 00 00 00 08 00 00 56  数据 [0, 8, 0, 0, 0, 0, 74, 30, 0, 0, 0, 0, 8, 0, 0]
02:35:11 [总线][调试] ← #33 状态0x00 ff ff 21 11 00 00 08 00 00 00 00 4a 1e 00 00 00 00 08 00 00 55  数据 [0, 8, 0, 0, 0, 0, 74, 30, 0, 0, 0, 0, 8, 0, 0]
02:35:11 [总线][调试] ← #34 状态0x00 ff ff 22 11 00 00 08 00 00 00 00 4a 1e 00 00 00 00 08 00 00 54  数据 [0, 8, 0, 0, 0, 0, 74, 30, 0, 0, 0, 0, 8, 0, 0]
02:35:11 [总线][调试] ← #10 状态0x00 ff ff 0a 11 00 00 08 00 00 00 00 4a 1e 00 00 00 00 08 00 00 6c  数据 [0, 8, 0, 0, 0, 0, 74, 30, 0, 0, 0, 0, 8, 0, 0]
02:35:11 [总线][调试] ← #11 状态0x00 ff ff 0b 11 00 00 08 00 00 00 00 4a 1e 00 00 00 00 08 00 00 6b  数据 [0, 8, 0, 0, 0, 0, 74, 30, 0, 0, 0, 0, 8, 0, 0]
02:35:11 [总线][调试] ← #12 状态0x00 ff ff 0c 11 00 00 08 00 00 00 00 4a 1e 00 00 00 00 08 00 00 6a  数据 [0, 8, 0, 0, 0, 0, 74, 30, 0, 0, 0, 0, 8, 0, 0]
02:35:11 [总线][调试] ← #13 状态0x00 ff ff 0d 11 00 00 08 00 00 00 00 4a 1e 00 00 00 00 08 00 00 69  数据 [0, 8, 0, 0, 0, 0, 74, 30, 0, 0, 0, 0, 8, 0, 0]
02:35:11 [总线][调试] ← #14 状态0x00 ff ff 0e 11 00 00 08 00 00 00 00 4a 1e 00 00 00 00 08 00 00 68  数据 [0, 8, 0, 0, 0, 0, 74, 30, 0, 0, 0, 0, 8, 0, 0]
02:35:11 [总线][调试] → #254 SYNC_READ ff ff fe 14 82 38 0f c8 14 15 16 17 18 1e 1f 20 21 22 0a 0b 0c 0d 0e 12
02:35:11 [总线][调试] ← #200 状态0x00 ff ff c8 11 00 4c 00 8f ff 1e 00 00 00 00 00 0f 29 20 00 00 d6  数据 [76, 0, 143, 255, 30, 0, 0, 0, 0, 0, 15, 41, 32, 0, 0]
02:35:11 [总线][调试] ← #20 状态0x00 ff ff 14 11 00 00 08 00 00 00 00 4a 1e 00 00 00 00 08 00 00 62  数据 [0, 8, 0, 0, 0, 0, 74, 30, 0, 0, 0, 0, 8, 0, 0]
02:35:11 [总线][调试] ← #21 状态0x00 ff ff 15 11 00 00 08 00 00 00 00 4a 1e 00 00 00 00 08 00 00 61  数据 [0, 8, 0, 0, 0, 0, 74, 30, 0, 0, 0, 0, 8, 0, 0]
02:35:11 [总线][调试] ← #22 状态0x00 ff ff 16 11 00 00 08 00 00 00 00 4a 1e 00 00 00 00 08 00 00 60  数据 [0, 8, 0, 0, 0, 0, 74, 30, 0, 0, 0, 0, 8, 0, 0]
02:35:11 [总线][调试] ← #23 状态0x00 ff ff 17 11 00 00 08 00 00 00 00 4a 1e 00 00 00 00 08 00 00 5f  数据 [0, 8, 0, 0, 0, 0, 74, 30, 0, 0, 0, 0, 8, 0, 0]
02:35:11 [总线][调试] ← #24 状态0x00 ff ff 18 11 00 00 08 00 00 00 00 4a 1e 00 00 00 00 08 00 00 5e  数据 [0, 8, 0, 0, 0, 0, 74, 30, 0, 0, 0, 0, 8, 0, 0]
02:35:11 [总线][调试] ← #30 状态0x00 ff ff 1e 11 00 00 08 00 00 00 00 4a 1e 00 00 00 00 08 00 00 58  数据 [0, 8, 0, 0, 0, 0, 74, 30, 0, 0, 0, 0, 8, 0, 0]
02:35:11 [总线][调试] ← #31 状态0x00 ff ff 1f 11 00 00 08 00 00 00 00 4a 1e 00 00 00 00 08 00 00 57  数据 [0, 8, 0, 0, 0, 0, 74, 30, 0, 0, 0, 0, 8, 0, 0]
02:35:11 [总线][调试] ← #32 状态0x00 ff ff 20 11 00 00 08 00 00 00 00 4a 1e 00 00 00 00 08 00 00 56  数据 [0, 8, 0, 0, 0, 0, 74, 30, 0, 0, 0, 0, 8, 0, 0]
02:35:11 [总线][调试] ← #33 状态0x00 ff ff 21 11 00 00 08 00 00 00 00 4a 1e 00 00 00 00 08 00 00 55  数据 [0, 8, 0, 0, 0, 0, 74, 30, 0, 0, 0, 0, 8, 0, 0]
02:35:11 [总线][调试] ← #34 状态0x00 ff ff 22 11 00 00 08 00 00 00 00 4a 1e 00 00 00 00 08 00 00 54  数据 [0, 8, 0, 0, 0, 0, 74, 30, 0, 0, 0, 0, 8, 0, 0]
02:35:11 [总线][调试] ← #10 状态0x00 ff ff 0a 11 00 00 08 00 00 00 00 4a 1e 00 00 00 00 08 00 00 6c  数据 [0, 8, 0, 0, 0, 0, 74, 30, 0, 0, 0, 0, 8, 0, 0]
02:35:11 [总线][调试] ← #11 状态0x00 ff ff 0b 11 00 00 08 00 00 00 00 4a 1e 00 00 00 00 08 00 00 6b  数据 [0, 8, 0, 0, 0, 0, 74, 30, 0, 0, 0, 0, 8, 0, 0]
02:35:11 [总线][调试] ← #12 状态0x00 ff ff 0c 11 00 00 08 00 00 00 00 4a 1e 00 00 00 00 08 00 00 6a  数据 [0, 8, 0, 0, 0, 0, 74, 30, 0, 0, 0, 0, 8, 0, 0]
02:35:11 [总线][调试] ← #13 状态0x00 ff ff 0d 11 00 00 08 00 00 00 00 4a 1e 00 00 00 00 08 00 00 69  数据 [0, 8, 0, 0, 0, 0, 74, 30, 0, 0, 0, 0, 8, 0, 0]
02:35:11 [总线][调试] ← #14 状态0x00 ff ff 0e 11 00 00 08 00 00 00 00 4a 1e 00 00 00 00 08 00 00 68  数据 [0, 8, 0, 0, 0, 0, 74, 30, 0, 0, 0, 0, 8, 0, 0]
02:35:11 [总线][调试] → #254 SYNC_READ ff ff fe 14 82 38 0f c8 14 15 16 17 18 1e 1f 20 21 22 0a 0b 0c 0d 0e 12
02:35:11 [总线][调试] ← #200 状态0x00 ff ff c8 11 00 4f 00 8a ff 19 00 00 00 00 00 85 29 23 00 00 64  数据 [79, 0, 138, 255, 25, 0, 0, 0, 0, 0, 133, 41, 35, 0, 0]
02:35:11 [总线][调试] ← #20 状态0x00 ff ff 14 11 00 00 08 00 00 00 00 4a 1e 00 00 00 00 08 00 00 62  数据 [0, 8, 0, 0, 0, 0, 74, 30, 0, 0, 0, 0, 8, 0, 0]
02:35:11 [总线][调试] ← #21 状态0x00 ff ff 15 11 00 00 08 00 00 00 00 4a 1e 00 00 00 00 08 00 00 61  数据 [0, 8, 0, 0, 0, 0, 74, 30, 0, 0, 0, 0, 8, 0, 0]
02:35:11 [总线][调试] ← #22 状态0x00 ff ff 16 11 00 00 08 00 00 00 00 4a 1e 00 00 00 00 08 00 00 60  数据 [0, 8, 0, 0, 0, 0, 74, 30, 0, 0, 0, 0, 8, 0, 0]
02:35:11 [总线][调试] ← #23 状态0x00 ff ff 17 11 00 00 08 00 00 00 00 4a 1e 00 00 00 00 08 00 00 5f  数据 [0, 8, 0, 0, 0, 0, 74, 30, 0, 0, 0, 0, 8, 0, 0]
02:35:11 [总线][调试] ← #24 状态0x00 ff ff 18 11 00 00 08 00 00 00 00 4a 1e 00 00 00 00 08 00 00 5e  数据 [0, 8, 0, 0, 0, 0, 74, 30, 0, 0, 0, 0, 8, 0, 0]
02:35:11 [总线][调试] ← #30 状态0x00 ff ff 1e 11 00 00 08 00 00 00 00 4a 1e 00 00 00 00 08 00 00 58  数据 [0, 8, 0, 0, 0, 0, 74, 30, 0, 0, 0, 0, 8, 0, 0]
02:35:11 [总线][调试] ← #31 状态0x00 ff ff 1f 11 00 00 08 00 00 00 00 4a 1e 00 00 00 00 08 00 00 57  数据 [0, 8, 0, 0, 0, 0, 74, 30, 0, 0, 0, 0, 8, 0, 0]
02:35:11 [总线][调试] ← #32 状态0x00 ff ff 20 11 00 00 08 00 00 00 00 4a 1e 00 00 00 00 08 00 00 56  数据 [0, 8, 0, 0, 0, 0, 74, 30, 0, 0, 0, 0, 8, 0, 0]
02:35:11 [总线][调试] ← #33 状态0x00 ff ff 21 11 00 00 08 00 00 00 00 4a 1e 00 00 00 00 08 00 00 55  数据 [0, 8, 0, 0, 0, 0, 74, 30, 0, 0, 0, 0, 8, 0, 0]
02:35:11 [总线][调试] ← #34 状态0x00 ff ff 22 11 00 00 08 00 00 00 00 4a 1e 00 00 00 00 08 00 00 54  数据 [0, 8, 0, 0, 0, 0, 74, 30, 0, 0, 0, 0, 8, 0, 0]
02:35:11 [总线][调试] ← #10 状态0x00 ff ff 0a 11 00 00 08 00 00 00 00 4a 1e 00 00 00 00 08 00 00 6c  数据 [0, 8, 0, 0, 0, 0, 74, 30, 0, 0, 0, 0, 8, 0, 0]
02:35:11 [总线][调试] ← #11 状态0x00 ff ff 0b 11 00 00 08 00 00 00 00 4a 1e 00 00 00 00 08 00 00 6b  数据 [0, 8, 0, 0, 0, 0, 74, 30, 0, 0, 0, 0, 8, 0, 0]
02:35:11 [总线][调试] ← #12 状态0x00 ff ff 0c 11 00 00 08 00 00 00 00 4a 1e 00 00 00 00 08 00 00 6a  数据 [0, 8, 0, 0, 0, 0, 74, 30, 0, 0, 0, 0, 8, 0, 0]
02:35:11 [总线][调试] ← #13 状态0x00 ff ff 0d 11 00 00 08 00 00 00 00 4a 1e 00 00 00 00 08 00 00 69  数据 [0, 8, 0, 0, 0, 0, 74, 30, 0, 0, 0, 0, 8, 0, 0]
02:35:11 [总线][调试] ← #14 状态0x00 ff ff 0e 11 00 00 08 00 00 00 00 4a 1e 00 00 00 00 08 00 00 68  数据 [0, 8, 0, 0, 0, 0, 74, 30, 0, 0, 0, 0, 8, 0, 0]
02:35:11 [总线][调试] → #254 SYNC_READ ff ff fe 14 82 38 0f c8 14 15 16 17 18 1e 1f 20 21 22 0a 0b 0c 0d 0e 12
02:35:11 [总线][调试] ← #200 状态0x00 ff ff c8 11 00 56 00 8d ff 1b 00 00 00 00 00 d3 29 25 00 00 08  数据 [86, 0, 141, 255, 27, 0, 0, 0, 0, 0, 211, 41, 37, 0, 0]
02:35:11 [总线][调试] ← #20 状态0x00 ff ff 14 11 00 00 08 00 00 00 00 4a 1e 00 00 00 00 08 00 00 62  数据 [0, 8, 0, 0, 0, 0, 74, 30, 0, 0, 0, 0, 8, 0, 0]
02:35:11 [总线][调试] ← #21 状态0x00 ff ff 15 11 00 00 08 00 00 00 00 4a 1e 00 00 00 00 08 00 00 61  数据 [0, 8, 0, 0, 0, 0, 74, 30, 0, 0, 0, 0, 8, 0, 0]
02:35:11 [总线][调试] ← #22 状态0x00 ff ff 16 11 00 00 08 00 00 00 00 4a 1e 00 00 00 00 08 00 00 60  数据 [0, 8, 0, 0, 0, 0, 74, 30, 0, 0, 0, 0, 8, 0, 0]
02:35:11 [总线][调试] ← #23 状态0x00 ff ff 17 11 00 00 08 00 00 00 00 4a 1e 00 00 00 00 08 00 00 5f  数据 [0, 8, 0, 0, 0, 0, 74, 30, 0, 0, 0, 0, 8, 0, 0]
02:35:11 [总线][调试] ← #24 状态0x00 ff ff 18 11 00 00 08 00 00 00 00 4a 1e 00 00 00 00 08 00 00 5e  数据 [0, 8, 0, 0, 0, 0, 74, 30, 0, 0, 0, 0, 8, 0, 0]
02:35:11 [总线][调试] ← #30 状态0x00 ff ff 1e 11 00 00 08 00 00 00 00 4a 1e 00 00 00 00 08 00 00 58  数据 [0, 8, 0, 0, 0, 0, 74, 30, 0, 0, 0, 0, 8, 0, 0]
02:35:11 [总线][调试] ← #31 状态0x00 ff ff 1f 11 00 00 08 00 00 00 00 4a 1e 00 00 00 00 08 00 00 57  数据 [0, 8, 0, 0, 0, 0, 74, 30, 0, 0, 0, 0, 8, 0, 0]
02:35:11 [总线][调试] ← #32 状态0x00 ff ff 20 11 00 00 08 00 00 00 00 4a 1e 00 00 00 00 08 00 00 56  数据 [0, 8, 0, 0, 0, 0, 74, 30, 0, 0, 0, 0, 8, 0, 0]
02:35:11 [总线][调试] ← #33 状态0x00 ff ff 21 11 00 00 08 00 00 00 00 4a 1e 00 00 00 00 08 00 00 55  数据 [0, 8, 0, 0, 0, 0, 74, 30, 0, 0, 0, 0, 8, 0, 0]
02:35:11 [总线][调试] ← #34 状态0x00 ff ff 22 11 00 00 08 00 00 00 00 4a 1e 00 00 00 00 08 00 00 54  数据 [0, 8, 0, 0, 0, 0, 74, 30, 0, 0, 0, 0, 8, 0, 0]
02:35:11 [总线][调试] ← #10 状态0x00 ff ff 0a 11 00 00 08 00 00 00 00 4a 1e 00 00 00 00 08 00 00 6c  数据 [0, 8, 0, 0, 0, 0, 74, 30, 0, 0, 0, 0, 8, 0, 0]
02:35:11 [总线][调试] ← #11 状态0x00 ff ff 0b 11 00 00 08 00 00 00 00 4a 1e 00 00 00 00 08 00 00 6b  数据 [0, 8, 0, 0, 0, 0, 74, 30, 0, 0, 0, 0, 8, 0, 0]
02:35:11 [总线][调试] ← #12 状态0x00 ff ff 0c 11 00 00 08 00 00 00 00 4a 1e 00 00 00 00 08 00 00 6a  数据 [0, 8, 0, 0, 0, 0, 74, 30, 0, 0, 0, 0, 8, 0, 0]
02:35:11 [总线][调试] ← #13 状态0x00 ff ff 0d 11 00 00 08 00 00 00 00 4a 1e 00 00 00 00 08 00 00 69  数据 [0, 8, 0, 0, 0, 0, 74, 30, 0, 0, 0, 0, 8, 0, 0]
02:35:11 [总线][调试] ← #14 状态0x00 ff ff 0e 11 00 00 08 00 00 00 00 4a 1e 00 00 00 00 08 00 00 68  数据 [0, 8, 0, 0, 0, 0, 74, 30, 0, 0, 0, 0, 8, 0, 0]
02:35:11 [总线][调试] → #254 SYNC_READ ff ff fe 14 82 38 0f c8 14 15 16 17 18 1e 1f 20 21 22 0a 0b 0c 0d 0e 12
02:35:11 [总线][调试] ← #200 状态0x00 ff ff c8 11 00 60 00 90 ff 1f 00 00 00 00 00 48 2a 28 00 00 7e  数据 [96, 0, 144, 255, 31, 0, 0, 0, 0, 0, 72, 42, 40, 0, 0]
02:35:11 [总线][调试] ← #20 状态0x00 ff ff 14 11 00 00 08 00 00 00 00 4a 1e 00 00 00 00 08 00 00 62  数据 [0, 8, 0, 0, 0, 0, 74, 30, 0, 0, 0, 0, 8, 0, 0]
02:35:11 [总线][调试] ← #21 状态0x00 ff ff 15 11 00 00 08 00 00 00 00 4a 1e 00 00 00 00 08 00 00 61  数据 [0, 8, 0, 0, 0, 0, 74, 30, 0, 0, 0, 0, 8, 0, 0]
02:35:11 [总线][调试] ← #22 状态0x00 ff ff 16 11 00 00 08 00 00 00 00 4a 1e 00 00 00 00 08 00 00 60  数据 [0, 8, 0, 0, 0, 0, 74, 30, 0, 0, 0, 0, 8, 0, 0]
02:35:11 [总线][调试] ← #23 状态0x00 ff ff 17 11 00 00 08 00 00 00 00 4a 1e 00 00 00 00 08 00 00 5f  数据 [0, 8, 0, 0, 0, 0, 74, 30, 0, 0, 0, 0, 8, 0, 0]
02:35:11 [总线][调试] ← #24 状态0x00 ff ff 18 11 00 00 08 00 00 00 00 4a 1e 00 00 00 00 08 00 00 5e  数据 [0, 8, 0, 0, 0, 0, 74, 30, 0, 0, 0, 0, 8, 0, 0]
02:35:11 [总线][调试] ← #30 状态0x00 ff ff 1e 11 00 00 08 00 00 00 00 4a 1e 00 00 00 00 08 00 00 58  数据 [0, 8, 0, 0, 0, 0, 74, 30, 0, 0, 0, 0, 8, 0, 0]
02:35:11 [总线][调试] ← #31 状态0x00 ff ff 1f 11 00 00 08 00 00 00 00 4a 1e 00 00 00 00 08 00 00 57  数据 [0, 8, 0, 0, 0, 0, 74, 30, 0, 0, 0, 0, 8, 0, 0]
02:35:11 [总线][调试] ← #32 状态0x00 ff ff 20 11 00 00 08 00 00 00 00 4a 1e 00 00 00 00 08 00 00 56  数据 [0, 8, 0, 0, 0, 0, 74, 30, 0, 0, 0, 0, 8, 0, 0]
02:35:11 [总线][调试] ← #33 状态0x00 ff ff 21 11 00 00 08 00 00 00 00 4a 1e 00 00 00 00 08 00 00 55  数据 [0, 8, 0, 0, 0, 0, 74, 30, 0, 0, 0, 0, 8, 0, 0]
02:35:11 [总线][调试] ← #34 状态0x00 ff ff 22 11 00 00 08 00 00 00 00 4a 1e 00 00 00 00 08 00 00 54  数据 [0, 8, 0, 0, 0, 0, 74, 30, 0, 0, 0, 0, 8, 0, 0]
02:35:11 [总线][调试] ← #10 状态0x00 ff ff 0a 11 00 00 08 00 00 00 00 4a 1e 00 00 00 00 08 00 00 6c  数据 [0, 8, 0, 0, 0, 0, 74, 30, 0, 0, 0, 0, 8, 0, 0]
02:35:11 [总线][调试] ← #11 状态0x00 ff ff 0b 11 00 00 08 00 00 00 00 4a 1e 00 00 00 00 08 00 00 6b  数据 [0, 8, 0, 0, 0, 0, 74, 30, 0, 0, 0, 0, 8, 0, 0]
02:35:11 [总线][调试] ← #12 状态0x00 ff ff 0c 11 00 00 08 00 00 00 00 4a 1e 00 00 00 00 08 00 00 6a  数据 [0, 8, 0, 0, 0, 0, 74, 30, 0, 0, 0, 0, 8, 0, 0]
02:35:11 [总线][调试] ← #13 状态0x00 ff ff 0d 11 00 00 08 00 00 00 00 4a 1e 00 00 00 00 08 00 00 69  数据 [0, 8, 0, 0, 0, 0, 74, 30, 0, 0, 0, 0, 8, 0, 0]
02:35:11 [总线][调试] ← #14 状态0x00 ff ff 0e 11 00 00 08 00 00 00 00 4a 1e 00 00 00 00 08 00 00 68  数据 [0, 8, 0, 0, 0, 0, 74, 30, 0, 0, 0, 0, 8, 0, 0]
02:35:11 [总线][调试] → #254 SYNC_READ ff ff fe 14 82 38 0f c8 14 15 16 17 18 1e 1f 20 21 22 0a 0b 0c 0d 0e 12
02:35:11 [总线][调试] ← #200 状态0x00 ff ff c8 11 00 5f 00 8a ff 19 00 00 00 00 00 95 2a 2a 00 00 3c  数据 [95, 0, 138, 255, 25, 0, 0, 0, 0, 0, 149, 42, 42, 0, 0]
02:35:11 [总线][调试] ← #20 状态0x00 ff ff 14 11 00 00 08 00 00 00 00 4a 1e 00 00 00 00 08 00 00 62  数据 [0, 8, 0, 0, 0, 0, 74, 30, 0, 0, 0, 0, 8, 0, 0]
02:35:11 [总线][调试] ← #21 状态0x00 ff ff 15 11 00 00 08 00 00 00 00 4a 1e 00 00 00 00 08 00 00 61  数据 [0, 8, 0, 0, 0, 0, 74, 30, 0, 0, 0, 0, 8, 0, 0]
02:35:11 [总线][调试] ← #22 状态0x00 ff ff 16 11 00 00 08 00 00 00 00 4a 1e 00 00 00 00 08 00 00 60  数据 [0, 8, 0, 0, 0, 0, 74, 30, 0, 0, 0, 0, 8, 0, 0]
02:35:11 [总线][调试] ← #23 状态0x00 ff ff 17 11 00 00 08 00 00 00 00 4a 1e 00 00 00 00 08 00 00 5f  数据 [0, 8, 0, 0, 0, 0, 74, 30, 0, 0, 0, 0, 8, 0, 0]
02:35:11 [总线][调试] ← #24 状态0x00 ff ff 18 11 00 00 08 00 00 00 00 4a 1e 00 00 00 00 08 00 00 5e  数据 [0, 8, 0, 0, 0, 0, 74, 30, 0, 0, 0, 0, 8, 0, 0]
02:35:11 [总线][调试] ← #30 状态0x00 ff ff 1e 11 00 00 08 00 00 00 00 4a 1e 00 00 00 00 08 00 00 58  数据 [0, 8, 0, 0, 0, 0, 74, 30, 0, 0, 0, 0, 8, 0, 0]
02:35:11 [总线][调试] ← #31 状态0x00 ff ff 1f 11 00 00 08 00 00 00 00 4a 1e 00 00 00 00 08 00 00 57  数据 [0, 8, 0, 0, 0, 0, 74, 30, 0, 0, 0, 0, 8, 0, 0]
02:35:11 [总线][调试] ← #32 状态0x00 ff ff 20 11 00 00 08 00 00 00 00 4a 1e 00 00 00 00 08 00 00 56  数据 [0, 8, 0, 0, 0, 0, 74, 30, 0, 0, 0, 0, 8, 0, 0]
02:35:11 [总线][调试] ← #33 状态0x00 ff ff 21 11 00 00 08 00 00 00 00 4a 1e 00 00 00 00 08 00 00 55  数据 [0, 8, 0, 0, 0, 0, 74, 30, 0, 0, 0, 0, 8, 0, 0]
02:35:11 [总线][调试] ← #34 状态0x00 ff ff 22 11 00 00 08 00 00 00 00 4a 1e 00 00 00 00 08 00 00 54  数据 [0, 8, 0, 0, 0, 0, 74, 30, 0, 0, 0, 0, 8, 0, 0]
02:35:11 [总线][调试] ← #10 状态0x00 ff ff 0a 11 00 00 08 00 00 00 00 4a 1e 00 00 00 00 08 00 00 6c  数据 [0, 8, 0, 0, 0, 0, 74, 30, 0, 0, 0, 0, 8, 0, 0]
02:35:11 [总线][调试] ← #11 状态0x00 ff ff 0b 11 00 00 08 00 00 00 00 4a 1e 00 00 00 00 08 00 00 6b  数据 [0, 8, 0, 0, 0, 0, 74, 30, 0, 0, 0, 0, 8, 0, 0]
02:35:11 [总线][调试] ← #12 状态0x00 ff ff 0c 11 00 00 08 00 00 00 00 4a 1e 00 00 00 00 08 00 00 6a  数据 [0, 8, 0, 0, 0, 0, 74, 30, 0, 0, 0, 0, 8, 0, 0]
02:35:11 [总线][调试] ← #13 状态0x00 ff ff 0d 11 00 00 08 00 00 00 00 4a 1e 00 00 00 00 08 00 00 69  数据 [0, 8, 0, 0, 0, 0, 74, 30, 0, 0, 0, 0, 8, 0, 0]
02:35:11 [总线][调试] ← #14 状态0x00 ff ff 0e 11 00 00 08 00 00 00 00 4a 1e 00 00 00 00 08 00 00 68  数据 [0, 8, 0, 0, 0, 0, 74, 30, 0, 0, 0, 0, 8, 0, 0]
02:35:11 [总线][调试] → #254 SYNC_READ ff ff fe 14 82 38 0f c8 14 15 16 17 18 1e 1f 20 21 22 0a 0b 0c 0d 0e 12
02:35:11 [总线][调试] ← #200 状态0x00 ff ff c8 11 00 65 00 8d ff 1b 00 00 00 00 00 e1 2a 2c 00 00 e3  数据 [101, 0, 141, 255, 27, 0, 0, 0, 0, 0, 225, 42, 44, 0, 0]
02:35:11 [总线][调试] ← #20 状态0x00 ff ff 14 11 00 00 08 00 00 00 00 4a 1e 00 00 00 00 08 00 00 62  数据 [0, 8, 0, 0, 0, 0, 74, 30, 0, 0, 0, 0, 8, 0, 0]
02:35:11 [总线][调试] ← #21 状态0x00 ff ff 15 11 00 00 08 00 00 00 00 4a 1e 00 00 00 00 08 00 00 61  数据 [0, 8, 0, 0, 0, 0, 74, 30, 0, 0, 0, 0, 8, 0, 0]
02:35:11 [总线][调试] ← #22 状态0x00 ff ff 16 11 00 00 08 00 00 00 00 4a 1e 00 00 00 00 08 00 00 60  数据 [0, 8, 0, 0, 0, 0, 74, 30, 0, 0, 0, 0, 8, 0, 0]
02:35:11 [总线][调试] ← #23 状态0x00 ff ff 17 11 00 00 08 00 00 00 00 4a 1e 00 00 00 00 08 00 00 5f  数据 [0, 8, 0, 0, 0, 0, 74, 30, 0, 0, 0, 0, 8, 0, 0]
02:35:11 [总线][调试] ← #24 状态0x00 ff ff 18 11 00 00 08 00 00 00 00 4a 1e 00 00 00 00 08 00 00 5e  数据 [0, 8, 0, 0, 0, 0, 74, 30, 0, 0, 0, 0, 8, 0, 0]
02:35:11 [总线][调试] ← #30 状态0x00 ff ff 1e 11 00 00 08 00 00 00 00 4a 1e 00 00 00 00 08 00 00 58  数据 [0, 8, 0, 0, 0, 0, 74, 30, 0, 0, 0, 0, 8, 0, 0]
02:35:11 [总线][调试] ← #31 状态0x00 ff ff 1f 11 00 00 08 00 00 00 00 4a 1e 00 00 00 00 08 00 00 57  数据 [0, 8, 0, 0, 0, 0, 74, 30, 0, 0, 0, 0, 8, 0, 0]
02:35:11 [总线][调试] ← #32 状态0x00 ff ff 20 11 00 00 08 00 00 00 00 4a 1e 00 00 00 00 08 00 00 56  数据 [0, 8, 0, 0, 0, 0, 74, 30, 0, 0, 0, 0, 8, 0, 0]
02:35:11 [总线][调试] ← #33 状态0x00 ff ff 21 11 00 00 08 00 00 00 00 4a 1e 00 00 00 00 08 00 00 55  数据 [0, 8, 0, 0, 0, 0, 74, 30, 0, 0, 0, 0, 8, 0, 0]
02:35:11 [总线][调试] ← #34 状态0x00 ff ff 22 11 00 00 08 00 00 00 00 4a 1e 00 00 00 00 08 00 00 54  数据 [0, 8, 0, 0, 0, 0, 74, 30, 0, 0, 0, 0, 8, 0, 0]
02:35:11 [总线][调试] ← #10 状态0x00 ff ff 0a 11 00 00 08 00 00 00 00 4a 1e 00 00 00 00 08 00 00 6c  数据 [0, 8, 0, 0, 0, 0, 74, 30, 0, 0, 0, 0, 8, 0, 0]
02:35:11 [总线][调试] ← #11 状态0x00 ff ff 0b 11 00 00 08 00 00 00 00 4a 1e 00 00 00 00 08 00 00 6b  数据 [0, 8, 0, 0, 0, 0, 74, 30, 0, 0, 0, 0, 8, 0, 0]
02:35:11 [总线][调试] ← #12 状态0x00 ff ff 0c 11 00 00 08 00 00 00 00 4a 1e 00 00 00 00 08 00 00 6a  数据 [0, 8, 0, 0, 0, 0, 74, 30, 0, 0, 0, 0, 8, 0, 0]
02:35:11 [总线][调试] ← #13 状态0x00 ff ff 0d 11 00 00 08 00 00 00 00 4a 1e 00 00 00 00 08 00 00 69  数据 [0, 8, 0, 0, 0, 0, 74, 30, 0, 0, 0, 0, 8, 0, 0]
02:35:11 [总线][调试] ← #14 状态0x00 ff ff 0e 11 00 00 08 00 00 00 00 4a 1e 00 00 00 00 08 00 00 68  数据 [0, 8, 0, 0, 0, 0, 74, 30, 0, 0, 0, 0, 8, 0, 0]
02:35:11 [总线][调试] → #254 SYNC_READ ff ff fe 14 82 38 0f c8 14 15 16 17 18 1e 1f 20 21 22 0a 0b 0c 0d 0e 12
02:35:11 [总线][调试] ← #200 状态0x00 ff ff c8 11 00 6f 00 90 ff 1f 00 00 00 00 00 53 2b 2f 00 00 5c  数据 [111, 0, 144, 255, 31, 0, 0, 0, 0, 0, 83, 43, 47, 0, 0]
02:35:11 [总线][调试] ← #20 状态0x00 ff ff 14 11 00 00 08 00 00 00 00 4a 1e 00 00 00 00 08 00 00 62  数据 [0, 8, 0, 0, 0, 0, 74, 30, 0, 0, 0, 0, 8, 0, 0]
02:35:11 [总线][调试] ← #21 状态0x00 ff ff 15 11 00 00 08 00 00 00 00 4a 1e 00 00 00 00 08 00 00 61  数据 [0, 8, 0, 0, 0, 0, 74, 30, 0, 0, 0, 0, 8, 0, 0]
02:35:11 [总线][调试] ← #22 状态0x00 ff ff 16 11 00 00 08 00 00 00 00 4a 1e 00 00 00 00 08 00 00 60  数据 [0, 8, 0, 0, 0, 0, 74, 30, 0, 0, 0, 0, 8, 0, 0]
02:35:11 [总线][调试] ← #23 状态0x00 ff ff 17 11 00 00 08 00 00 00 00 4a 1e 00 00 00 00 08 00 00 5f  数据 [0, 8, 0, 0, 0, 0, 74, 30, 0, 0, 0, 0, 8, 0, 0]
02:35:11 [总线][调试] ← #24 状态0x00 ff ff 18 11 00 00 08 00 00 00 00 4a 1e 00 00 00 00 08 00 00 5e  数据 [0, 8, 0, 0, 0, 0, 74, 30, 0, 0, 0, 0, 8, 0, 0]
02:35:11 [总线][调试] ← #30 状态0x00 ff ff 1e 11 00 00 08 00 00 00 00 4a 1e 00 00 00 00 08 00 00 58  数据 [0, 8, 0, 0, 0, 0, 74, 30, 0, 0, 0, 0, 8, 0, 0]
02:35:11 [总线][调试] ← #31 状态0x00 ff ff 1f 11 00 00 08 00 00 00 00 4a 1e 00 00 00 00 08 00 00 57  数据 [0, 8, 0, 0, 0, 0, 74, 30, 0, 0, 0, 0, 8, 0, 0]
02:35:11 [总线][调试] ← #32 状态0x00 ff ff 20 11 00 00 08 00 00 00 00 4a 1e 00 00 00 00 08 00 00 56  数据 [0, 8, 0, 0, 0, 0, 74, 30, 0, 0, 0, 0, 8, 0, 0]
02:35:11 [总线][调试] ← #33 状态0x00 ff ff 21 11 00 00 08 00 00 00 00 4a 1e 00 00 00 00 08 00 00 55  数据 [0, 8, 0, 0, 0, 0, 74, 30, 0, 0, 0, 0, 8, 0, 0]
02:35:11 [总线][调试] ← #34 状态0x00 ff ff 22 11 00 00 08 00 00 00 00 4a 1e 00 00 00 00 08 00 00 54  数据 [0, 8, 0, 0, 0, 0, 74, 30, 0, 0, 0, 0, 8, 0, 0]
02:35:11 [总线][调试] ← #10 状态0x00 ff ff 0a 11 00 00 08 00 00 00 00 4a 1e 00 00 00 00 08 00 00 6c  数据 [0, 8, 0, 0, 0, 0, 74, 30, 0, 0, 0, 0, 8, 0, 0]
02:35:11 [总线][调试] ← #11 状态0x00 ff ff 0b 11 00 00 08 00 00 00 00 4a 1e 00 00 00 00 08 00 00 6b  数据 [0, 8, 0, 0, 0, 0, 74, 30, 0, 0, 0, 0, 8, 0, 0]
02:35:11 [总线][调试] ← #12 状态0x00 ff ff 0c 11 00 00 08 00 00 00 00 4a 1e 00 00 00 00 08 00 00 6a  数据 [0, 8, 0, 0, 0, 0, 74, 30, 0, 0, 0, 0, 8, 0, 0]
02:35:11 [总线][调试] ← #13 状态0x00 ff ff 0d 11 00 00 08 00 00 00 00 4a 1e 00 00 00 00 08 00 00 69  数据 [0, 8, 0, 0, 0, 0, 74, 30, 0, 0, 0, 0, 8, 0, 0]
02:35:11 [总线][调试] ← #14 状态0x00 ff ff 0e 11 00 00 08 00 00 00 00 4a 1e 00 00 00 00 08 00 00 68  数据 [0, 8, 0, 0, 0, 0, 74, 30, 0, 0, 0, 0, 8, 0, 0]
02:35:11 [总线][调试] → #254 SYNC_READ ff ff fe 14 82 38 0f c8 14 15 16 17 18 1e 1f 20 21 22 0a 0b 0c 0d 0e 12
02:35:11 [总线][调试] ← #200 状态0x00 ff ff c8 11 00 6e 00 8a ff 19 00 00 00 00 00 9f 2b 31 00 00 1b  数据 [110, 0, 138, 255, 25, 0, 0, 0, 0, 0, 159, 43, 49, 0, 0]
02:35:11 [总线][调试] ← #20 状态0x00 ff ff 14 11 00 00 08 00 00 00 00 4a 1e 00 00 00 00 08 00 00 62  数据 [0, 8, 0, 0, 0, 0, 74, 30, 0, 0, 0, 0, 8, 0, 0]
02:35:11 [总线][调试] ← #21 状态0x00 ff ff 15 11 00 00 08 00 00 00 00 4a 1e 00 00 00 00 08 00 00 61  数据 [0, 8, 0, 0, 0, 0, 74, 30, 0, 0, 0, 0, 8, 0, 0]
02:35:11 [总线][调试] ← #22 状态0x00 ff ff 16 11 00 00 08 00 00 00 00 4a 1e 00 00 00 00 08 00 00 60  数据 [0, 8, 0, 0, 0, 0, 74, 30, 0, 0, 0, 0, 8, 0, 0]
02:35:11 [总线][调试] ← #23 状态0x00 ff ff 17 11 00 00 08 00 00 00 00 4a 1e 00 00 00 00 08 00 00 5f  数据 [0, 8, 0, 0, 0, 0, 74, 30, 0, 0, 0, 0, 8, 0, 0]
02:35:11 [总线][调试] ← #24 状态0x00 ff ff 18 11 00 00 08 00 00 00 00 4a 1e 00 00 00 00 08 00 00 5e  数据 [0, 8, 0, 0, 0, 0, 74, 30, 0, 0, 0, 0, 8, 0, 0]
02:35:11 [总线][调试] ← #30 状态0x00 ff ff 1e 11 00 00 08 00 00 00 00 4a 1e 00 00 00 00 08 00 00 58  数据 [0, 8, 0, 0, 0, 0, 74, 30, 0, 0, 0, 0, 8, 0, 0]
02:35:11 [总线][调试] ← #31 状态0x00 ff ff 1f 11 00 00 08 00 00 00 00 4a 1e 00 00 00 00 08 00 00 57  数据 [0, 8, 0, 0, 0, 0, 74, 30, 0, 0, 0, 0, 8, 0, 0]
02:35:11 [总线][调试] ← #32 状态0x00 ff ff 20 11 00 00 08 00 00 00 00 4a 1e 00 00 00 00 08 00 00 56  数据 [0, 8, 0, 0, 0, 0, 74, 30, 0, 0, 0, 0, 8, 0, 0]
02:35:11 [总线][调试] ← #33 状态0x00 ff ff 21 11 00 00 08 00 00 00 00 4a 1e 00 00 00 00 08 00 00 55  数据 [0, 8, 0, 0, 0, 0, 74, 30, 0, 0, 0, 0, 8, 0, 0]
02:35:11 [总线][调试] ← #34 状态0x00 ff ff 22 11 00 00 08 00 00 00 00 4a 1e 00 00 00 00 08 00 00 54  数据 [0, 8, 0, 0, 0, 0, 74, 30, 0, 0, 0, 0, 8, 0, 0]
02:35:11 [总线][调试] ← #10 状态0x00 ff ff 0a 11 00 00 08 00 00 00 00 4a 1e 00 00 00 00 08 00 00 6c  数据 [0, 8, 0, 0, 0, 0, 74, 30, 0, 0, 0, 0, 8, 0, 0]
02:35:11 [总线][调试] ← #11 状态0x00 ff ff 0b 11 00 00 08 00 00 00 00 4a 1e 00 00 00 00 08 00 00 6b  数据 [0, 8, 0, 0, 0, 0, 74, 30, 0, 0, 0, 0, 8, 0, 0]
02:35:11 [总线][调试] ← #12 状态0x00 ff ff 0c 11 00 00 08 00 00 00 00 4a 1e 00 00 00 00 08 00 00 6a  数据 [0, 8, 0, 0, 0, 0, 74, 30, 0, 0, 0, 0, 8, 0, 0]
02:35:11 [总线][调试] ← #13 状态0x00 ff ff 0d 11 00 00 08 00 00 00 00 4a 1e 00 00 00 00 08 00 00 69  数据 [0, 8, 0, 0, 0, 0, 74, 30, 0, 0, 0, 0, 8, 0, 0]
02:35:11 [总线][调试] ← #14 状态0x00 ff ff 0e 11 00 00 08 00 00 00 00 4a 1e 00 00 00 00 08 00 00 68  数据 [0, 8, 0, 0, 0, 0, 74, 30, 0, 0, 0, 0, 8, 0, 0]
02:35:11 [总线][调试] → #254 SYNC_READ ff ff fe 14 82 38 0f c8 14 15 16 17 18 1e 1f 20 21 22 0a 0b 0c 0d 0e 12
02:35:11 [总线][调试] ← #200 状态0x00 ff ff c8 11 00 78 00 8e ff 1d 00 00 00 00 00 07 2c 34 00 00 9d  数据 [120, 0, 142, 255, 29, 0, 0, 0, 0, 0, 7, 44, 52, 0, 0]
02:35:11 [总线][调试] ← #20 状态0x00 ff ff 14 11 00 00 08 00 00 00 00 4a 1e 00 00 00 00 08 00 00 62  数据 [0, 8, 0, 0, 0, 0, 74, 30, 0, 0, 0, 0, 8, 0, 0]
02:35:11 [总线][调试] ← #21 状态0x00 ff ff 15 11 00 00 08 00 00 00 00 4a 1e 00 00 00 00 08 00 00 61  数据 [0, 8, 0, 0, 0, 0, 74, 30, 0, 0, 0, 0, 8, 0, 0]
02:35:11 [总线][调试] ← #22 状态0x00 ff ff 16 11 00 00 08 00 00 00 00 4a 1e 00 00 00 00 08 00 00 60  数据 [0, 8, 0, 0, 0, 0, 74, 30, 0, 0, 0, 0, 8, 0, 0]
02:35:11 [总线][调试] ← #23 状态0x00 ff ff 17 11 00 00 08 00 00 00 00 4a 1e 00 00 00 00 08 00 00 5f  数据 [0, 8, 0, 0, 0, 0, 74, 30, 0, 0, 0, 0, 8, 0, 0]
02:35:11 [总线][调试] ← #24 状态0x00 ff ff 18 11 00 00 08 00 00 00 00 4a 1e 00 00 00 00 08 00 00 5e  数据 [0, 8, 0, 0, 0, 0, 74, 30, 0, 0, 0, 0, 8, 0, 0]
02:35:11 [总线][调试] ← #30 状态0x00 ff ff 1e 11 00 00 08 00 00 00 00 4a 1e 00 00 00 00 08 00 00 58  数据 [0, 8, 0, 0, 0, 0, 74, 30, 0, 0, 0, 0, 8, 0, 0]
02:35:11 [总线][调试] ← #31 状态0x00 ff ff 1f 11 00 00 08 00 00 00 00 4a 1e 00 00 00 00 08 00 00 57  数据 [0, 8, 0, 0, 0, 0, 74, 30, 0, 0, 0, 0, 8, 0, 0]
02:35:11 [总线][调试] ← #32 状态0x00 ff ff 20 11 00 00 08 00 00 00 00 4a 1e 00 00 00 00 08 00 00 56  数据 [0, 8, 0, 0, 0, 0, 74, 30, 0, 0, 0, 0, 8, 0, 0]
02:35:11 [总线][调试] ← #33 状态0x00 ff ff 21 11 00 00 08 00 00 00 00 4a 1e 00 00 00 00 08 00 00 55  数据 [0, 8, 0, 0, 0, 0, 74, 30, 0, 0, 0, 0, 8, 0, 0]
02:35:11 [总线][调试] ← #34 状态0x00 ff ff 22 11 00 00 08 00 00 00 00 4a 1e 00 00 00 00 08 00 00 54  数据 [0, 8, 0, 0, 0, 0, 74, 30, 0, 0, 0, 0, 8, 0, 0]
02:35:11 [总线][调试] ← #10 状态0x00 ff ff 0a 11 00 00 08 00 00 00 00 4a 1e 00 00 00 00 08 00 00 6c  数据 [0, 8, 0, 0, 0, 0, 74, 30, 0, 0, 0, 0, 8, 0, 0]
02:35:11 [总线][调试] ← #11 状态0x00 ff ff 0b 11 00 00 08 00 00 00 00 4a 1e 00 00 00 00 08 00 00 6b  数据 [0, 8, 0, 0, 0, 0, 74, 30, 0, 0, 0, 0, 8, 0, 0]
02:35:11 [总线][调试] ← #12 状态0x00 ff ff 0c 11 00 00 08 00 00 00 00 4a 1e 00 00 00 00 08 00 00 6a  数据 [0, 8, 0, 0, 0, 0, 74, 30, 0, 0, 0, 0, 8, 0, 0]
02:35:11 [总线][调试] ← #13 状态0x00 ff ff 0d 11 00 00 08 00 00 00 00 4a 1e 00 00 00 00 08 00 00 69  数据 [0, 8, 0, 0, 0, 0, 74, 30, 0, 0, 0, 0, 8, 0, 0]
02:35:11 [总线][调试] ← #14 状态0x00 ff ff 0e 11 00 00 08 00 00 00 00 4a 1e 00 00 00 00 08 00 00 68  数据 [0, 8, 0, 0, 0, 0, 74, 30, 0, 0, 0, 0, 8, 0, 0]
02:35:11 [总线][调试] → #254 SYNC_READ ff ff fe 14 82 38 0f c8 14 15 16 17 18 1e 1f 20 21 22 0a 0b 0c 0d 0e 12
02:35:11 [总线][调试] ← #200 状态0x00 ff ff c8 11 00 7f 00 90 ff 1f 00 00 00 00 00 2c 2c 36 00 00 6b  数据 [127, 0, 144, 255, 31, 0, 0, 0, 0, 0, 44, 44, 54, 0, 0]
02:35:11 [总线][调试] ← #20 状态0x00 ff ff 14 11 00 00 08 00 00 00 00 4a 1e 00 00 00 00 08 00 00 62  数据 [0, 8, 0, 0, 0, 0, 74, 30, 0, 0, 0, 0, 8, 0, 0]
02:35:11 [总线][调试] ← #21 状态0x00 ff ff 15 11 00 00 08 00 00 00 00 4a 1e 00 00 00 00 08 00 00 61  数据 [0, 8, 0, 0, 0, 0, 74, 30, 0, 0, 0, 0, 8, 0, 0]
02:35:11 [总线][调试] ← #22 状态0x00 ff ff 16 11 00 00 08 00 00 00 00 4a 1e 00 00 00 00 08 00 00 60  数据 [0, 8, 0, 0, 0, 0, 74, 30, 0, 0, 0, 0, 8, 0, 0]
02:35:11 [总线][调试] ← #23 状态0x00 ff ff 17 11 00 00 08 00 00 00 00 4a 1e 00 00 00 00 08 00 00 5f  数据 [0, 8, 0, 0, 0, 0, 74, 30, 0, 0, 0, 0, 8, 0, 0]
02:35:11 [总线][调试] ← #24 状态0x00 ff ff 18 11 00 00 08 00 00 00 00 4a 1e 00 00 00 00 08 00 00 5e  数据 [0, 8, 0, 0, 0, 0, 74, 30, 0, 0, 0, 0, 8, 0, 0]
02:35:11 [总线][调试] ← #30 状态0x00 ff ff 1e 11 00 00 08 00 00 00 00 4a 1e 00 00 00 00 08 00 00 58  数据 [0, 8, 0, 0, 0, 0, 74, 30, 0, 0, 0, 0, 8, 0, 0]
02:35:11 [总线][调试] ← #31 状态0x00 ff ff 1f 11 00 00 08 00 00 00 00 4a 1e 00 00 00 00 08 00 00 57  数据 [0, 8, 0, 0, 0, 0, 74, 30, 0, 0, 0, 0, 8, 0, 0]
02:35:11 [总线][调试] ← #32 状态0x00 ff ff 20 11 00 00 08 00 00 00 00 4a 1e 00 00 00 00 08 00 00 56  数据 [0, 8, 0, 0, 0, 0, 74, 30, 0, 0, 0, 0, 8, 0, 0]
02:35:11 [总线][调试] ← #33 状态0x00 ff ff 21 11 00 00 08 00 00 00 00 4a 1e 00 00 00 00 08 00 00 55  数据 [0, 8, 0, 0, 0, 0, 74, 30, 0, 0, 0, 0, 8, 0, 0]
02:35:11 [总线][调试] ← #34 状态0x00 ff ff 22 11 00 00 08 00 00 00 00 4a 1e 00 00 00 00 08 00 00 54  数据 [0, 8, 0, 0, 0, 0, 74, 30, 0, 0, 0, 0, 8, 0, 0]
02:35:11 [总线][调试] ← #10 状态0x00 ff ff 0a 11 00 00 08 00 00 00 00 4a 1e 00 00 00 00 08 00 00 6c  数据 [0, 8, 0, 0, 0, 0, 74, 30, 0, 0, 0, 0, 8, 0, 0]
02:35:11 [总线][调试] ← #11 状态0x00 ff ff 0b 11 00 00 08 00 00 00 00 4a 1e 00 00 00 00 08 00 00 6b  数据 [0, 8, 0, 0, 0, 0, 74, 30, 0, 0, 0, 0, 8, 0, 0]
02:35:11 [总线][调试] ← #12 状态0x00 ff ff 0c 11 00 00 08 00 00 00 00 4a 1e 00 00 00 00 08 00 00 6a  数据 [0, 8, 0, 0, 0, 0, 74, 30, 0, 0, 0, 0, 8, 0, 0]
02:35:11 [总线][调试] ← #13 状态0x00 ff ff 0d 11 00 00 08 00 00 00 00 4a 1e 00 00 00 00 08 00 00 69  数据 [0, 8, 0, 0, 0, 0, 74, 30, 0, 0, 0, 0, 8, 0, 0]
02:35:11 [总线][调试] ← #14 状态0x00 ff ff 0e 11 00 00 08 00 00 00 00 4a 1e 00 00 00 00 08 00 00 68  数据 [0, 8, 0, 0, 0, 0, 74, 30, 0, 0, 0, 0, 8, 0, 0]
02:35:11 [总线][调试] → #254 SYNC_READ ff ff fe 14 82 38 0f c8 14 15 16 17 18 1e 1f 20 21 22 0a 0b 0c 0d 0e 12
02:35:11 [总线][调试] ← #200 状态0x00 ff ff c8 11 00 80 00 8b ff 1a 00 00 00 00 00 63 2c 39 00 00 3a  数据 [128, 0, 139, 255, 26, 0, 0, 0, 0, 0, 99, 44, 57, 0, 0]
02:35:11 [总线][调试] ← #20 状态0x00 ff ff 14 11 00 00 08 00 00 00 00 4a 1e 00 00 00 00 08 00 00 62  数据 [0, 8, 0, 0, 0, 0, 74, 30, 0, 0, 0, 0, 8, 0, 0]
02:35:11 [总线][调试] ← #21 状态0x00 ff ff 15 11 00 00 08 00 00 00 00 4a 1e 00 00 00 00 08 00 00 61  数据 [0, 8, 0, 0, 0, 0, 74, 30, 0, 0, 0, 0, 8, 0, 0]
02:35:11 [总线][调试] ← #22 状态0x00 ff ff 16 11 00 00 08 00 00 00 00 4a 1e 00 00 00 00 08 00 00 60  数据 [0, 8, 0, 0, 0, 0, 74, 30, 0, 0, 0, 0, 8, 0, 0]
02:35:11 [总线][调试] ← #23 状态0x00 ff ff 17 11 00 00 08 00 00 00 00 4a 1e 00 00 00 00 08 00 00 5f  数据 [0, 8, 0, 0, 0, 0, 74, 30, 0, 0, 0, 0, 8, 0, 0]
02:35:11 [总线][调试] ← #24 状态0x00 ff ff 18 11 00 00 08 00 00 00 00 4a 1e 00 00 00 00 08 00 00 5e  数据 [0, 8, 0, 0, 0, 0, 74, 30, 0, 0, 0, 0, 8, 0, 0]
02:35:11 [总线][调试] ← #30 状态0x00 ff ff 1e 11 00 00 08 00 00 00 00 4a 1e 00 00 00 00 08 00 00 58  数据 [0, 8, 0, 0, 0, 0, 74, 30, 0, 0, 0, 0, 8, 0, 0]
02:35:11 [总线][调试] ← #31 状态0x00 ff ff 1f 11 00 00 08 00 00 00 00 4a 1e 00 00 00 00 08 00 00 57  数据 [0, 8, 0, 0, 0, 0, 74, 30, 0, 0, 0, 0, 8, 0, 0]
02:35:11 [总线][调试] ← #32 状态0x00 ff ff 20 11 00 00 08 00 00 00 00 4a 1e 00 00 00 00 08 00 00 56  数据 [0, 8, 0, 0, 0, 0, 74, 30, 0, 0, 0, 0, 8, 0, 0]
02:35:11 [总线][调试] ← #33 状态0x00 ff ff 21 11 00 00 08 00 00 00 00 4a 1e 00 00 00 00 08 00 00 55  数据 [0, 8, 0, 0, 0, 0, 74, 30, 0, 0, 0, 0, 8, 0, 0]
02:35:11 [总线][调试] ← #34 状态0x00 ff ff 22 11 00 00 08 00 00 00 00 4a 1e 00 00 00 00 08 00 00 54  数据 [0, 8, 0, 0, 0, 0, 74, 30, 0, 0, 0, 0, 8, 0, 0]
02:35:11 [总线][调试] ← #10 状态0x00 ff ff 0a 11 00 00 08 00 00 00 00 4a 1e 00 00 00 00 08 00 00 6c  数据 [0, 8, 0, 0, 0, 0, 74, 30, 0, 0, 0, 0, 8, 0, 0]
02:35:11 [总线][调试] ← #11 状态0x00 ff ff 0b 11 00 00 08 00 00 00 00 4a 1e 00 00 00 00 08 00 00 6b  数据 [0, 8, 0, 0, 0, 0, 74, 30, 0, 0, 0, 0, 8, 0, 0]
02:35:11 [总线][调试] ← #12 状态0x00 ff ff 0c 11 00 00 08 00 00 00 00 4a 1e 00 00 00 00 08 00 00 6a  数据 [0, 8, 0, 0, 0, 0, 74, 30, 0, 0, 0, 0, 8, 0, 0]
02:35:11 [总线][调试] ← #13 状态0x00 ff ff 0d 11 00 00 08 00 00 00 00 4a 1e 00 00 00 00 08 00 00 69  数据 [0, 8, 0, 0, 0, 0, 74, 30, 0, 0, 0, 0, 8, 0, 0]
02:35:11 [总线][调试] ← #14 状态0x00 ff ff 0e 11 00 00 08 00 00 00 00 4a 1e 00 00 00 00 08 00 00 68  数据 [0, 8, 0, 0, 0, 0, 74, 30, 0, 0, 0, 0, 8, 0, 0]
02:35:12 [总线][调试] → #254 SYNC_READ ff ff fe 14 82 38 0f c8 14 15 16 17 18 1e 1f 20 21 22 0a 0b 0c 0d 0e 12
02:35:12 [总线][调试] ← #200 状态0x00 ff ff c8 11 00 87 00 8e ff 1d 00 00 00 00 00 87 2c 3b 00 00 07  数据 [135, 0, 142, 255, 29, 0, 0, 0, 0, 0, 135, 44, 59, 0, 0]
02:35:12 [总线][调试] ← #20 状态0x00 ff ff 14 11 00 00 08 00 00 00 00 4a 1e 00 00 00 00 08 00 00 62  数据 [0, 8, 0, 0, 0, 0, 74, 30, 0, 0, 0, 0, 8, 0, 0]
02:35:12 [总线][调试] ← #21 状态0x00 ff ff 15 11 00 00 08 00 00 00 00 4a 1e 00 00 00 00 08 00 00 61  数据 [0, 8, 0, 0, 0, 0, 74, 30, 0, 0, 0, 0, 8, 0, 0]
02:35:12 [总线][调试] ← #22 状态0x00 ff ff 16 11 00 00 08 00 00 00 00 4a 1e 00 00 00 00 08 00 00 60  数据 [0, 8, 0, 0, 0, 0, 74, 30, 0, 0, 0, 0, 8, 0, 0]
02:35:12 [总线][调试] ← #23 状态0x00 ff ff 17 11 00 00 08 00 00 00 00 4a 1e 00 00 00 00 08 00 00 5f  数据 [0, 8, 0, 0, 0, 0, 74, 30, 0, 0, 0, 0, 8, 0, 0]
02:35:12 [总线][调试] ← #24 状态0x00 ff ff 18 11 00 00 08 00 00 00 00 4a 1e 00 00 00 00 08 00 00 5e  数据 [0, 8, 0, 0, 0, 0, 74, 30, 0, 0, 0, 0, 8, 0, 0]
02:35:12 [总线][调试] ← #30 状态0x00 ff ff 1e 11 00 00 08 00 00 00 00 4a 1e 00 00 00 00 08 00 00 58  数据 [0, 8, 0, 0, 0, 0, 74, 30, 0, 0, 0, 0, 8, 0, 0]
02:35:12 [总线][调试] ← #31 状态0x00 ff ff 1f 11 00 00 08 00 00 00 00 4a 1e 00 00 00 00 08 00 00 57  数据 [0, 8, 0, 0, 0, 0, 74, 30, 0, 0, 0, 0, 8, 0, 0]
02:35:12 [总线][调试] ← #32 状态0x00 ff ff 20 11 00 00 08 00 00 00 00 4a 1e 00 00 00 00 08 00 00 56  数据 [0, 8, 0, 0, 0, 0, 74, 30, 0, 0, 0, 0, 8, 0, 0]
02:35:12 [总线][调试] ← #33 状态0x00 ff ff 21 11 00 00 08 00 00 00 00 4a 1e 00 00 00 00 08 00 00 55  数据 [0, 8, 0, 0, 0, 0, 74, 30, 0, 0, 0, 0, 8, 0, 0]
02:35:12 [总线][调试] ← #34 状态0x00 ff ff 22 11 00 00 08 00 00 00 00 4a 1e 00 00 00 00 08 00 00 54  数据 [0, 8, 0, 0, 0, 0, 74, 30, 0, 0, 0, 0, 8, 0, 0]
02:35:12 [总线][调试] ← #10 状态0x00 ff ff 0a 11 00 00 08 00 00 00 00 4a 1e 00 00 00 00 08 00 00 6c  数据 [0, 8, 0, 0, 0, 0, 74, 30, 0, 0, 0, 0, 8, 0, 0]
02:35:12 [总线][调试] ← #11 状态0x00 ff ff 0b 11 00 00 08 00 00 00 00 4a 1e 00 00 00 00 08 00 00 6b  数据 [0, 8, 0, 0, 0, 0, 74, 30, 0, 0, 0, 0, 8, 0, 0]
02:35:12 [总线][调试] ← #12 状态0x00 ff ff 0c 11 00 00 08 00 00 00 00 4a 1e 00 00 00 00 08 00 00 6a  数据 [0, 8, 0, 0, 0, 0, 74, 30, 0, 0, 0, 0, 8, 0, 0]
02:35:12 [总线][调试] ← #13 状态0x00 ff ff 0d 11 00 00 08 00 00 00 00 4a 1e 00 00 00 00 08 00 00 69  数据 [0, 8, 0, 0, 0, 0, 74, 30, 0, 0, 0, 0, 8, 0, 0]
02:35:12 [总线][调试] ← #14 状态0x00 ff ff 0e 11 00 00 08 00 00 00 00 4a 1e 00 00 00 00 08 00 00 68  数据 [0, 8, 0, 0, 0, 0, 74, 30, 0, 0, 0, 0, 8, 0, 0]
02:35:12 [总线][调试] → #254 SYNC_READ ff ff fe 14 82 38 0f c8 14 15 16 17 18 1e 1f 20 21 22 0a 0b 0c 0d 0e 12
02:35:12 [总线][调试] ← #200 状态0x00 ff ff c8 11 00 91 00 91 ff 20 00 00 00 00 00 bd 2c 3e 00 00 be  数据 [145, 0, 145, 255, 32, 0, 0, 0, 0, 0, 189, 44, 62, 0, 0]
02:35:12 [总线][调试] ← #20 状态0x00 ff ff 14 11 00 00 08 00 00 00 00 4a 1e 00 00 00 00 08 00 00 62  数据 [0, 8, 0, 0, 0, 0, 74, 30, 0, 0, 0, 0, 8, 0, 0]
02:35:12 [总线][调试] ← #21 状态0x00 ff ff 15 11 00 00 08 00 00 00 00 4a 1e 00 00 00 00 08 00 00 61  数据 [0, 8, 0, 0, 0, 0, 74, 30, 0, 0, 0, 0, 8, 0, 0]
02:35:12 [总线][调试] ← #22 状态0x00 ff ff 16 11 00 00 08 00 00 00 00 4a 1e 00 00 00 00 08 00 00 60  数据 [0, 8, 0, 0, 0, 0, 74, 30, 0, 0, 0, 0, 8, 0, 0]
02:35:12 [总线][调试] ← #23 状态0x00 ff ff 17 11 00 00 08 00 00 00 00 4a 1e 00 00 00 00 08 00 00 5f  数据 [0, 8, 0, 0, 0, 0, 74, 30, 0, 0, 0, 0, 8, 0, 0]
02:35:12 [总线][调试] ← #24 状态0x00 ff ff 18 11 00 00 08 00 00 00 00 4a 1e 00 00 00 00 08 00 00 5e  数据 [0, 8, 0, 0, 0, 0, 74, 30, 0, 0, 0, 0, 8, 0, 0]
02:35:12 [总线][调试] ← #30 状态0x00 ff ff 1e 11 00 00 08 00 00 00 00 4a 1e 00 00 00 00 08 00 00 58  数据 [0, 8, 0, 0, 0, 0, 74, 30, 0, 0, 0, 0, 8, 0, 0]
02:35:12 [总线][调试] ← #31 状态0x00 ff ff 1f 11 00 00 08 00 00 00 00 4a 1e 00 00 00 00 08 00 00 57  数据 [0, 8, 0, 0, 0, 0, 74, 30, 0, 0, 0, 0, 8, 0, 0]
02:35:12 [总线][调试] ← #32 状态0x00 ff ff 20 11 00 00 08 00 00 00 00 4a 1e 00 00 00 00 08 00 00 56  数据 [0, 8, 0, 0, 0, 0, 74, 30, 0, 0, 0, 0, 8, 0, 0]
02:35:12 [总线][调试] ← #33 状态0x00 ff ff 21 11 00 00 08 00 00 00 00 4a 1e 00 00 00 00 08 00 00 55  数据 [0, 8, 0, 0, 0, 0, 74, 30, 0, 0, 0, 0, 8, 0, 0]
02:35:12 [总线][调试] ← #34 状态0x00 ff ff 22 11 00 00 08 00 00 00 00 4a 1e 00 00 00 00 08 00 00 54  数据 [0, 8, 0, 0, 0, 0, 74, 30, 0, 0, 0, 0, 8, 0, 0]
02:35:12 [总线][调试] ← #10 状态0x00 ff ff 0a 11 00 00 08 00 00 00 00 4a 1e 00 00 00 00 08 00 00 6c  数据 [0, 8, 0, 0, 0, 0, 74, 30, 0, 0, 0, 0, 8, 0, 0]
02:35:12 [总线][调试] ← #11 状态0x00 ff ff 0b 11 00 00 08 00 00 00 00 4a 1e 00 00 00 00 08 00 00 6b  数据 [0, 8, 0, 0, 0, 0, 74, 30, 0, 0, 0, 0, 8, 0, 0]
02:35:12 [总线][调试] ← #12 状态0x00 ff ff 0c 11 00 00 08 00 00 00 00 4a 1e 00 00 00 00 08 00 00 6a  数据 [0, 8, 0, 0, 0, 0, 74, 30, 0, 0, 0, 0, 8, 0, 0]
02:35:12 [总线][调试] ← #13 状态0x00 ff ff 0d 11 00 00 08 00 00 00 00 4a 1e 00 00 00 00 08 00 00 69  数据 [0, 8, 0, 0, 0, 0, 74, 30, 0, 0, 0, 0, 8, 0, 0]
02:35:12 [总线][调试] ← #14 状态0x00 ff ff 0e 11 00 00 08 00 00 00 00 4a 1e 00 00 00 00 08 00 00 68  数据 [0, 8, 0, 0, 0, 0, 74, 30, 0, 0, 0, 0, 8, 0, 0]
02:35:12 [总线][调试] → #254 SYNC_READ ff ff fe 14 82 38 0f c8 14 15 16 17 18 1e 1f 20 21 22 0a 0b 0c 0d 0e 12
02:35:12 [总线][调试] ← #200 状态0x00 ff ff c8 11 00 8f 00 8b ff 1a 00 00 00 00 00 e0 2c 40 00 00 a7  数据 [143, 0, 139, 255, 26, 0, 0, 0, 0, 0, 224, 44, 64, 0, 0]
02:35:12 [总线][调试] ← #20 状态0x00 ff ff 14 11 00 00 08 00 00 00 00 4a 1e 00 00 00 00 08 00 00 62  数据 [0, 8, 0, 0, 0, 0, 74, 30, 0, 0, 0, 0, 8, 0, 0]
02:35:12 [总线][调试] ← #21 状态0x00 ff ff 15 11 00 00 08 00 00 00 00 4a 1e 00 00 00 00 08 00 00 61  数据 [0, 8, 0, 0, 0, 0, 74, 30, 0, 0, 0, 0, 8, 0, 0]
02:35:12 [总线][调试] ← #22 状态0x00 ff ff 16 11 00 00 08 00 00 00 00 4a 1e 00 00 00 00 08 00 00 60  数据 [0, 8, 0, 0, 0, 0, 74, 30, 0, 0, 0, 0, 8, 0, 0]
02:35:12 [总线][调试] ← #23 状态0x00 ff ff 17 11 00 00 08 00 00 00 00 4a 1e 00 00 00 00 08 00 00 5f  数据 [0, 8, 0, 0, 0, 0, 74, 30, 0, 0, 0, 0, 8, 0, 0]
02:35:12 [总线][调试] ← #24 状态0x00 ff ff 18 11 00 00 08 00 00 00 00 4a 1e 00 00 00 00 08 00 00 5e  数据 [0, 8, 0, 0, 0, 0, 74, 30, 0, 0, 0, 0, 8, 0, 0]
02:35:12 [总线][调试] ← #30 状态0x00 ff ff 1e 11 00 00 08 00 00 00 00 4a 1e 00 00 00 00 08 00 00 58  数据 [0, 8, 0, 0, 0, 0, 74, 30, 0, 0, 0, 0, 8, 0, 0]
02:35:12 [总线][调试] ← #31 状态0x00 ff ff 1f 11 00 00 08 00 00 00 00 4a 1e 00 00 00 00 08 00 00 57  数据 [0, 8, 0, 0, 0, 0, 74, 30, 0, 0, 0, 0, 8, 0, 0]
02:35:12 [总线][调试] ← #32 状态0x00 ff ff 20 11 00 00 08 00 00 00 00 4a 1e 00 00 00 00 08 00 00 56  数据 [0, 8, 0, 0, 0, 0, 74, 30, 0, 0, 0, 0, 8, 0, 0]
02:35:12 [总线][调试] ← #33 状态0x00 ff ff 21 11 00 00 08 00 00 00 00 4a 1e 00 00 00 00 08 00 00 55  数据 [0, 8, 0, 0, 0, 0, 74, 30, 0, 0, 0, 0, 8, 0, 0]
02:35:12 [总线][调试] ← #34 状态0x00 ff ff 22 11 00 00 08 00 00 00 00 4a 1e 00 00 00 00 08 00 00 54  数据 [0, 8, 0, 0, 0, 0, 74, 30, 0, 0, 0, 0, 8, 0, 0]
02:35:12 [总线][调试] ← #10 状态0x00 ff ff 0a 11 00 00 08 00 00 00 00 4a 1e 00 00 00 00 08 00 00 6c  数据 [0, 8, 0, 0, 0, 0, 74, 30, 0, 0, 0, 0, 8, 0, 0]
02:35:12 [总线][调试] ← #11 状态0x00 ff ff 0b 11 00 00 08 00 00 00 00 4a 1e 00 00 00 00 08 00 00 6b  数据 [0, 8, 0, 0, 0, 0, 74, 30, 0, 0, 0, 0, 8, 0, 0]
02:35:12 [总线][调试] ← #12 状态0x00 ff ff 0c 11 00 00 08 00 00 00 00 4a 1e 00 00 00 00 08 00 00 6a  数据 [0, 8, 0, 0, 0, 0, 74, 30, 0, 0, 0, 0, 8, 0, 0]
02:35:12 [总线][调试] ← #13 状态0x00 ff ff 0d 11 00 00 08 00 00 00 00 4a 1e 00 00 00 00 08 00 00 69  数据 [0, 8, 0, 0, 0, 0, 74, 30, 0, 0, 0, 0, 8, 0, 0]
02:35:12 [总线][调试] ← #14 状态0x00 ff ff 0e 11 00 00 08 00 00 00 00 4a 1e 00 00 00 00 08 00 00 68  数据 [0, 8, 0, 0, 0, 0, 74, 30, 0, 0, 0, 0, 8, 0, 0]
02:35:12 [总线][调试] → #254 SYNC_READ ff ff fe 14 82 38 0f c8 14 15 16 17 18 1e 1f 20 21 22 0a 0b 0c 0d 0e 12
02:35:12 [总线][调试] ← #200 状态0x00 ff ff c8 11 00 99 00 8f ff 1e 00 00 00 00 00 15 2d 43 00 00 5c  数据 [153, 0, 143, 255, 30, 0, 0, 0, 0, 0, 21, 45, 67, 0, 0]
02:35:12 [总线][调试] ← #20 状态0x00 ff ff 14 11 00 00 08 00 00 00 00 4a 1e 00 00 00 00 08 00 00 62  数据 [0, 8, 0, 0, 0, 0, 74, 30, 0, 0, 0, 0, 8, 0, 0]
02:35:12 [总线][调试] ← #21 状态0x00 ff ff 15 11 00 00 08 00 00 00 00 4a 1e 00 00 00 00 08 00 00 61  数据 [0, 8, 0, 0, 0, 0, 74, 30, 0, 0, 0, 0, 8, 0, 0]
02:35:12 [总线][调试] ← #22 状态0x00 ff ff 16 11 00 00 08 00 00 00 00 4a 1e 00 00 00 00 08 00 00 60  数据 [0, 8, 0, 0, 0, 0, 74, 30, 0, 0, 0, 0, 8, 0, 0]
02:35:12 [总线][调试] ← #23 状态0x00 ff ff 17 11 00 00 08 00 00 00 00 4a 1e 00 00 00 00 08 00 00 5f  数据 [0, 8, 0, 0, 0, 0, 74, 30, 0, 0, 0, 0, 8, 0, 0]
02:35:12 [总线][调试] ← #24 状态0x00 ff ff 18 11 00 00 08 00 00 00 00 4a 1e 00 00 00 00 08 00 00 5e  数据 [0, 8, 0, 0, 0, 0, 74, 30, 0, 0, 0, 0, 8, 0, 0]
02:35:12 [总线][调试] ← #30 状态0x00 ff ff 1e 11 00 00 08 00 00 00 00 4a 1e 00 00 00 00 08 00 00 58  数据 [0, 8, 0, 0, 0, 0, 74, 30, 0, 0, 0, 0, 8, 0, 0]
02:35:12 [总线][调试] ← #31 状态0x00 ff ff 1f 11 00 00 08 00 00 00 00 4a 1e 00 00 00 00 08 00 00 57  数据 [0, 8, 0, 0, 0, 0, 74, 30, 0, 0, 0, 0, 8, 0, 0]
02:35:12 [总线][调试] ← #32 状态0x00 ff ff 20 11 00 00 08 00 00 00 00 4a 1e 00 00 00 00 08 00 00 56  数据 [0, 8, 0, 0, 0, 0, 74, 30, 0, 0, 0, 0, 8, 0, 0]
02:35:12 [总线][调试] ← #33 状态0x00 ff ff 21 11 00 00 08 00 00 00 00 4a 1e 00 00 00 00 08 00 00 55  数据 [0, 8, 0, 0, 0, 0, 74, 30, 0, 0, 0, 0, 8, 0, 0]
02:35:12 [总线][调试] ← #34 状态0x00 ff ff 22 11 00 00 08 00 00 00 00 4a 1e 00 00 00 00 08 00 00 54  数据 [0, 8, 0, 0, 0, 0, 74, 30, 0, 0, 0, 0, 8, 0, 0]
02:35:12 [总线][调试] ← #10 状态0x00 ff ff 0a 11 00 00 08 00 00 00 00 4a 1e 00 00 00 00 08 00 00 6c  数据 [0, 8, 0, 0, 0, 0, 74, 30, 0, 0, 0, 0, 8, 0, 0]
02:35:12 [总线][调试] ← #11 状态0x00 ff ff 0b 11 00 00 08 00 00 00 00 4a 1e 00 00 00 00 08 00 00 6b  数据 [0, 8, 0, 0, 0, 0, 74, 30, 0, 0, 0, 0, 8, 0, 0]
02:35:12 [总线][调试] ← #12 状态0x00 ff ff 0c 11 00 00 08 00 00 00 00 4a 1e 00 00 00 00 08 00 00 6a  数据 [0, 8, 0, 0, 0, 0, 74, 30, 0, 0, 0, 0, 8, 0, 0]
02:35:12 [总线][调试] ← #13 状态0x00 ff ff 0d 11 00 00 08 00 00 00 00 4a 1e 00 00 00 00 08 00 00 69  数据 [0, 8, 0, 0, 0, 0, 74, 30, 0, 0, 0, 0, 8, 0, 0]
02:35:12 [总线][调试] ← #14 状态0x00 ff ff 0e 11 00 00 08 00 00 00 00 4a 1e 00 00 00 00 08 00 00 68  数据 [0, 8, 0, 0, 0, 0, 74, 30, 0, 0, 0, 0, 8, 0, 0]
02:35:12 [总线][调试] → #254 SYNC_READ ff ff fe 14 82 38 0f c8 14 15 16 17 18 1e 1f 20 21 22 0a 0b 0c 0d 0e 12
02:35:12 [总线][调试] ← #200 状态0x00 ff ff c8 11 00 9f 00 91 ff 20 00 00 00 00 00 37 2d 45 00 00 2e  数据 [159, 0, 145, 255, 32, 0, 0, 0, 0, 0, 55, 45, 69, 0, 0]
02:35:12 [总线][调试] ← #20 状态0x00 ff ff 14 11 00 00 08 00 00 00 00 4a 1e 00 00 00 00 08 00 00 62  数据 [0, 8, 0, 0, 0, 0, 74, 30, 0, 0, 0, 0, 8, 0, 0]
02:35:12 [总线][调试] ← #21 状态0x00 ff ff 15 11 00 00 08 00 00 00 00 4a 1e 00 00 00 00 08 00 00 61  数据 [0, 8, 0, 0, 0, 0, 74, 30, 0, 0, 0, 0, 8, 0, 0]
02:35:12 [总线][调试] ← #22 状态0x00 ff ff 16 11 00 00 08 00 00 00 00 4a 1e 00 00 00 00 08 00 00 60  数据 [0, 8, 0, 0, 0, 0, 74, 30, 0, 0, 0, 0, 8, 0, 0]
02:35:12 [总线][调试] ← #23 状态0x00 ff ff 17 11 00 00 08 00 00 00 00 4a 1e 00 00 00 00 08 00 00 5f  数据 [0, 8, 0, 0, 0, 0, 74, 30, 0, 0, 0, 0, 8, 0, 0]
02:35:12 [总线][调试] ← #24 状态0x00 ff ff 18 11 00 00 08 00 00 00 00 4a 1e 00 00 00 00 08 00 00 5e  数据 [0, 8, 0, 0, 0, 0, 74, 30, 0, 0, 0, 0, 8, 0, 0]
02:35:12 [总线][调试] ← #30 状态0x00 ff ff 1e 11 00 00 08 00 00 00 00 4a 1e 00 00 00 00 08 00 00 58  数据 [0, 8, 0, 0, 0, 0, 74, 30, 0, 0, 0, 0, 8, 0, 0]
02:35:12 [总线][调试] ← #31 状态0x00 ff ff 1f 11 00 00 08 00 00 00 00 4a 1e 00 00 00 00 08 00 00 57  数据 [0, 8, 0, 0, 0, 0, 74, 30, 0, 0, 0, 0, 8, 0, 0]
02:35:12 [总线][调试] ← #32 状态0x00 ff ff 20 11 00 00 08 00 00 00 00 4a 1e 00 00 00 00 08 00 00 56  数据 [0, 8, 0, 0, 0, 0, 74, 30, 0, 0, 0, 0, 8, 0, 0]
02:35:12 [总线][调试] ← #33 状态0x00 ff ff 21 11 00 00 08 00 00 00 00 4a 1e 00 00 00 00 08 00 00 55  数据 [0, 8, 0, 0, 0, 0, 74, 30, 0, 0, 0, 0, 8, 0, 0]
02:35:12 [总线][调试] ← #34 状态0x00 ff ff 22 11 00 00 08 00 00 00 00 4a 1e 00 00 00 00 08 00 00 54  数据 [0, 8, 0, 0, 0, 0, 74, 30, 0, 0, 0, 0, 8, 0, 0]
02:35:12 [总线][调试] ← #10 状态0x00 ff ff 0a 11 00 00 08 00 00 00 00 4a 1e 00 00 00 00 08 00 00 6c  数据 [0, 8, 0, 0, 0, 0, 74, 30, 0, 0, 0, 0, 8, 0, 0]
02:35:12 [总线][调试] ← #11 状态0x00 ff ff 0b 11 00 00 08 00 00 00 00 4a 1e 00 00 00 00 08 00 00 6b  数据 [0, 8, 0, 0, 0, 0, 74, 30, 0, 0, 0, 0, 8, 0, 0]
02:35:12 [总线][调试] ← #12 状态0x00 ff ff 0c 11 00 00 08 00 00 00 00 4a 1e 00 00 00 00 08 00 00 6a  数据 [0, 8, 0, 0, 0, 0, 74, 30, 0, 0, 0, 0, 8, 0, 0]
02:35:12 [总线][调试] ← #13 状态0x00 ff ff 0d 11 00 00 08 00 00 00 00 4a 1e 00 00 00 00 08 00 00 69  数据 [0, 8, 0, 0, 0, 0, 74, 30, 0, 0, 0, 0, 8, 0, 0]
02:35:12 [总线][调试] ← #14 状态0x00 ff ff 0e 11 00 00 08 00 00 00 00 4a 1e 00 00 00 00 08 00 00 68  数据 [0, 8, 0, 0, 0, 0, 74, 30, 0, 0, 0, 0, 8, 0, 0]
02:35:12 [总线][调试] → #254 SYNC_READ ff ff fe 14 82 38 0f c8 14 15 16 17 18 1e 1f 20 21 22 0a 0b 0c 0d 0e 12
02:35:12 [总线][调试] ← #200 状态0x00 ff ff c8 11 00 a0 00 8d ff 1b 00 00 00 00 00 6a 2d 48 00 00 00  数据 [160, 0, 141, 255, 27, 0, 0, 0, 0, 0, 106, 45, 72, 0, 0]
02:35:12 [总线][调试] ← #20 状态0x00 ff ff 14 11 00 00 08 00 00 00 00 4a 1e 00 00 00 00 08 00 00 62  数据 [0, 8, 0, 0, 0, 0, 74, 30, 0, 0, 0, 0, 8, 0, 0]
02:35:12 [总线][调试] ← #21 状态0x00 ff ff 15 11 00 00 08 00 00 00 00 4a 1e 00 00 00 00 08 00 00 61  数据 [0, 8, 0, 0, 0, 0, 74, 30, 0, 0, 0, 0, 8, 0, 0]
02:35:12 [总线][调试] ← #22 状态0x00 ff ff 16 11 00 00 08 00 00 00 00 4a 1e 00 00 00 00 08 00 00 60  数据 [0, 8, 0, 0, 0, 0, 74, 30, 0, 0, 0, 0, 8, 0, 0]
02:35:12 [总线][调试] ← #23 状态0x00 ff ff 17 11 00 00 08 00 00 00 00 4a 1e 00 00 00 00 08 00 00 5f  数据 [0, 8, 0, 0, 0, 0, 74, 30, 0, 0, 0, 0, 8, 0, 0]
02:35:12 [总线][调试] ← #24 状态0x00 ff ff 18 11 00 00 08 00 00 00 00 4a 1e 00 00 00 00 08 00 00 5e  数据 [0, 8, 0, 0, 0, 0, 74, 30, 0, 0, 0, 0, 8, 0, 0]
02:35:12 [总线][调试] ← #30 状态0x00 ff ff 1e 11 00 00 08 00 00 00 00 4a 1e 00 00 00 00 08 00 00 58  数据 [0, 8, 0, 0, 0, 0, 74, 30, 0, 0, 0, 0, 8, 0, 0]
02:35:12 [总线][调试] ← #31 状态0x00 ff ff 1f 11 00 00 08 00 00 00 00 4a 1e 00 00 00 00 08 00 00 57  数据 [0, 8, 0, 0, 0, 0, 74, 30, 0, 0, 0, 0, 8, 0, 0]
02:35:12 [总线][调试] ← #32 状态0x00 ff ff 20 11 00 00 08 00 00 00 00 4a 1e 00 00 00 00 08 00 00 56  数据 [0, 8, 0, 0, 0, 0, 74, 30, 0, 0, 0, 0, 8, 0, 0]
02:35:12 [总线][调试] ← #33 状态0x00 ff ff 21 11 00 00 08 00 00 00 00 4a 1e 00 00 00 00 08 00 00 55  数据 [0, 8, 0, 0, 0, 0, 74, 30, 0, 0, 0, 0, 8, 0, 0]
02:35:12 [总线][调试] ← #34 状态0x00 ff ff 22 11 00 00 08 00 00 00 00 4a 1e 00 00 00 00 08 00 00 54  数据 [0, 8, 0, 0, 0, 0, 74, 30, 0, 0, 0, 0, 8, 0, 0]
02:35:12 [总线][调试] ← #10 状态0x00 ff ff 0a 11 00 00 08 00 00 00 00 4a 1e 00 00 00 00 08 00 00 6c  数据 [0, 8, 0, 0, 0, 0, 74, 30, 0, 0, 0, 0, 8, 0, 0]
02:35:12 [总线][调试] ← #11 状态0x00 ff ff 0b 11 00 00 08 00 00 00 00 4a 1e 00 00 00 00 08 00 00 6b  数据 [0, 8, 0, 0, 0, 0, 74, 30, 0, 0, 0, 0, 8, 0, 0]
02:35:12 [总线][调试] ← #12 状态0x00 ff ff 0c 11 00 00 08 00 00 00 00 4a 1e 00 00 00 00 08 00 00 6a  数据 [0, 8, 0, 0, 0, 0, 74, 30, 0, 0, 0, 0, 8, 0, 0]
02:35:12 [总线][调试] ← #13 状态0x00 ff ff 0d 11 00 00 08 00 00 00 00 4a 1e 00 00 00 00 08 00 00 69  数据 [0, 8, 0, 0, 0, 0, 74, 30, 0, 0, 0, 0, 8, 0, 0]
02:35:12 [总线][调试] ← #14 状态0x00 ff ff 0e 11 00 00 08 00 00 00 00 4a 1e 00 00 00 00 08 00 00 68  数据 [0, 8, 0, 0, 0, 0, 74, 30, 0, 0, 0, 0, 8, 0, 0]
02:35:12 [总线][调试] → #254 SYNC_READ ff ff fe 14 82 38 0f c8 14 15 16 17 18 1e 1f 20 21 22 0a 0b 0c 0d 0e 12
02:35:12 [总线][调试] ← #200 状态0x00 ff ff c8 11 00 a6 00 8f ff 1e 00 00 00 00 00 8b 2d 4a 00 00 d2  数据 [166, 0, 143, 255, 30, 0, 0, 0, 0, 0, 139, 45, 74, 0, 0]
02:35:12 [总线][调试] ← #20 状态0x00 ff ff 14 11 00 00 08 00 00 00 00 4a 1e 00 00 00 00 08 00 00 62  数据 [0, 8, 0, 0, 0, 0, 74, 30, 0, 0, 0, 0, 8, 0, 0]
02:35:12 [总线][调试] ← #21 状态0x00 ff ff 15 11 00 00 08 00 00 00 00 4a 1e 00 00 00 00 08 00 00 61  数据 [0, 8, 0, 0, 0, 0, 74, 30, 0, 0, 0, 0, 8, 0, 0]
02:35:12 [总线][调试] ← #22 状态0x00 ff ff 16 11 00 00 08 00 00 00 00 4a 1e 00 00 00 00 08 00 00 60  数据 [0, 8, 0, 0, 0, 0, 74, 30, 0, 0, 0, 0, 8, 0, 0]
02:35:12 [总线][调试] ← #23 状态0x00 ff ff 17 11 00 00 08 00 00 00 00 4a 1e 00 00 00 00 08 00 00 5f  数据 [0, 8, 0, 0, 0, 0, 74, 30, 0, 0, 0, 0, 8, 0, 0]
02:35:12 [总线][调试] ← #24 状态0x00 ff ff 18 11 00 00 08 00 00 00 00 4a 1e 00 00 00 00 08 00 00 5e  数据 [0, 8, 0, 0, 0, 0, 74, 30, 0, 0, 0, 0, 8, 0, 0]
02:35:12 [总线][调试] ← #30 状态0x00 ff ff 1e 11 00 00 08 00 00 00 00 4a 1e 00 00 00 00 08 00 00 58  数据 [0, 8, 0, 0, 0, 0, 74, 30, 0, 0, 0, 0, 8, 0, 0]
02:35:12 [总线][调试] ← #31 状态0x00 ff ff 1f 11 00 00 08 00 00 00 00 4a 1e 00 00 00 00 08 00 00 57  数据 [0, 8, 0, 0, 0, 0, 74, 30, 0, 0, 0, 0, 8, 0, 0]
02:35:12 [总线][调试] ← #32 状态0x00 ff ff 20 11 00 00 08 00 00 00 00 4a 1e 00 00 00 00 08 00 00 56  数据 [0, 8, 0, 0, 0, 0, 74, 30, 0, 0, 0, 0, 8, 0, 0]
02:35:12 [总线][调试] ← #33 状态0x00 ff ff 21 11 00 00 08 00 00 00 00 4a 1e 00 00 00 00 08 00 00 55  数据 [0, 8, 0, 0, 0, 0, 74, 30, 0, 0, 0, 0, 8, 0, 0]
02:35:12 [总线][调试] ← #34 状态0x00 ff ff 22 11 00 00 08 00 00 00 00 4a 1e 00 00 00 00 08 00 00 54  数据 [0, 8, 0, 0, 0, 0, 74, 30, 0, 0, 0, 0, 8, 0, 0]
02:35:12 [总线][调试] ← #10 状态0x00 ff ff 0a 11 00 00 08 00 00 00 00 4a 1e 00 00 00 00 08 00 00 6c  数据 [0, 8, 0, 0, 0, 0, 74, 30, 0, 0, 0, 0, 8, 0, 0]
02:35:12 [总线][调试] ← #11 状态0x00 ff ff 0b 11 00 00 08 00 00 00 00 4a 1e 00 00 00 00 08 00 00 6b  数据 [0, 8, 0, 0, 0, 0, 74, 30, 0, 0, 0, 0, 8, 0, 0]
02:35:12 [总线][调试] ← #12 状态0x00 ff ff 0c 11 00 00 08 00 00 00 00 4a 1e 00 00 00 00 08 00 00 6a  数据 [0, 8, 0, 0, 0, 0, 74, 30, 0, 0, 0, 0, 8, 0, 0]
02:35:12 [总线][调试] ← #13 状态0x00 ff ff 0d 11 00 00 08 00 00 00 00 4a 1e 00 00 00 00 08 00 00 69  数据 [0, 8, 0, 0, 0, 0, 74, 30, 0, 0, 0, 0, 8, 0, 0]
02:35:12 [总线][调试] ← #14 状态0x00 ff ff 0e 11 00 00 08 00 00 00 00 4a 1e 00 00 00 00 08 00 00 68  数据 [0, 8, 0, 0, 0, 0, 74, 30, 0, 0, 0, 0, 8, 0, 0]
02:35:12 [总线][调试] → #254 SYNC_READ ff ff fe 14 82 38 0f c8 14 15 16 17 18 1e 1f 20 21 22 0a 0b 0c 0d 0e 12
02:35:12 [总线][调试] ← #200 状态0x00 ff ff c8 11 00 a8 00 8a ff 19 00 00 00 00 00 bd 2d 4d 00 00 a5  数据 [168, 0, 138, 255, 25, 0, 0, 0, 0, 0, 189, 45, 77, 0, 0]
02:35:12 [总线][调试] ← #20 状态0x00 ff ff 14 11 00 00 08 00 00 00 00 4a 1e 00 00 00 00 08 00 00 62  数据 [0, 8, 0, 0, 0, 0, 74, 30, 0, 0, 0, 0, 8, 0, 0]
02:35:12 [总线][调试] ← #21 状态0x00 ff ff 15 11 00 00 08 00 00 00 00 4a 1e 00 00 00 00 08 00 00 61  数据 [0, 8, 0, 0, 0, 0, 74, 30, 0, 0, 0, 0, 8, 0, 0]
02:35:12 [总线][调试] ← #22 状态0x00 ff ff 16 11 00 00 08 00 00 00 00 4a 1e 00 00 00 00 08 00 00 60  数据 [0, 8, 0, 0, 0, 0, 74, 30, 0, 0, 0, 0, 8, 0, 0]
02:35:12 [总线][调试] ← #23 状态0x00 ff ff 17 11 00 00 08 00 00 00 00 4a 1e 00 00 00 00 08 00 00 5f  数据 [0, 8, 0, 0, 0, 0, 74, 30, 0, 0, 0, 0, 8, 0, 0]
02:35:12 [总线][调试] ← #24 状态0x00 ff ff 18 11 00 00 08 00 00 00 00 4a 1e 00 00 00 00 08 00 00 5e  数据 [0, 8, 0, 0, 0, 0, 74, 30, 0, 0, 0, 0, 8, 0, 0]
02:35:12 [总线][调试] ← #30 状态0x00 ff ff 1e 11 00 00 08 00 00 00 00 4a 1e 00 00 00 00 08 00 00 58  数据 [0, 8, 0, 0, 0, 0, 74, 30, 0, 0, 0, 0, 8, 0, 0]
02:35:12 [总线][调试] ← #31 状态0x00 ff ff 1f 11 00 00 08 00 00 00 00 4a 1e 00 00 00 00 08 00 00 57  数据 [0, 8, 0, 0, 0, 0, 74, 30, 0, 0, 0, 0, 8, 0, 0]
02:35:12 [总线][调试] ← #32 状态0x00 ff ff 20 11 00 00 08 00 00 00 00 4a 1e 00 00 00 00 08 00 00 56  数据 [0, 8, 0, 0, 0, 0, 74, 30, 0, 0, 0, 0, 8, 0, 0]
02:35:12 [总线][调试] ← #33 状态0x00 ff ff 21 11 00 00 08 00 00 00 00 4a 1e 00 00 00 00 08 00 00 55  数据 [0, 8, 0, 0, 0, 0, 74, 30, 0, 0, 0, 0, 8, 0, 0]
02:35:12 [总线][调试] ← #34 状态0x00 ff ff 22 11 00 00 08 00 00 00 00 4a 1e 00 00 00 00 08 00 00 54  数据 [0, 8, 0, 0, 0, 0, 74, 30, 0, 0, 0, 0, 8, 0, 0]
02:35:12 [总线][调试] ← #10 状态0x00 ff ff 0a 11 00 00 08 00 00 00 00 4a 1e 00 00 00 00 08 00 00 6c  数据 [0, 8, 0, 0, 0, 0, 74, 30, 0, 0, 0, 0, 8, 0, 0]
02:35:12 [总线][调试] ← #11 状态0x00 ff ff 0b 11 00 00 08 00 00 00 00 4a 1e 00 00 00 00 08 00 00 6b  数据 [0, 8, 0, 0, 0, 0, 74, 30, 0, 0, 0, 0, 8, 0, 0]
02:35:12 [总线][调试] ← #12 状态0x00 ff ff 0c 11 00 00 08 00 00 00 00 4a 1e 00 00 00 00 08 00 00 6a  数据 [0, 8, 0, 0, 0, 0, 74, 30, 0, 0, 0, 0, 8, 0, 0]
02:35:12 [总线][调试] ← #13 状态0x00 ff ff 0d 11 00 00 08 00 00 00 00 4a 1e 00 00 00 00 08 00 00 69  数据 [0, 8, 0, 0, 0, 0, 74, 30, 0, 0, 0, 0, 8, 0, 0]
02:35:12 [总线][调试] ← #14 状态0x00 ff ff 0e 11 00 00 08 00 00 00 00 4a 1e 00 00 00 00 08 00 00 68  数据 [0, 8, 0, 0, 0, 0, 74, 30, 0, 0, 0, 0, 8, 0, 0]
02:35:12 [总线][调试] → #254 SYNC_READ ff ff fe 14 82 38 0f c8 14 15 16 17 18 1e 1f 20 21 22 0a 0b 0c 0d 0e 12
02:35:12 [总线][调试] ← #200 状态0x00 ff ff c8 11 00 ae 00 8d ff 1b 00 00 00 00 00 dd 2d 4f 00 00 78  数据 [174, 0, 141, 255, 27, 0, 0, 0, 0, 0, 221, 45, 79, 0, 0]
02:35:12 [总线][调试] ← #20 状态0x00 ff ff 14 11 00 00 08 00 00 00 00 4a 1e 00 00 00 00 08 00 00 62  数据 [0, 8, 0, 0, 0, 0, 74, 30, 0, 0, 0, 0, 8, 0, 0]
02:35:12 [总线][调试] ← #21 状态0x00 ff ff 15 11 00 00 08 00 00 00 00 4a 1e 00 00 00 00 08 00 00 61  数据 [0, 8, 0, 0, 0, 0, 74, 30, 0, 0, 0, 0, 8, 0, 0]
02:35:12 [总线][调试] ← #22 状态0x00 ff ff 16 11 00 00 08 00 00 00 00 4a 1e 00 00 00 00 08 00 00 60  数据 [0, 8, 0, 0, 0, 0, 74, 30, 0, 0, 0, 0, 8, 0, 0]
02:35:12 [总线][调试] ← #23 状态0x00 ff ff 17 11 00 00 08 00 00 00 00 4a 1e 00 00 00 00 08 00 00 5f  数据 [0, 8, 0, 0, 0, 0, 74, 30, 0, 0, 0, 0, 8, 0, 0]
02:35:12 [总线][调试] ← #24 状态0x00 ff ff 18 11 00 00 08 00 00 00 00 4a 1e 00 00 00 00 08 00 00 5e  数据 [0, 8, 0, 0, 0, 0, 74, 30, 0, 0, 0, 0, 8, 0, 0]
02:35:12 [总线][调试] ← #30 状态0x00 ff ff 1e 11 00 00 08 00 00 00 00 4a 1e 00 00 00 00 08 00 00 58  数据 [0, 8, 0, 0, 0, 0, 74, 30, 0, 0, 0, 0, 8, 0, 0]
02:35:12 [总线][调试] ← #31 状态0x00 ff ff 1f 11 00 00 08 00 00 00 00 4a 1e 00 00 00 00 08 00 00 57  数据 [0, 8, 0, 0, 0, 0, 74, 30, 0, 0, 0, 0, 8, 0, 0]
02:35:12 [总线][调试] ← #32 状态0x00 ff ff 20 11 00 00 08 00 00 00 00 4a 1e 00 00 00 00 08 00 00 56  数据 [0, 8, 0, 0, 0, 0, 74, 30, 0, 0, 0, 0, 8, 0, 0]
02:35:12 [总线][调试] ← #33 状态0x00 ff ff 21 11 00 00 08 00 00 00 00 4a 1e 00 00 00 00 08 00 00 55  数据 [0, 8, 0, 0, 0, 0, 74, 30, 0, 0, 0, 0, 8, 0, 0]
02:35:12 [总线][调试] ← #34 状态0x00 ff ff 22 11 00 00 08 00 00 00 00 4a 1e 00 00 00 00 08 00 00 54  数据 [0, 8, 0, 0, 0, 0, 74, 30, 0, 0, 0, 0, 8, 0, 0]
02:35:12 [总线][调试] ← #10 状态0x00 ff ff 0a 11 00 00 08 00 00 00 00 4a 1e 00 00 00 00 08 00 00 6c  数据 [0, 8, 0, 0, 0, 0, 74, 30, 0, 0, 0, 0, 8, 0, 0]
02:35:12 [总线][调试] ← #11 状态0x00 ff ff 0b 11 00 00 08 00 00 00 00 4a 1e 00 00 00 00 08 00 00 6b  数据 [0, 8, 0, 0, 0, 0, 74, 30, 0, 0, 0, 0, 8, 0, 0]
02:35:12 [总线][调试] ← #12 状态0x00 ff ff 0c 11 00 00 08 00 00 00 00 4a 1e 00 00 00 00 08 00 00 6a  数据 [0, 8, 0, 0, 0, 0, 74, 30, 0, 0, 0, 0, 8, 0, 0]
02:35:12 [总线][调试] ← #13 状态0x00 ff ff 0d 11 00 00 08 00 00 00 00 4a 1e 00 00 00 00 08 00 00 69  数据 [0, 8, 0, 0, 0, 0, 74, 30, 0, 0, 0, 0, 8, 0, 0]
02:35:12 [总线][调试] ← #14 状态0x00 ff ff 0e 11 00 00 08 00 00 00 00 4a 1e 00 00 00 00 08 00 00 68  数据 [0, 8, 0, 0, 0, 0, 74, 30, 0, 0, 0, 0, 8, 0, 0]
02:35:12 [总线][调试] → #254 SYNC_READ ff ff fe 14 82 38 0f c8 14 15 16 17 18 1e 1f 20 21 22 0a 0b 0c 0d 0e 12
02:35:12 [总线][调试] ← #200 状态0x00 ff ff c8 11 00 b4 00 8f ff 1e 00 00 00 00 00 fd 2d 51 00 00 4b  数据 [180, 0, 143, 255, 30, 0, 0, 0, 0, 0, 253, 45, 81, 0, 0]
02:35:12 [总线][调试] ← #20 状态0x00 ff ff 14 11 00 00 08 00 00 00 00 4a 1e 00 00 00 00 08 00 00 62  数据 [0, 8, 0, 0, 0, 0, 74, 30, 0, 0, 0, 0, 8, 0, 0]
02:35:12 [总线][调试] ← #21 状态0x00 ff ff 15 11 00 00 08 00 00 00 00 4a 1e 00 00 00 00 08 00 00 61  数据 [0, 8, 0, 0, 0, 0, 74, 30, 0, 0, 0, 0, 8, 0, 0]
02:35:12 [总线][调试] ← #22 状态0x00 ff ff 16 11 00 00 08 00 00 00 00 4a 1e 00 00 00 00 08 00 00 60  数据 [0, 8, 0, 0, 0, 0, 74, 30, 0, 0, 0, 0, 8, 0, 0]
02:35:12 [总线][调试] ← #23 状态0x00 ff ff 17 11 00 00 08 00 00 00 00 4a 1e 00 00 00 00 08 00 00 5f  数据 [0, 8, 0, 0, 0, 0, 74, 30, 0, 0, 0, 0, 8, 0, 0]
02:35:12 [总线][调试] ← #24 状态0x00 ff ff 18 11 00 00 08 00 00 00 00 4a 1e 00 00 00 00 08 00 00 5e  数据 [0, 8, 0, 0, 0, 0, 74, 30, 0, 0, 0, 0, 8, 0, 0]
02:35:12 [总线][调试] ← #30 状态0x00 ff ff 1e 11 00 00 08 00 00 00 00 4a 1e 00 00 00 00 08 00 00 58  数据 [0, 8, 0, 0, 0, 0, 74, 30, 0, 0, 0, 0, 8, 0, 0]
02:35:12 [总线][调试] ← #31 状态0x00 ff ff 1f 11 00 00 08 00 00 00 00 4a 1e 00 00 00 00 08 00 00 57  数据 [0, 8, 0, 0, 0, 0, 74, 30, 0, 0, 0, 0, 8, 0, 0]
02:35:12 [总线][调试] ← #32 状态0x00 ff ff 20 11 00 00 08 00 00 00 00 4a 1e 00 00 00 00 08 00 00 56  数据 [0, 8, 0, 0, 0, 0, 74, 30, 0, 0, 0, 0, 8, 0, 0]
02:35:12 [总线][调试] ← #33 状态0x00 ff ff 21 11 00 00 08 00 00 00 00 4a 1e 00 00 00 00 08 00 00 55  数据 [0, 8, 0, 0, 0, 0, 74, 30, 0, 0, 0, 0, 8, 0, 0]
02:35:12 [总线][调试] ← #34 状态0x00 ff ff 22 11 00 00 08 00 00 00 00 4a 1e 00 00 00 00 08 00 00 54  数据 [0, 8, 0, 0, 0, 0, 74, 30, 0, 0, 0, 0, 8, 0, 0]
02:35:12 [总线][调试] ← #10 状态0x00 ff ff 0a 11 00 00 08 00 00 00 00 4a 1e 00 00 00 00 08 00 00 6c  数据 [0, 8, 0, 0, 0, 0, 74, 30, 0, 0, 0, 0, 8, 0, 0]
02:35:12 [总线][调试] ← #11 状态0x00 ff ff 0b 11 00 00 08 00 00 00 00 4a 1e 00 00 00 00 08 00 00 6b  数据 [0, 8, 0, 0, 0, 0, 74, 30, 0, 0, 0, 0, 8, 0, 0]
02:35:12 [总线][调试] ← #12 状态0x00 ff ff 0c 11 00 00 08 00 00 00 00 4a 1e 00 00 00 00 08 00 00 6a  数据 [0, 8, 0, 0, 0, 0, 74, 30, 0, 0, 0, 0, 8, 0, 0]
02:35:12 [总线][调试] ← #13 状态0x00 ff ff 0d 11 00 00 08 00 00 00 00 4a 1e 00 00 00 00 08 00 00 69  数据 [0, 8, 0, 0, 0, 0, 74, 30, 0, 0, 0, 0, 8, 0, 0]
02:35:12 [总线][调试] ← #14 状态0x00 ff ff 0e 11 00 00 08 00 00 00 00 4a 1e 00 00 00 00 08 00 00 68  数据 [0, 8, 0, 0, 0, 0, 74, 30, 0, 0, 0, 0, 8, 0, 0]
02:35:12 [总线][调试] → #254 SYNC_READ ff ff fe 14 82 38 0f c8 14 15 16 17 18 1e 1f 20 21 22 0a 0b 0c 0d 0e 12
02:35:12 [总线][调试] ← #200 状态0x00 ff ff c8 11 00 b5 00 8a ff 19 00 00 00 00 00 2d 2e 54 00 00 20  数据 [181, 0, 138, 255, 25, 0, 0, 0, 0, 0, 45, 46, 84, 0, 0]
02:35:12 [总线][调试] ← #20 状态0x00 ff ff 14 11 00 00 08 00 00 00 00 4a 1e 00 00 00 00 08 00 00 62  数据 [0, 8, 0, 0, 0, 0, 74, 30, 0, 0, 0, 0, 8, 0, 0]
02:35:12 [总线][调试] ← #21 状态0x00 ff ff 15 11 00 00 08 00 00 00 00 4a 1e 00 00 00 00 08 00 00 61  数据 [0, 8, 0, 0, 0, 0, 74, 30, 0, 0, 0, 0, 8, 0, 0]
02:35:12 [总线][调试] ← #22 状态0x00 ff ff 16 11 00 00 08 00 00 00 00 4a 1e 00 00 00 00 08 00 00 60  数据 [0, 8, 0, 0, 0, 0, 74, 30, 0, 0, 0, 0, 8, 0, 0]
02:35:12 [总线][调试] ← #23 状态0x00 ff ff 17 11 00 00 08 00 00 00 00 4a 1e 00 00 00 00 08 00 00 5f  数据 [0, 8, 0, 0, 0, 0, 74, 30, 0, 0, 0, 0, 8, 0, 0]
02:35:12 [总线][调试] ← #24 状态0x00 ff ff 18 11 00 00 08 00 00 00 00 4a 1e 00 00 00 00 08 00 00 5e  数据 [0, 8, 0, 0, 0, 0, 74, 30, 0, 0, 0, 0, 8, 0, 0]
02:35:12 [总线][调试] ← #30 状态0x00 ff ff 1e 11 00 00 08 00 00 00 00 4a 1e 00 00 00 00 08 00 00 58  数据 [0, 8, 0, 0, 0, 0, 74, 30, 0, 0, 0, 0, 8, 0, 0]
02:35:12 [总线][调试] ← #31 状态0x00 ff ff 1f 11 00 00 08 00 00 00 00 4a 1e 00 00 00 00 08 00 00 57  数据 [0, 8, 0, 0, 0, 0, 74, 30, 0, 0, 0, 0, 8, 0, 0]
02:35:12 [总线][调试] ← #32 状态0x00 ff ff 20 11 00 00 08 00 00 00 00 4a 1e 00 00 00 00 08 00 00 56  数据 [0, 8, 0, 0, 0, 0, 74, 30, 0, 0, 0, 0, 8, 0, 0]
02:35:12 [总线][调试] ← #33 状态0x00 ff ff 21 11 00 00 08 00 00 00 00 4a 1e 00 00 00 00 08 00 00 55  数据 [0, 8, 0, 0, 0, 0, 74, 30, 0, 0, 0, 0, 8, 0, 0]
02:35:12 [总线][调试] ← #34 状态0x00 ff ff 22 11 00 00 08 00 00 00 00 4a 1e 00 00 00 00 08 00 00 54  数据 [0, 8, 0, 0, 0, 0, 74, 30, 0, 0, 0, 0, 8, 0, 0]
02:35:12 [总线][调试] ← #10 状态0x00 ff ff 0a 11 00 00 08 00 00 00 00 4a 1e 00 00 00 00 08 00 00 6c  数据 [0, 8, 0, 0, 0, 0, 74, 30, 0, 0, 0, 0, 8, 0, 0]
02:35:12 [总线][调试] ← #11 状态0x00 ff ff 0b 11 00 00 08 00 00 00 00 4a 1e 00 00 00 00 08 00 00 6b  数据 [0, 8, 0, 0, 0, 0, 74, 30, 0, 0, 0, 0, 8, 0, 0]
02:35:12 [总线][调试] ← #12 状态0x00 ff ff 0c 11 00 00 08 00 00 00 00 4a 1e 00 00 00 00 08 00 00 6a  数据 [0, 8, 0, 0, 0, 0, 74, 30, 0, 0, 0, 0, 8, 0, 0]
02:35:12 [总线][调试] ← #13 状态0x00 ff ff 0d 11 00 00 08 00 00 00 00 4a 1e 00 00 00 00 08 00 00 69  数据 [0, 8, 0, 0, 0, 0, 74, 30, 0, 0, 0, 0, 8, 0, 0]
02:35:12 [总线][调试] ← #14 状态0x00 ff ff 0e 11 00 00 08 00 00 00 00 4a 1e 00 00 00 00 08 00 00 68  数据 [0, 8, 0, 0, 0, 0, 74, 30, 0, 0, 0, 0, 8, 0, 0]
02:35:12 [总线][调试] → #254 SYNC_READ ff ff fe 14 82 38 0f c8 14 15 16 17 18 1e 1f 20 21 22 0a 0b 0c 0d 0e 12
02:35:12 [总线][调试] ← #200 状态0x00 ff ff c8 11 00 bb 00 8d ff 1b 00 00 00 00 00 4c 2e 56 00 00 f4  数据 [187, 0, 141, 255, 27, 0, 0, 0, 0, 0, 76, 46, 86, 0, 0]
02:35:12 [总线][调试] ← #20 状态0x00 ff ff 14 11 00 00 08 00 00 00 00 4a 1e 00 00 00 00 08 00 00 62  数据 [0, 8, 0, 0, 0, 0, 74, 30, 0, 0, 0, 0, 8, 0, 0]
02:35:12 [总线][调试] ← #21 状态0x00 ff ff 15 11 00 00 08 00 00 00 00 4a 1e 00 00 00 00 08 00 00 61  数据 [0, 8, 0, 0, 0, 0, 74, 30, 0, 0, 0, 0, 8, 0, 0]
02:35:12 [总线][调试] ← #22 状态0x00 ff ff 16 11 00 00 08 00 00 00 00 4a 1e 00 00 00 00 08 00 00 60  数据 [0, 8, 0, 0, 0, 0, 74, 30, 0, 0, 0, 0, 8, 0, 0]
02:35:12 [总线][调试] ← #23 状态0x00 ff ff 17 11 00 00 08 00 00 00 00 4a 1e 00 00 00 00 08 00 00 5f  数据 [0, 8, 0, 0, 0, 0, 74, 30, 0, 0, 0, 0, 8, 0, 0]
02:35:12 [总线][调试] ← #24 状态0x00 ff ff 18 11 00 00 08 00 00 00 00 4a 1e 00 00 00 00 08 00 00 5e  数据 [0, 8, 0, 0, 0, 0, 74, 30, 0, 0, 0, 0, 8, 0, 0]
02:35:12 [总线][调试] ← #30 状态0x00 ff ff 1e 11 00 00 08 00 00 00 00 4a 1e 00 00 00 00 08 00 00 58  数据 [0, 8, 0, 0, 0, 0, 74, 30, 0, 0, 0, 0, 8, 0, 0]
02:35:12 [总线][调试] ← #31 状态0x00 ff ff 1f 11 00 00 08 00 00 00 00 4a 1e 00 00 00 00 08 00 00 57  数据 [0, 8, 0, 0, 0, 0, 74, 30, 0, 0, 0, 0, 8, 0, 0]
02:35:12 [总线][调试] ← #32 状态0x00 ff ff 20 11 00 00 08 00 00 00 00 4a 1e 00 00 00 00 08 00 00 56  数据 [0, 8, 0, 0, 0, 0, 74, 30, 0, 0, 0, 0, 8, 0, 0]
02:35:12 [总线][调试] ← #33 状态0x00 ff ff 21 11 00 00 08 00 00 00 00 4a 1e 00 00 00 00 08 00 00 55  数据 [0, 8, 0, 0, 0, 0, 74, 30, 0, 0, 0, 0, 8, 0, 0]
02:35:12 [总线][调试] ← #34 状态0x00 ff ff 22 11 00 00 08 00 00 00 00 4a 1e 00 00 00 00 08 00 00 54  数据 [0, 8, 0, 0, 0, 0, 74, 30, 0, 0, 0, 0, 8, 0, 0]
02:35:12 [总线][调试] ← #10 状态0x00 ff ff 0a 11 00 00 08 00 00 00 00 4a 1e 00 00 00 00 08 00 00 6c  数据 [0, 8, 0, 0, 0, 0, 74, 30, 0, 0, 0, 0, 8, 0, 0]
02:35:12 [总线][调试] ← #11 状态0x00 ff ff 0b 11 00 00 08 00 00 00 00 4a 1e 00 00 00 00 08 00 00 6b  数据 [0, 8, 0, 0, 0, 0, 74, 30, 0, 0, 0, 0, 8, 0, 0]
02:35:12 [总线][调试] ← #12 状态0x00 ff ff 0c 11 00 00 08 00 00 00 00 4a 1e 00 00 00 00 08 00 00 6a  数据 [0, 8, 0, 0, 0, 0, 74, 30, 0, 0, 0, 0, 8, 0, 0]
02:35:12 [总线][调试] ← #13 状态0x00 ff ff 0d 11 00 00 08 00 00 00 00 4a 1e 00 00 00 00 08 00 00 69  数据 [0, 8, 0, 0, 0, 0, 74, 30, 0, 0, 0, 0, 8, 0, 0]
02:35:12 [总线][调试] ← #14 状态0x00 ff ff 0e 11 00 00 08 00 00 00 00 4a 1e 00 00 00 00 08 00 00 68  数据 [0, 8, 0, 0, 0, 0, 74, 30, 0, 0, 0, 0, 8, 0, 0]
02:35:12 [总线][调试] → #254 SYNC_READ ff ff fe 14 82 38 0f c8 14 15 16 17 18 1e 1f 20 21 22 0a 0b 0c 0d 0e 12
02:35:12 [总线][调试] ← #200 状态0x00 ff ff c8 11 00 c3 00 90 ff 1f 00 00 00 00 00 79 2e 59 00 00 b5  数据 [195, 0, 144, 255, 31, 0, 0, 0, 0, 0, 121, 46, 89, 0, 0]
02:35:12 [总线][调试] ← #20 状态0x00 ff ff 14 11 00 00 08 00 00 00 00 4a 1e 00 00 00 00 08 00 00 62  数据 [0, 8, 0, 0, 0, 0, 74, 30, 0, 0, 0, 0, 8, 0, 0]
02:35:12 [总线][调试] ← #21 状态0x00 ff ff 15 11 00 00 08 00 00 00 00 4a 1e 00 00 00 00 08 00 00 61  数据 [0, 8, 0, 0, 0, 0, 74, 30, 0, 0, 0, 0, 8, 0, 0]
02:35:12 [总线][调试] ← #22 状态0x00 ff ff 16 11 00 00 08 00 00 00 00 4a 1e 00 00 00 00 08 00 00 60  数据 [0, 8, 0, 0, 0, 0, 74, 30, 0, 0, 0, 0, 8, 0, 0]
02:35:12 [总线][调试] ← #23 状态0x00 ff ff 17 11 00 00 08 00 00 00 00 4a 1e 00 00 00 00 08 00 00 5f  数据 [0, 8, 0, 0, 0, 0, 74, 30, 0, 0, 0, 0, 8, 0, 0]
02:35:12 [总线][调试] ← #24 状态0x00 ff ff 18 11 00 00 08 00 00 00 00 4a 1e 00 00 00 00 08 00 00 5e  数据 [0, 8, 0, 0, 0, 0, 74, 30, 0, 0, 0, 0, 8, 0, 0]
02:35:12 [总线][调试] ← #30 状态0x00 ff ff 1e 11 00 00 08 00 00 00 00 4a 1e 00 00 00 00 08 00 00 58  数据 [0, 8, 0, 0, 0, 0, 74, 30, 0, 0, 0, 0, 8, 0, 0]
02:35:12 [总线][调试] ← #31 状态0x00 ff ff 1f 11 00 00 08 00 00 00 00 4a 1e 00 00 00 00 08 00 00 57  数据 [0, 8, 0, 0, 0, 0, 74, 30, 0, 0, 0, 0, 8, 0, 0]
02:35:12 [总线][调试] ← #32 状态0x00 ff ff 20 11 00 00 08 00 00 00 00 4a 1e 00 00 00 00 08 00 00 56  数据 [0, 8, 0, 0, 0, 0, 74, 30, 0, 0, 0, 0, 8, 0, 0]
02:35:12 [总线][调试] ← #33 状态0x00 ff ff 21 11 00 00 08 00 00 00 00 4a 1e 00 00 00 00 08 00 00 55  数据 [0, 8, 0, 0, 0, 0, 74, 30, 0, 0, 0, 0, 8, 0, 0]
02:35:12 [总线][调试] ← #34 状态0x00 ff ff 22 11 00 00 08 00 00 00 00 4a 1e 00 00 00 00 08 00 00 54  数据 [0, 8, 0, 0, 0, 0, 74, 30, 0, 0, 0, 0, 8, 0, 0]
02:35:12 [总线][调试] ← #10 状态0x00 ff ff 0a 11 00 00 08 00 00 00 00 4a 1e 00 00 00 00 08 00 00 6c  数据 [0, 8, 0, 0, 0, 0, 74, 30, 0, 0, 0, 0, 8, 0, 0]
02:35:12 [总线][调试] ← #11 状态0x00 ff ff 0b 11 00 00 08 00 00 00 00 4a 1e 00 00 00 00 08 00 00 6b  数据 [0, 8, 0, 0, 0, 0, 74, 30, 0, 0, 0, 0, 8, 0, 0]
02:35:12 [总线][调试] ← #12 状态0x00 ff ff 0c 11 00 00 08 00 00 00 00 4a 1e 00 00 00 00 08 00 00 6a  数据 [0, 8, 0, 0, 0, 0, 74, 30, 0, 0, 0, 0, 8, 0, 0]
02:35:12 [总线][调试] ← #13 状态0x00 ff ff 0d 11 00 00 08 00 00 00 00 4a 1e 00 00 00 00 08 00 00 69  数据 [0, 8, 0, 0, 0, 0, 74, 30, 0, 0, 0, 0, 8, 0, 0]
02:35:12 [总线][调试] ← #14 状态0x00 ff ff 0e 11 00 00 08 00 00 00 00 4a 1e 00 00 00 00 08 00 00 68  数据 [0, 8, 0, 0, 0, 0, 74, 30, 0, 0, 0, 0, 8, 0, 0]
02:35:12 [总线][调试] → #254 SYNC_READ ff ff fe 14 82 38 0f c8 14 15 16 17 18 1e 1f 20 21 22 0a 0b 0c 0d 0e 12
02:35:12 [总线][调试] ← #200 状态0x00 ff ff c8 11 00 c1 00 8a ff 19 00 00 00 00 00 97 2e 5b 00 00 a3  数据 [193, 0, 138, 255, 25, 0, 0, 0, 0, 0, 151, 46, 91, 0, 0]
02:35:12 [总线][调试] ← #20 状态0x00 ff ff 14 11 00 00 08 00 00 00 00 4a 1e 00 00 00 00 08 00 00 62  数据 [0, 8, 0, 0, 0, 0, 74, 30, 0, 0, 0, 0, 8, 0, 0]
02:35:12 [总线][调试] ← #21 状态0x00 ff ff 15 11 00 00 08 00 00 00 00 4a 1e 00 00 00 00 08 00 00 61  数据 [0, 8, 0, 0, 0, 0, 74, 30, 0, 0, 0, 0, 8, 0, 0]
02:35:12 [总线][调试] ← #22 状态0x00 ff ff 16 11 00 00 08 00 00 00 00 4a 1e 00 00 00 00 08 00 00 60  数据 [0, 8, 0, 0, 0, 0, 74, 30, 0, 0, 0, 0, 8, 0, 0]
02:35:12 [总线][调试] ← #23 状态0x00 ff ff 17 11 00 00 08 00 00 00 00 4a 1e 00 00 00 00 08 00 00 5f  数据 [0, 8, 0, 0, 0, 0, 74, 30, 0, 0, 0, 0, 8, 0, 0]
02:35:12 [总线][调试] ← #24 状态0x00 ff ff 18 11 00 00 08 00 00 00 00 4a 1e 00 00 00 00 08 00 00 5e  数据 [0, 8, 0, 0, 0, 0, 74, 30, 0, 0, 0, 0, 8, 0, 0]
02:35:12 [总线][调试] ← #30 状态0x00 ff ff 1e 11 00 00 08 00 00 00 00 4a 1e 00 00 00 00 08 00 00 58  数据 [0, 8, 0, 0, 0, 0, 74, 30, 0, 0, 0, 0, 8, 0, 0]
02:35:12 [总线][调试] ← #31 状态0x00 ff ff 1f 11 00 00 08 00 00 00 00 4a 1e 00 00 00 00 08 00 00 57  数据 [0, 8, 0, 0, 0, 0, 74, 30, 0, 0, 0, 0, 8, 0, 0]
02:35:12 [总线][调试] ← #32 状态0x00 ff ff 20 11 00 00 08 00 00 00 00 4a 1e 00 00 00 00 08 00 00 56  数据 [0, 8, 0, 0, 0, 0, 74, 30, 0, 0, 0, 0, 8, 0, 0]
02:35:12 [总线][调试] ← #33 状态0x00 ff ff 21 11 00 00 08 00 00 00 00 4a 1e 00 00 00 00 08 00 00 55  数据 [0, 8, 0, 0, 0, 0, 74, 30, 0, 0, 0, 0, 8, 0, 0]
02:35:12 [总线][调试] ← #34 状态0x00 ff ff 22 11 00 00 08 00 00 00 00 4a 1e 00 00 00 00 08 00 00 54  数据 [0, 8, 0, 0, 0, 0, 74, 30, 0, 0, 0, 0, 8, 0, 0]
02:35:12 [总线][调试] ← #10 状态0x00 ff ff 0a 11 00 00 08 00 00 00 00 4a 1e 00 00 00 00 08 00 00 6c  数据 [0, 8, 0, 0, 0, 0, 74, 30, 0, 0, 0, 0, 8, 0, 0]
02:35:12 [总线][调试] ← #11 状态0x00 ff ff 0b 11 00 00 08 00 00 00 00 4a 1e 00 00 00 00 08 00 00 6b  数据 [0, 8, 0, 0, 0, 0, 74, 30, 0, 0, 0, 0, 8, 0, 0]
02:35:12 [总线][调试] ← #12 状态0x00 ff ff 0c 11 00 00 08 00 00 00 00 4a 1e 00 00 00 00 08 00 00 6a  数据 [0, 8, 0, 0, 0, 0, 74, 30, 0, 0, 0, 0, 8, 0, 0]
02:35:12 [总线][调试] ← #13 状态0x00 ff ff 0d 11 00 00 08 00 00 00 00 4a 1e 00 00 00 00 08 00 00 69  数据 [0, 8, 0, 0, 0, 0, 74, 30, 0, 0, 0, 0, 8, 0, 0]
02:35:12 [总线][调试] ← #14 状态0x00 ff ff 0e 11 00 00 08 00 00 00 00 4a 1e 00 00 00 00 08 00 00 68  数据 [0, 8, 0, 0, 0, 0, 74, 30, 0, 0, 0, 0, 8, 0, 0]
02:35:12 [总线][调试] → #254 SYNC_READ ff ff fe 14 82 38 0f c8 14 15 16 17 18 1e 1f 20 21 22 0a 0b 0c 0d 0e 12
02:35:12 [总线][调试] ← #200 状态0x00 ff ff c8 11 00 ca 00 8e ff 1d 00 00 00 00 00 c3 2e 5e 00 00 63  数据 [202, 0, 142, 255, 29, 0, 0, 0, 0, 0, 195, 46, 94, 0, 0]
02:35:12 [总线][调试] ← #20 状态0x00 ff ff 14 11 00 00 08 00 00 00 00 4a 1e 00 00 00 00 08 00 00 62  数据 [0, 8, 0, 0, 0, 0, 74, 30, 0, 0, 0, 0, 8, 0, 0]
02:35:12 [总线][调试] ← #21 状态0x00 ff ff 15 11 00 00 08 00 00 00 00 4a 1e 00 00 00 00 08 00 00 61  数据 [0, 8, 0, 0, 0, 0, 74, 30, 0, 0, 0, 0, 8, 0, 0]
02:35:12 [总线][调试] ← #22 状态0x00 ff ff 16 11 00 00 08 00 00 00 00 4a 1e 00 00 00 00 08 00 00 60  数据 [0, 8, 0, 0, 0, 0, 74, 30, 0, 0, 0, 0, 8, 0, 0]
02:35:12 [总线][调试] ← #23 状态0x00 ff ff 17 11 00 00 08 00 00 00 00 4a 1e 00 00 00 00 08 00 00 5f  数据 [0, 8, 0, 0, 0, 0, 74, 30, 0, 0, 0, 0, 8, 0, 0]
02:35:12 [总线][调试] ← #24 状态0x00 ff ff 18 11 00 00 08 00 00 00 00 4a 1e 00 00 00 00 08 00 00 5e  数据 [0, 8, 0, 0, 0, 0, 74, 30, 0, 0, 0, 0, 8, 0, 0]
02:35:12 [总线][调试] ← #30 状态0x00 ff ff 1e 11 00 00 08 00 00 00 00 4a 1e 00 00 00 00 08 00 00 58  数据 [0, 8, 0, 0, 0, 0, 74, 30, 0, 0, 0, 0, 8, 0, 0]
02:35:12 [总线][调试] ← #31 状态0x00 ff ff 1f 11 00 00 08 00 00 00 00 4a 1e 00 00 00 00 08 00 00 57  数据 [0, 8, 0, 0, 0, 0, 74, 30, 0, 0, 0, 0, 8, 0, 0]
02:35:12 [总线][调试] ← #32 状态0x00 ff ff 20 11 00 00 08 00 00 00 00 4a 1e 00 00 00 00 08 00 00 56  数据 [0, 8, 0, 0, 0, 0, 74, 30, 0, 0, 0, 0, 8, 0, 0]
02:35:12 [总线][调试] ← #33 状态0x00 ff ff 21 11 00 00 08 00 00 00 00 4a 1e 00 00 00 00 08 00 00 55  数据 [0, 8, 0, 0, 0, 0, 74, 30, 0, 0, 0, 0, 8, 0, 0]
02:35:12 [总线][调试] ← #34 状态0x00 ff ff 22 11 00 00 08 00 00 00 00 4a 1e 00 00 00 00 08 00 00 54  数据 [0, 8, 0, 0, 0, 0, 74, 30, 0, 0, 0, 0, 8, 0, 0]
02:35:12 [总线][调试] ← #10 状态0x00 ff ff 0a 11 00 00 08 00 00 00 00 4a 1e 00 00 00 00 08 00 00 6c  数据 [0, 8, 0, 0, 0, 0, 74, 30, 0, 0, 0, 0, 8, 0, 0]
02:35:12 [总线][调试] ← #11 状态0x00 ff ff 0b 11 00 00 08 00 00 00 00 4a 1e 00 00 00 00 08 00 00 6b  数据 [0, 8, 0, 0, 0, 0, 74, 30, 0, 0, 0, 0, 8, 0, 0]
02:35:12 [总线][调试] ← #12 状态0x00 ff ff 0c 11 00 00 08 00 00 00 00 4a 1e 00 00 00 00 08 00 00 6a  数据 [0, 8, 0, 0, 0, 0, 74, 30, 0, 0, 0, 0, 8, 0, 0]
02:35:12 [总线][调试] ← #13 状态0x00 ff ff 0d 11 00 00 08 00 00 00 00 4a 1e 00 00 00 00 08 00 00 69  数据 [0, 8, 0, 0, 0, 0, 74, 30, 0, 0, 0, 0, 8, 0, 0]
02:35:12 [总线][调试] ← #14 状态0x00 ff ff 0e 11 00 00 08 00 00 00 00 4a 1e 00 00 00 00 08 00 00 68  数据 [0, 8, 0, 0, 0, 0, 74, 30, 0, 0, 0, 0, 8, 0, 0]
02:35:12 [总线][调试] → #254 SYNC_READ ff ff fe 14 82 38 0f c8 14 15 16 17 18 1e 1f 20 21 22 0a 0b 0c 0d 0e 12
02:35:12 [总线][调试] ← #200 状态0x00 ff ff c8 11 00 cf 00 90 ff 1f 00 00 00 00 00 e0 2e 60 00 00 3b  数据 [207, 0, 144, 255, 31, 0, 0, 0, 0, 0, 224, 46, 96, 0, 0]
02:35:12 [总线][调试] ← #20 状态0x00 ff ff 14 11 00 00 08 00 00 00 00 4a 1e 00 00 00 00 08 00 00 62  数据 [0, 8, 0, 0, 0, 0, 74, 30, 0, 0, 0, 0, 8, 0, 0]
02:35:12 [总线][调试] ← #21 状态0x00 ff ff 15 11 00 00 08 00 00 00 00 4a 1e 00 00 00 00 08 00 00 61  数据 [0, 8, 0, 0, 0, 0, 74, 30, 0, 0, 0, 0, 8, 0, 0]
02:35:12 [总线][调试] ← #22 状态0x00 ff ff 16 11 00 00 08 00 00 00 00 4a 1e 00 00 00 00 08 00 00 60  数据 [0, 8, 0, 0, 0, 0, 74, 30, 0, 0, 0, 0, 8, 0, 0]
02:35:12 [总线][调试] ← #23 状态0x00 ff ff 17 11 00 00 08 00 00 00 00 4a 1e 00 00 00 00 08 00 00 5f  数据 [0, 8, 0, 0, 0, 0, 74, 30, 0, 0, 0, 0, 8, 0, 0]
02:35:12 [总线][调试] ← #24 状态0x00 ff ff 18 11 00 00 08 00 00 00 00 4a 1e 00 00 00 00 08 00 00 5e  数据 [0, 8, 0, 0, 0, 0, 74, 30, 0, 0, 0, 0, 8, 0, 0]
02:35:12 [总线][调试] ← #30 状态0x00 ff ff 1e 11 00 00 08 00 00 00 00 4a 1e 00 00 00 00 08 00 00 58  数据 [0, 8, 0, 0, 0, 0, 74, 30, 0, 0, 0, 0, 8, 0, 0]
02:35:12 [总线][调试] ← #31 状态0x00 ff ff 1f 11 00 00 08 00 00 00 00 4a 1e 00 00 00 00 08 00 00 57  数据 [0, 8, 0, 0, 0, 0, 74, 30, 0, 0, 0, 0, 8, 0, 0]
02:35:12 [总线][调试] ← #32 状态0x00 ff ff 20 11 00 00 08 00 00 00 00 4a 1e 00 00 00 00 08 00 00 56  数据 [0, 8, 0, 0, 0, 0, 74, 30, 0, 0, 0, 0, 8, 0, 0]
02:35:12 [总线][调试] ← #33 状态0x00 ff ff 21 11 00 00 08 00 00 00 00 4a 1e 00 00 00 00 08 00 00 55  数据 [0, 8, 0, 0, 0, 0, 74, 30, 0, 0, 0, 0, 8, 0, 0]
02:35:12 [总线][调试] ← #34 状态0x00 ff ff 22 11 00 00 08 00 00 00 00 4a 1e 00 00 00 00 08 00 00 54  数据 [0, 8, 0, 0, 0, 0, 74, 30, 0, 0, 0, 0, 8, 0, 0]
02:35:12 [总线][调试] ← #10 状态0x00 ff ff 0a 11 00 00 08 00 00 00 00 4a 1e 00 00 00 00 08 00 00 6c  数据 [0, 8, 0, 0, 0, 0, 74, 30, 0, 0, 0, 0, 8, 0, 0]
02:35:12 [总线][调试] ← #11 状态0x00 ff ff 0b 11 00 00 08 00 00 00 00 4a 1e 00 00 00 00 08 00 00 6b  数据 [0, 8, 0, 0, 0, 0, 74, 30, 0, 0, 0, 0, 8, 0, 0]
02:35:12 [总线][调试] ← #12 状态0x00 ff ff 0c 11 00 00 08 00 00 00 00 4a 1e 00 00 00 00 08 00 00 6a  数据 [0, 8, 0, 0, 0, 0, 74, 30, 0, 0, 0, 0, 8, 0, 0]
02:35:12 [总线][调试] ← #13 状态0x00 ff ff 0d 11 00 00 08 00 00 00 00 4a 1e 00 00 00 00 08 00 00 69  数据 [0, 8, 0, 0, 0, 0, 74, 30, 0, 0, 0, 0, 8, 0, 0]
02:35:12 [总线][调试] ← #14 状态0x00 ff ff 0e 11 00 00 08 00 00 00 00 4a 1e 00 00 00 00 08 00 00 68  数据 [0, 8, 0, 0, 0, 0, 74, 30, 0, 0, 0, 0, 8, 0, 0]
02:35:12 [总线][调试] → #254 SYNC_READ ff ff fe 14 82 38 0f c8 14 15 16 17 18 1e 1f 20 21 22 0a 0b 0c 0d 0e 12
02:35:12 [总线][调试] ← #200 状态0x00 ff ff c8 11 00 d0 00 8b ff 1a 00 00 00 00 00 0a 2f 63 00 00 16  数据 [208, 0, 139, 255, 26, 0, 0, 0, 0, 0, 10, 47, 99, 0, 0]
02:35:12 [总线][调试] ← #20 状态0x00 ff ff 14 11 00 00 08 00 00 00 00 4a 1e 00 00 00 00 08 00 00 62  数据 [0, 8, 0, 0, 0, 0, 74, 30, 0, 0, 0, 0, 8, 0, 0]
02:35:12 [总线][调试] ← #21 状态0x00 ff ff 15 11 00 00 08 00 00 00 00 4a 1e 00 00 00 00 08 00 00 61  数据 [0, 8, 0, 0, 0, 0, 74, 30, 0, 0, 0, 0, 8, 0, 0]
02:35:12 [总线][调试] ← #22 状态0x00 ff ff 16 11 00 00 08 00 00 00 00 4a 1e 00 00 00 00 08 00 00 60  数据 [0, 8, 0, 0, 0, 0, 74, 30, 0, 0, 0, 0, 8, 0, 0]
02:35:12 [总线][调试] ← #23 状态0x00 ff ff 17 11 00 00 08 00 00 00 00 4a 1e 00 00 00 00 08 00 00 5f  数据 [0, 8, 0, 0, 0, 0, 74, 30, 0, 0, 0, 0, 8, 0, 0]
02:35:12 [总线][调试] ← #24 状态0x00 ff ff 18 11 00 00 08 00 00 00 00 4a 1e 00 00 00 00 08 00 00 5e  数据 [0, 8, 0, 0, 0, 0, 74, 30, 0, 0, 0, 0, 8, 0, 0]
02:35:12 [总线][调试] ← #30 状态0x00 ff ff 1e 11 00 00 08 00 00 00 00 4a 1e 00 00 00 00 08 00 00 58  数据 [0, 8, 0, 0, 0, 0, 74, 30, 0, 0, 0, 0, 8, 0, 0]
02:35:12 [总线][调试] ← #31 状态0x00 ff ff 1f 11 00 00 08 00 00 00 00 4a 1e 00 00 00 00 08 00 00 57  数据 [0, 8, 0, 0, 0, 0, 74, 30, 0, 0, 0, 0, 8, 0, 0]
02:35:12 [总线][调试] ← #32 状态0x00 ff ff 20 11 00 00 08 00 00 00 00 4a 1e 00 00 00 00 08 00 00 56  数据 [0, 8, 0, 0, 0, 0, 74, 30, 0, 0, 0, 0, 8, 0, 0]
02:35:12 [总线][调试] ← #33 状态0x00 ff ff 21 11 00 00 08 00 00 00 00 4a 1e 00 00 00 00 08 00 00 55  数据 [0, 8, 0, 0, 0, 0, 74, 30, 0, 0, 0, 0, 8, 0, 0]
02:35:12 [总线][调试] ← #34 状态0x00 ff ff 22 11 00 00 08 00 00 00 00 4a 1e 00 00 00 00 08 00 00 54  数据 [0, 8, 0, 0, 0, 0, 74, 30, 0, 0, 0, 0, 8, 0, 0]
02:35:12 [总线][调试] ← #10 状态0x00 ff ff 0a 11 00 00 08 00 00 00 00 4a 1e 00 00 00 00 08 00 00 6c  数据 [0, 8, 0, 0, 0, 0, 74, 30, 0, 0, 0, 0, 8, 0, 0]
02:35:12 [总线][调试] ← #11 状态0x00 ff ff 0b 11 00 00 08 00 00 00 00 4a 1e 00 00 00 00 08 00 00 6b  数据 [0, 8, 0, 0, 0, 0, 74, 30, 0, 0, 0, 0, 8, 0, 0]
02:35:12 [总线][调试] ← #12 状态0x00 ff ff 0c 11 00 00 08 00 00 00 00 4a 1e 00 00 00 00 08 00 00 6a  数据 [0, 8, 0, 0, 0, 0, 74, 30, 0, 0, 0, 0, 8, 0, 0]
02:35:12 [总线][调试] ← #13 状态0x00 ff ff 0d 11 00 00 08 00 00 00 00 4a 1e 00 00 00 00 08 00 00 69  数据 [0, 8, 0, 0, 0, 0, 74, 30, 0, 0, 0, 0, 8, 0, 0]
02:35:12 [总线][调试] ← #14 状态0x00 ff ff 0e 11 00 00 08 00 00 00 00 4a 1e 00 00 00 00 08 00 00 68  数据 [0, 8, 0, 0, 0, 0, 74, 30, 0, 0, 0, 0, 8, 0, 0]
02:35:12 [总线][调试] → #254 SYNC_READ ff ff fe 14 82 38 0f c8 14 15 16 17 18 1e 1f 20 21 22 0a 0b 0c 0d 0e 12
02:35:12 [总线][调试] ← #200 状态0x00 ff ff c8 11 00 d5 00 8e ff 1d 00 00 00 00 00 25 2f 65 00 00 ee  数据 [213, 0, 142, 255, 29, 0, 0, 0, 0, 0, 37, 47, 101, 0, 0]
02:35:12 [总线][调试] ← #20 状态0x00 ff ff 14 11 00 00 08 00 00 00 00 4a 1e 00 00 00 00 08 00 00 62  数据 [0, 8, 0, 0, 0, 0, 74, 30, 0, 0, 0, 0, 8, 0, 0]
02:35:12 [总线][调试] ← #21 状态0x00 ff ff 15 11 00 00 08 00 00 00 00 4a 1e 00 00 00 00 08 00 00 61  数据 [0, 8, 0, 0, 0, 0, 74, 30, 0, 0, 0, 0, 8, 0, 0]
02:35:12 [总线][调试] ← #22 状态0x00 ff ff 16 11 00 00 08 00 00 00 00 4a 1e 00 00 00 00 08 00 00 60  数据 [0, 8, 0, 0, 0, 0, 74, 30, 0, 0, 0, 0, 8, 0, 0]
02:35:12 [总线][调试] ← #23 状态0x00 ff ff 17 11 00 00 08 00 00 00 00 4a 1e 00 00 00 00 08 00 00 5f  数据 [0, 8, 0, 0, 0, 0, 74, 30, 0, 0, 0, 0, 8, 0, 0]
02:35:12 [总线][调试] ← #24 状态0x00 ff ff 18 11 00 00 08 00 00 00 00 4a 1e 00 00 00 00 08 00 00 5e  数据 [0, 8, 0, 0, 0, 0, 74, 30, 0, 0, 0, 0, 8, 0, 0]
02:35:12 [总线][调试] ← #30 状态0x00 ff ff 1e 11 00 00 08 00 00 00 00 4a 1e 00 00 00 00 08 00 00 58  数据 [0, 8, 0, 0, 0, 0, 74, 30, 0, 0, 0, 0, 8, 0, 0]
02:35:12 [总线][调试] ← #31 状态0x00 ff ff 1f 11 00 00 08 00 00 00 00 4a 1e 00 00 00 00 08 00 00 57  数据 [0, 8, 0, 0, 0, 0, 74, 30, 0, 0, 0, 0, 8, 0, 0]
02:35:12 [总线][调试] ← #32 状态0x00 ff ff 20 11 00 00 08 00 00 00 00 4a 1e 00 00 00 00 08 00 00 56  数据 [0, 8, 0, 0, 0, 0, 74, 30, 0, 0, 0, 0, 8, 0, 0]
02:35:12 [总线][调试] ← #33 状态0x00 ff ff 21 11 00 00 08 00 00 00 00 4a 1e 00 00 00 00 08 00 00 55  数据 [0, 8, 0, 0, 0, 0, 74, 30, 0, 0, 0, 0, 8, 0, 0]
02:35:12 [总线][调试] ← #34 状态0x00 ff ff 22 11 00 00 08 00 00 00 00 4a 1e 00 00 00 00 08 00 00 54  数据 [0, 8, 0, 0, 0, 0, 74, 30, 0, 0, 0, 0, 8, 0, 0]
02:35:12 [总线][调试] ← #10 状态0x00 ff ff 0a 11 00 00 08 00 00 00 00 4a 1e 00 00 00 00 08 00 00 6c  数据 [0, 8, 0, 0, 0, 0, 74, 30, 0, 0, 0, 0, 8, 0, 0]
02:35:12 [总线][调试] ← #11 状态0x00 ff ff 0b 11 00 00 08 00 00 00 00 4a 1e 00 00 00 00 08 00 00 6b  数据 [0, 8, 0, 0, 0, 0, 74, 30, 0, 0, 0, 0, 8, 0, 0]
02:35:12 [总线][调试] ← #12 状态0x00 ff ff 0c 11 00 00 08 00 00 00 00 4a 1e 00 00 00 00 08 00 00 6a  数据 [0, 8, 0, 0, 0, 0, 74, 30, 0, 0, 0, 0, 8, 0, 0]
02:35:12 [总线][调试] ← #13 状态0x00 ff ff 0d 11 00 00 08 00 00 00 00 4a 1e 00 00 00 00 08 00 00 69  数据 [0, 8, 0, 0, 0, 0, 74, 30, 0, 0, 0, 0, 8, 0, 0]
02:35:12 [总线][调试] ← #14 状态0x00 ff ff 0e 11 00 00 08 00 00 00 00 4a 1e 00 00 00 00 08 00 00 68  数据 [0, 8, 0, 0, 0, 0, 74, 30, 0, 0, 0, 0, 8, 0, 0]
02:35:12 [总线][调试] → #254 SYNC_READ ff ff fe 14 82 38 0f c8 14 15 16 17 18 1e 1f 20 21 22 0a 0b 0c 0d 0e 12
02:35:12 [总线][调试] ← #200 状态0x00 ff ff c8 11 00 dd 00 91 ff 20 00 00 00 00 00 4d 2f 68 00 00 b5  数据 [221, 0, 145, 255, 32, 0, 0, 0, 0, 0, 77, 47, 104, 0, 0]
02:35:12 [总线][调试] ← #20 状态0x00 ff ff 14 11 00 00 08 00 00 00 00 4a 1e 00 00 00 00 08 00 00 62  数据 [0, 8, 0, 0, 0, 0, 74, 30, 0, 0, 0, 0, 8, 0, 0]
02:35:12 [总线][调试] ← #21 状态0x00 ff ff 15 11 00 00 08 00 00 00 00 4a 1e 00 00 00 00 08 00 00 61  数据 [0, 8, 0, 0, 0, 0, 74, 30, 0, 0, 0, 0, 8, 0, 0]
02:35:12 [总线][调试] ← #22 状态0x00 ff ff 16 11 00 00 08 00 00 00 00 4a 1e 00 00 00 00 08 00 00 60  数据 [0, 8, 0, 0, 0, 0, 74, 30, 0, 0, 0, 0, 8, 0, 0]
02:35:12 [总线][调试] ← #23 状态0x00 ff ff 17 11 00 00 08 00 00 00 00 4a 1e 00 00 00 00 08 00 00 5f  数据 [0, 8, 0, 0, 0, 0, 74, 30, 0, 0, 0, 0, 8, 0, 0]
02:35:12 [总线][调试] ← #24 状态0x00 ff ff 18 11 00 00 08 00 00 00 00 4a 1e 00 00 00 00 08 00 00 5e  数据 [0, 8, 0, 0, 0, 0, 74, 30, 0, 0, 0, 0, 8, 0, 0]
02:35:12 [总线][调试] ← #30 状态0x00 ff ff 1e 11 00 00 08 00 00 00 00 4a 1e 00 00 00 00 08 00 00 58  数据 [0, 8, 0, 0, 0, 0, 74, 30, 0, 0, 0, 0, 8, 0, 0]
02:35:12 [总线][调试] ← #31 状态0x00 ff ff 1f 11 00 00 08 00 00 00 00 4a 1e 00 00 00 00 08 00 00 57  数据 [0, 8, 0, 0, 0, 0, 74, 30, 0, 0, 0, 0, 8, 0, 0]
02:35:12 [总线][调试] ← #32 状态0x00 ff ff 20 11 00 00 08 00 00 00 00 4a 1e 00 00 00 00 08 00 00 56  数据 [0, 8, 0, 0, 0, 0, 74, 30, 0, 0, 0, 0, 8, 0, 0]
02:35:12 [总线][调试] ← #33 状态0x00 ff ff 21 11 00 00 08 00 00 00 00 4a 1e 00 00 00 00 08 00 00 55  数据 [0, 8, 0, 0, 0, 0, 74, 30, 0, 0, 0, 0, 8, 0, 0]
02:35:12 [总线][调试] ← #34 状态0x00 ff ff 22 11 00 00 08 00 00 00 00 4a 1e 00 00 00 00 08 00 00 54  数据 [0, 8, 0, 0, 0, 0, 74, 30, 0, 0, 0, 0, 8, 0, 0]
02:35:12 [总线][调试] ← #10 状态0x00 ff ff 0a 11 00 00 08 00 00 00 00 4a 1e 00 00 00 00 08 00 00 6c  数据 [0, 8, 0, 0, 0, 0, 74, 30, 0, 0, 0, 0, 8, 0, 0]
02:35:12 [总线][调试] ← #11 状态0x00 ff ff 0b 11 00 00 08 00 00 00 00 4a 1e 00 00 00 00 08 00 00 6b  数据 [0, 8, 0, 0, 0, 0, 74, 30, 0, 0, 0, 0, 8, 0, 0]
02:35:12 [总线][调试] ← #12 状态0x00 ff ff 0c 11 00 00 08 00 00 00 00 4a 1e 00 00 00 00 08 00 00 6a  数据 [0, 8, 0, 0, 0, 0, 74, 30, 0, 0, 0, 0, 8, 0, 0]
02:35:12 [总线][调试] ← #13 状态0x00 ff ff 0d 11 00 00 08 00 00 00 00 4a 1e 00 00 00 00 08 00 00 69  数据 [0, 8, 0, 0, 0, 0, 74, 30, 0, 0, 0, 0, 8, 0, 0]
02:35:12 [总线][调试] ← #14 状态0x00 ff ff 0e 11 00 00 08 00 00 00 00 4a 1e 00 00 00 00 08 00 00 68  数据 [0, 8, 0, 0, 0, 0, 74, 30, 0, 0, 0, 0, 8, 0, 0]
02:35:12 [总线][调试] → #254 SYNC_READ ff ff fe 14 82 38 0f c8 14 15 16 17 18 1e 1f 20 21 22 0a 0b 0c 0d 0e 12
02:35:12 [总线][调试] ← #200 状态0x00 ff ff c8 11 00 db 00 8b ff 1a 00 00 00 00 00 67 2f 6a 00 00 a7  数据 [219, 0, 139, 255, 26, 0, 0, 0, 0, 0, 103, 47, 106, 0, 0]
02:35:12 [总线][调试] ← #20 状态0x00 ff ff 14 11 00 00 08 00 00 00 00 4a 1e 00 00 00 00 08 00 00 62  数据 [0, 8, 0, 0, 0, 0, 74, 30, 0, 0, 0, 0, 8, 0, 0]
02:35:12 [总线][调试] ← #21 状态0x00 ff ff 15 11 00 00 08 00 00 00 00 4a 1e 00 00 00 00 08 00 00 61  数据 [0, 8, 0, 0, 0, 0, 74, 30, 0, 0, 0, 0, 8, 0, 0]
02:35:12 [总线][调试] ← #22 状态0x00 ff ff 16 11 00 00 08 00 00 00 00 4a 1e 00 00 00 00 08 00 00 60  数据 [0, 8, 0, 0, 0, 0, 74, 30, 0, 0, 0, 0, 8, 0, 0]
02:35:12 [总线][调试] ← #23 状态0x00 ff ff 17 11 00 00 08 00 00 00 00 4a 1e 00 00 00 00 08 00 00 5f  数据 [0, 8, 0, 0, 0, 0, 74, 30, 0, 0, 0, 0, 8, 0, 0]
02:35:12 [总线][调试] ← #24 状态0x00 ff ff 18 11 00 00 08 00 00 00 00 4a 1e 00 00 00 00 08 00 00 5e  数据 [0, 8, 0, 0, 0, 0, 74, 30, 0, 0, 0, 0, 8, 0, 0]
02:35:12 [总线][调试] ← #30 状态0x00 ff ff 1e 11 00 00 08 00 00 00 00 4a 1e 00 00 00 00 08 00 00 58  数据 [0, 8, 0, 0, 0, 0, 74, 30, 0, 0, 0, 0, 8, 0, 0]
02:35:12 [总线][调试] ← #31 状态0x00 ff ff 1f 11 00 00 08 00 00 00 00 4a 1e 00 00 00 00 08 00 00 57  数据 [0, 8, 0, 0, 0, 0, 74, 30, 0, 0, 0, 0, 8, 0, 0]
02:35:12 [总线][调试] ← #32 状态0x00 ff ff 20 11 00 00 08 00 00 00 00 4a 1e 00 00 00 00 08 00 00 56  数据 [0, 8, 0, 0, 0, 0, 74, 30, 0, 0, 0, 0, 8, 0, 0]
02:35:12 [总线][调试] ← #33 状态0x00 ff ff 21 11 00 00 08 00 00 00 00 4a 1e 00 00 00 00 08 00 00 55  数据 [0, 8, 0, 0, 0, 0, 74, 30, 0, 0, 0, 0, 8, 0, 0]
02:35:12 [总线][调试] ← #34 状态0x00 ff ff 22 11 00 00 08 00 00 00 00 4a 1e 00 00 00 00 08 00 00 54  数据 [0, 8, 0, 0, 0, 0, 74, 30, 0, 0, 0, 0, 8, 0, 0]
02:35:12 [总线][调试] ← #10 状态0x00 ff ff 0a 11 00 00 08 00 00 00 00 4a 1e 00 00 00 00 08 00 00 6c  数据 [0, 8, 0, 0, 0, 0, 74, 30, 0, 0, 0, 0, 8, 0, 0]
02:35:12 [总线][调试] ← #11 状态0x00 ff ff 0b 11 00 00 08 00 00 00 00 4a 1e 00 00 00 00 08 00 00 6b  数据 [0, 8, 0, 0, 0, 0, 74, 30, 0, 0, 0, 0, 8, 0, 0]
02:35:12 [总线][调试] ← #12 状态0x00 ff ff 0c 11 00 00 08 00 00 00 00 4a 1e 00 00 00 00 08 00 00 6a  数据 [0, 8, 0, 0, 0, 0, 74, 30, 0, 0, 0, 0, 8, 0, 0]
02:35:12 [总线][调试] ← #13 状态0x00 ff ff 0d 11 00 00 08 00 00 00 00 4a 1e 00 00 00 00 08 00 00 69  数据 [0, 8, 0, 0, 0, 0, 74, 30, 0, 0, 0, 0, 8, 0, 0]
02:35:12 [总线][调试] ← #14 状态0x00 ff ff 0e 11 00 00 08 00 00 00 00 4a 1e 00 00 00 00 08 00 00 68  数据 [0, 8, 0, 0, 0, 0, 74, 30, 0, 0, 0, 0, 8, 0, 0]
02:35:12 [总线][调试] → #254 SYNC_READ ff ff fe 14 82 38 0f c8 14 15 16 17 18 1e 1f 20 21 22 0a 0b 0c 0d 0e 12
02:35:12 [总线][调试] ← #200 状态0x00 ff ff c8 11 00 e2 00 8f ff 1e 00 00 00 00 00 8d 2f 6d 00 00 6f  数据 [226, 0, 143, 255, 30, 0, 0, 0, 0, 0, 141, 47, 109, 0, 0]
02:35:12 [总线][调试] ← #20 状态0x00 ff ff 14 11 00 00 08 00 00 00 00 4a 1e 00 00 00 00 08 00 00 62  数据 [0, 8, 0, 0, 0, 0, 74, 30, 0, 0, 0, 0, 8, 0, 0]
02:35:12 [总线][调试] ← #21 状态0x00 ff ff 15 11 00 00 08 00 00 00 00 4a 1e 00 00 00 00 08 00 00 61  数据 [0, 8, 0, 0, 0, 0, 74, 30, 0, 0, 0, 0, 8, 0, 0]
02:35:12 [总线][调试] ← #22 状态0x00 ff ff 16 11 00 00 08 00 00 00 00 4a 1e 00 00 00 00 08 00 00 60  数据 [0, 8, 0, 0, 0, 0, 74, 30, 0, 0, 0, 0, 8, 0, 0]
02:35:12 [总线][调试] ← #23 状态0x00 ff ff 17 11 00 00 08 00 00 00 00 4a 1e 00 00 00 00 08 00 00 5f  数据 [0, 8, 0, 0, 0, 0, 74, 30, 0, 0, 0, 0, 8, 0, 0]
02:35:12 [总线][调试] ← #24 状态0x00 ff ff 18 11 00 00 08 00 00 00 00 4a 1e 00 00 00 00 08 00 00 5e  数据 [0, 8, 0, 0, 0, 0, 74, 30, 0, 0, 0, 0, 8, 0, 0]
02:35:12 [总线][调试] ← #30 状态0x00 ff ff 1e 11 00 00 08 00 00 00 00 4a 1e 00 00 00 00 08 00 00 58  数据 [0, 8, 0, 0, 0, 0, 74, 30, 0, 0, 0, 0, 8, 0, 0]
02:35:12 [总线][调试] ← #31 状态0x00 ff ff 1f 11 00 00 08 00 00 00 00 4a 1e 00 00 00 00 08 00 00 57  数据 [0, 8, 0, 0, 0, 0, 74, 30, 0, 0, 0, 0, 8, 0, 0]
02:35:12 [总线][调试] ← #32 状态0x00 ff ff 20 11 00 00 08 00 00 00 00 4a 1e 00 00 00 00 08 00 00 56  数据 [0, 8, 0, 0, 0, 0, 74, 30, 0, 0, 0, 0, 8, 0, 0]
02:35:12 [总线][调试] ← #33 状态0x00 ff ff 21 11 00 00 08 00 00 00 00 4a 1e 00 00 00 00 08 00 00 55  数据 [0, 8, 0, 0, 0, 0, 74, 30, 0, 0, 0, 0, 8, 0, 0]
02:35:12 [总线][调试] ← #34 状态0x00 ff ff 22 11 00 00 08 00 00 00 00 4a 1e 00 00 00 00 08 00 00 54  数据 [0, 8, 0, 0, 0, 0, 74, 30, 0, 0, 0, 0, 8, 0, 0]
02:35:12 [总线][调试] ← #10 状态0x00 ff ff 0a 11 00 00 08 00 00 00 00 4a 1e 00 00 00 00 08 00 00 6c  数据 [0, 8, 0, 0, 0, 0, 74, 30, 0, 0, 0, 0, 8, 0, 0]
02:35:12 [总线][调试] ← #11 状态0x00 ff ff 0b 11 00 00 08 00 00 00 00 4a 1e 00 00 00 00 08 00 00 6b  数据 [0, 8, 0, 0, 0, 0, 74, 30, 0, 0, 0, 0, 8, 0, 0]
02:35:12 [总线][调试] ← #12 状态0x00 ff ff 0c 11 00 00 08 00 00 00 00 4a 1e 00 00 00 00 08 00 00 6a  数据 [0, 8, 0, 0, 0, 0, 74, 30, 0, 0, 0, 0, 8, 0, 0]
02:35:12 [总线][调试] ← #13 状态0x00 ff ff 0d 11 00 00 08 00 00 00 00 4a 1e 00 00 00 00 08 00 00 69  数据 [0, 8, 0, 0, 0, 0, 74, 30, 0, 0, 0, 0, 8, 0, 0]
02:35:12 [总线][调试] ← #14 状态0x00 ff ff 0e 11 00 00 08 00 00 00 00 4a 1e 00 00 00 00 08 00 00 68  数据 [0, 8, 0, 0, 0, 0, 74, 30, 0, 0, 0, 0, 8, 0, 0]
02:35:12 [总线][调试] → #254 SYNC_READ ff ff fe 14 82 38 0f c8 14 15 16 17 18 1e 1f 20 21 22 0a 0b 0c 0d 0e 12
02:35:12 [总线][调试] ← #200 状态0x00 ff ff c8 11 00 e8 00 91 ff 20 00 00 00 00 00 a6 2f 6f 00 00 4a  数据 [232, 0, 145, 255, 32, 0, 0, 0, 0, 0, 166, 47, 111, 0, 0]
02:35:12 [总线][调试] ← #20 状态0x00 ff ff 14 11 00 00 08 00 00 00 00 4a 1e 00 00 00 00 08 00 00 62  数据 [0, 8, 0, 0, 0, 0, 74, 30, 0, 0, 0, 0, 8, 0, 0]
02:35:12 [总线][调试] ← #21 状态0x00 ff ff 15 11 00 00 08 00 00 00 00 4a 1e 00 00 00 00 08 00 00 61  数据 [0, 8, 0, 0, 0, 0, 74, 30, 0, 0, 0, 0, 8, 0, 0]
02:35:12 [总线][调试] ← #22 状态0x00 ff ff 16 11 00 00 08 00 00 00 00 4a 1e 00 00 00 00 08 00 00 60  数据 [0, 8, 0, 0, 0, 0, 74, 30, 0, 0, 0, 0, 8, 0, 0]
02:35:12 [总线][调试] ← #23 状态0x00 ff ff 17 11 00 00 08 00 00 00 00 4a 1e 00 00 00 00 08 00 00 5f  数据 [0, 8, 0, 0, 0, 0, 74, 30, 0, 0, 0, 0, 8, 0, 0]
02:35:12 [总线][调试] ← #24 状态0x00 ff ff 18 11 00 00 08 00 00 00 00 4a 1e 00 00 00 00 08 00 00 5e  数据 [0, 8, 0, 0, 0, 0, 74, 30, 0, 0, 0, 0, 8, 0, 0]
02:35:12 [总线][调试] ← #30 状态0x00 ff ff 1e 11 00 00 08 00 00 00 00 4a 1e 00 00 00 00 08 00 00 58  数据 [0, 8, 0, 0, 0, 0, 74, 30, 0, 0, 0, 0, 8, 0, 0]
02:35:12 [总线][调试] ← #31 状态0x00 ff ff 1f 11 00 00 08 00 00 00 00 4a 1e 00 00 00 00 08 00 00 57  数据 [0, 8, 0, 0, 0, 0, 74, 30, 0, 0, 0, 0, 8, 0, 0]
02:35:12 [总线][调试] ← #32 状态0x00 ff ff 20 11 00 00 08 00 00 00 00 4a 1e 00 00 00 00 08 00 00 56  数据 [0, 8, 0, 0, 0, 0, 74, 30, 0, 0, 0, 0, 8, 0, 0]
02:35:12 [总线][调试] ← #33 状态0x00 ff ff 21 11 00 00 08 00 00 00 00 4a 1e 00 00 00 00 08 00 00 55  数据 [0, 8, 0, 0, 0, 0, 74, 30, 0, 0, 0, 0, 8, 0, 0]
02:35:12 [总线][调试] ← #34 状态0x00 ff ff 22 11 00 00 08 00 00 00 00 4a 1e 00 00 00 00 08 00 00 54  数据 [0, 8, 0, 0, 0, 0, 74, 30, 0, 0, 0, 0, 8, 0, 0]
02:35:12 [总线][调试] ← #10 状态0x00 ff ff 0a 11 00 00 08 00 00 00 00 4a 1e 00 00 00 00 08 00 00 6c  数据 [0, 8, 0, 0, 0, 0, 74, 30, 0, 0, 0, 0, 8, 0, 0]
02:35:12 [总线][调试] ← #11 状态0x00 ff ff 0b 11 00 00 08 00 00 00 00 4a 1e 00 00 00 00 08 00 00 6b  数据 [0, 8, 0, 0, 0, 0, 74, 30, 0, 0, 0, 0, 8, 0, 0]
02:35:12 [总线][调试] ← #12 状态0x00 ff ff 0c 11 00 00 08 00 00 00 00 4a 1e 00 00 00 00 08 00 00 6a  数据 [0, 8, 0, 0, 0, 0, 74, 30, 0, 0, 0, 0, 8, 0, 0]
02:35:12 [总线][调试] ← #13 状态0x00 ff ff 0d 11 00 00 08 00 00 00 00 4a 1e 00 00 00 00 08 00 00 69  数据 [0, 8, 0, 0, 0, 0, 74, 30, 0, 0, 0, 0, 8, 0, 0]
02:35:12 [总线][调试] ← #14 状态0x00 ff ff 0e 11 00 00 08 00 00 00 00 4a 1e 00 00 00 00 08 00 00 68  数据 [0, 8, 0, 0, 0, 0, 74, 30, 0, 0, 0, 0, 8, 0, 0]
02:35:12 [总线][调试] → #254 SYNC_READ ff ff fe 14 82 38 0f c8 14 15 16 17 18 1e 1f 20 21 22 0a 0b 0c 0d 0e 12
02:35:12 [总线][调试] ← #200 状态0x00 ff ff c8 11 00 e7 00 8d ff 1b 00 00 00 00 00 ca 2f 72 00 00 2d  数据 [231, 0, 141, 255, 27, 0, 0, 0, 0, 0, 202, 47, 114, 0, 0]
02:35:12 [总线][调试] ← #20 状态0x00 ff ff 14 11 00 00 08 00 00 00 00 4a 1e 00 00 00 00 08 00 00 62  数据 [0, 8, 0, 0, 0, 0, 74, 30, 0, 0, 0, 0, 8, 0, 0]
02:35:12 [总线][调试] ← #21 状态0x00 ff ff 15 11 00 00 08 00 00 00 00 4a 1e 00 00 00 00 08 00 00 61  数据 [0, 8, 0, 0, 0, 0, 74, 30, 0, 0, 0, 0, 8, 0, 0]
02:35:12 [总线][调试] ← #22 状态0x00 ff ff 16 11 00 00 08 00 00 00 00 4a 1e 00 00 00 00 08 00 00 60  数据 [0, 8, 0, 0, 0, 0, 74, 30, 0, 0, 0, 0, 8, 0, 0]
02:35:12 [总线][调试] ← #23 状态0x00 ff ff 17 11 00 00 08 00 00 00 00 4a 1e 00 00 00 00 08 00 00 5f  数据 [0, 8, 0, 0, 0, 0, 74, 30, 0, 0, 0, 0, 8, 0, 0]
02:35:12 [总线][调试] ← #24 状态0x00 ff ff 18 11 00 00 08 00 00 00 00 4a 1e 00 00 00 00 08 00 00 5e  数据 [0, 8, 0, 0, 0, 0, 74, 30, 0, 0, 0, 0, 8, 0, 0]
02:35:12 [总线][调试] ← #30 状态0x00 ff ff 1e 11 00 00 08 00 00 00 00 4a 1e 00 00 00 00 08 00 00 58  数据 [0, 8, 0, 0, 0, 0, 74, 30, 0, 0, 0, 0, 8, 0, 0]
02:35:12 [总线][调试] ← #31 状态0x00 ff ff 1f 11 00 00 08 00 00 00 00 4a 1e 00 00 00 00 08 00 00 57  数据 [0, 8, 0, 0, 0, 0, 74, 30, 0, 0, 0, 0, 8, 0, 0]
02:35:12 [总线][调试] ← #32 状态0x00 ff ff 20 11 00 00 08 00 00 00 00 4a 1e 00 00 00 00 08 00 00 56  数据 [0, 8, 0, 0, 0, 0, 74, 30, 0, 0, 0, 0, 8, 0, 0]
02:35:12 [总线][调试] ← #33 状态0x00 ff ff 21 11 00 00 08 00 00 00 00 4a 1e 00 00 00 00 08 00 00 55  数据 [0, 8, 0, 0, 0, 0, 74, 30, 0, 0, 0, 0, 8, 0, 0]
02:35:12 [总线][调试] ← #34 状态0x00 ff ff 22 11 00 00 08 00 00 00 00 4a 1e 00 00 00 00 08 00 00 54  数据 [0, 8, 0, 0, 0, 0, 74, 30, 0, 0, 0, 0, 8, 0, 0]
02:35:12 [总线][调试] ← #10 状态0x00 ff ff 0a 11 00 00 08 00 00 00 00 4a 1e 00 00 00 00 08 00 00 6c  数据 [0, 8, 0, 0, 0, 0, 74, 30, 0, 0, 0, 0, 8, 0, 0]
02:35:12 [总线][调试] ← #11 状态0x00 ff ff 0b 11 00 00 08 00 00 00 00 4a 1e 00 00 00 00 08 00 00 6b  数据 [0, 8, 0, 0, 0, 0, 74, 30, 0, 0, 0, 0, 8, 0, 0]
02:35:12 [总线][调试] ← #12 状态0x00 ff ff 0c 11 00 00 08 00 00 00 00 4a 1e 00 00 00 00 08 00 00 6a  数据 [0, 8, 0, 0, 0, 0, 74, 30, 0, 0, 0, 0, 8, 0, 0]
02:35:12 [总线][调试] ← #13 状态0x00 ff ff 0d 11 00 00 08 00 00 00 00 4a 1e 00 00 00 00 08 00 00 69  数据 [0, 8, 0, 0, 0, 0, 74, 30, 0, 0, 0, 0, 8, 0, 0]
02:35:12 [总线][调试] ← #14 状态0x00 ff ff 0e 11 00 00 08 00 00 00 00 4a 1e 00 00 00 00 08 00 00 68  数据 [0, 8, 0, 0, 0, 0, 74, 30, 0, 0, 0, 0, 8, 0, 0]
02:35:12 [总线][调试] → #254 SYNC_READ ff ff fe 14 82 38 0f c8 14 15 16 17 18 1e 1f 20 21 22 0a 0b 0c 0d 0e 12
02:35:12 [总线][调试] ← #200 状态0x00 ff ff c8 11 00 ec 00 8f ff 1e 00 00 00 00 00 e1 2f 74 00 00 0a  数据 [236, 0, 143, 255, 30, 0, 0, 0, 0, 0, 225, 47, 116, 0, 0]
02:35:12 [总线][调试] ← #20 状态0x00 ff ff 14 11 00 00 08 00 00 00 00 4a 1e 00 00 00 00 08 00 00 62  数据 [0, 8, 0, 0, 0, 0, 74, 30, 0, 0, 0, 0, 8, 0, 0]
02:35:12 [总线][调试] ← #21 状态0x00 ff ff 15 11 00 00 08 00 00 00 00 4a 1e 00 00 00 00 08 00 00 61  数据 [0, 8, 0, 0, 0, 0, 74, 30, 0, 0, 0, 0, 8, 0, 0]
02:35:12 [总线][调试] ← #22 状态0x00 ff ff 16 11 00 00 08 00 00 00 00 4a 1e 00 00 00 00 08 00 00 60  数据 [0, 8, 0, 0, 0, 0, 74, 30, 0, 0, 0, 0, 8, 0, 0]
02:35:12 [总线][调试] ← #23 状态0x00 ff ff 17 11 00 00 08 00 00 00 00 4a 1e 00 00 00 00 08 00 00 5f  数据 [0, 8, 0, 0, 0, 0, 74, 30, 0, 0, 0, 0, 8, 0, 0]
02:35:12 [总线][调试] ← #24 状态0x00 ff ff 18 11 00 00 08 00 00 00 00 4a 1e 00 00 00 00 08 00 00 5e  数据 [0, 8, 0, 0, 0, 0, 74, 30, 0, 0, 0, 0, 8, 0, 0]
02:35:12 [总线][调试] ← #30 状态0x00 ff ff 1e 11 00 00 08 00 00 00 00 4a 1e 00 00 00 00 08 00 00 58  数据 [0, 8, 0, 0, 0, 0, 74, 30, 0, 0, 0, 0, 8, 0, 0]
02:35:12 [总线][调试] ← #31 状态0x00 ff ff 1f 11 00 00 08 00 00 00 00 4a 1e 00 00 00 00 08 00 00 57  数据 [0, 8, 0, 0, 0, 0, 74, 30, 0, 0, 0, 0, 8, 0, 0]
02:35:12 [总线][调试] ← #32 状态0x00 ff ff 20 11 00 00 08 00 00 00 00 4a 1e 00 00 00 00 08 00 00 56  数据 [0, 8, 0, 0, 0, 0, 74, 30, 0, 0, 0, 0, 8, 0, 0]
02:35:12 [总线][调试] ← #33 状态0x00 ff ff 21 11 00 00 08 00 00 00 00 4a 1e 00 00 00 00 08 00 00 55  数据 [0, 8, 0, 0, 0, 0, 74, 30, 0, 0, 0, 0, 8, 0, 0]
02:35:12 [总线][调试] ← #34 状态0x00 ff ff 22 11 00 00 08 00 00 00 00 4a 1e 00 00 00 00 08 00 00 54  数据 [0, 8, 0, 0, 0, 0, 74, 30, 0, 0, 0, 0, 8, 0, 0]
02:35:12 [总线][调试] ← #10 状态0x00 ff ff 0a 11 00 00 08 00 00 00 00 4a 1e 00 00 00 00 08 00 00 6c  数据 [0, 8, 0, 0, 0, 0, 74, 30, 0, 0, 0, 0, 8, 0, 0]
02:35:12 [总线][调试] ← #11 状态0x00 ff ff 0b 11 00 00 08 00 00 00 00 4a 1e 00 00 00 00 08 00 00 6b  数据 [0, 8, 0, 0, 0, 0, 74, 30, 0, 0, 0, 0, 8, 0, 0]
02:35:12 [总线][调试] ← #12 状态0x00 ff ff 0c 11 00 00 08 00 00 00 00 4a 1e 00 00 00 00 08 00 00 6a  数据 [0, 8, 0, 0, 0, 0, 74, 30, 0, 0, 0, 0, 8, 0, 0]
02:35:12 [总线][调试] ← #13 状态0x00 ff ff 0d 11 00 00 08 00 00 00 00 4a 1e 00 00 00 00 08 00 00 69  数据 [0, 8, 0, 0, 0, 0, 74, 30, 0, 0, 0, 0, 8, 0, 0]
02:35:12 [总线][调试] ← #14 状态0x00 ff ff 0e 11 00 00 08 00 00 00 00 4a 1e 00 00 00 00 08 00 00 68  数据 [0, 8, 0, 0, 0, 0, 74, 30, 0, 0, 0, 0, 8, 0, 0]
02:35:12 [总线][调试] → #254 SYNC_READ ff ff fe 14 82 38 0f c8 14 15 16 17 18 1e 1f 20 21 22 0a 0b 0c 0d 0e 12
02:35:12 [总线][调试] ← #200 状态0x00 ff ff c8 11 00 ec 00 8a ff 19 00 00 00 00 00 02 30 77 00 00 ef  数据 [236, 0, 138, 255, 25, 0, 0, 0, 0, 0, 2, 48, 119, 0, 0]
02:35:12 [总线][调试] ← #20 状态0x00 ff ff 14 11 00 00 08 00 00 00 00 4a 1e 00 00 00 00 08 00 00 62  数据 [0, 8, 0, 0, 0, 0, 74, 30, 0, 0, 0, 0, 8, 0, 0]
02:35:12 [总线][调试] ← #21 状态0x00 ff ff 15 11 00 00 08 00 00 00 00 4a 1e 00 00 00 00 08 00 00 61  数据 [0, 8, 0, 0, 0, 0, 74, 30, 0, 0, 0, 0, 8, 0, 0]
02:35:12 [总线][调试] ← #22 状态0x00 ff ff 16 11 00 00 08 00 00 00 00 4a 1e 00 00 00 00 08 00 00 60  数据 [0, 8, 0, 0, 0, 0, 74, 30, 0, 0, 0, 0, 8, 0, 0]
02:35:12 [总线][调试] ← #23 状态0x00 ff ff 17 11 00 00 08 00 00 00 00 4a 1e 00 00 00 00 08 00 00 5f  数据 [0, 8, 0, 0, 0, 0, 74, 30, 0, 0, 0, 0, 8, 0, 0]
02:35:12 [总线][调试] ← #24 状态0x00 ff ff 18 11 00 00 08 00 00 00 00 4a 1e 00 00 00 00 08 00 00 5e  数据 [0, 8, 0, 0, 0, 0, 74, 30, 0, 0, 0, 0, 8, 0, 0]
02:35:12 [总线][调试] ← #30 状态0x00 ff ff 1e 11 00 00 08 00 00 00 00 4a 1e 00 00 00 00 08 00 00 58  数据 [0, 8, 0, 0, 0, 0, 74, 30, 0, 0, 0, 0, 8, 0, 0]
02:35:12 [总线][调试] ← #31 状态0x00 ff ff 1f 11 00 00 08 00 00 00 00 4a 1e 00 00 00 00 08 00 00 57  数据 [0, 8, 0, 0, 0, 0, 74, 30, 0, 0, 0, 0, 8, 0, 0]
02:35:12 [总线][调试] ← #32 状态0x00 ff ff 20 11 00 00 08 00 00 00 00 4a 1e 00 00 00 00 08 00 00 56  数据 [0, 8, 0, 0, 0, 0, 74, 30, 0, 0, 0, 0, 8, 0, 0]
02:35:12 [总线][调试] ← #33 状态0x00 ff ff 21 11 00 00 08 00 00 00 00 4a 1e 00 00 00 00 08 00 00 55  数据 [0, 8, 0, 0, 0, 0, 74, 30, 0, 0, 0, 0, 8, 0, 0]
02:35:12 [总线][调试] ← #34 状态0x00 ff ff 22 11 00 00 08 00 00 00 00 4a 1e 00 00 00 00 08 00 00 54  数据 [0, 8, 0, 0, 0, 0, 74, 30, 0, 0, 0, 0, 8, 0, 0]
02:35:12 [总线][调试] ← #10 状态0x00 ff ff 0a 11 00 00 08 00 00 00 00 4a 1e 00 00 00 00 08 00 00 6c  数据 [0, 8, 0, 0, 0, 0, 74, 30, 0, 0, 0, 0, 8, 0, 0]
02:35:12 [总线][调试] ← #11 状态0x00 ff ff 0b 11 00 00 08 00 00 00 00 4a 1e 00 00 00 00 08 00 00 6b  数据 [0, 8, 0, 0, 0, 0, 74, 30, 0, 0, 0, 0, 8, 0, 0]
02:35:12 [总线][调试] ← #12 状态0x00 ff ff 0c 11 00 00 08 00 00 00 00 4a 1e 00 00 00 00 08 00 00 6a  数据 [0, 8, 0, 0, 0, 0, 74, 30, 0, 0, 0, 0, 8, 0, 0]
02:35:12 [总线][调试] ← #13 状态0x00 ff ff 0d 11 00 00 08 00 00 00 00 4a 1e 00 00 00 00 08 00 00 69  数据 [0, 8, 0, 0, 0, 0, 74, 30, 0, 0, 0, 0, 8, 0, 0]
02:35:12 [总线][调试] ← #14 状态0x00 ff ff 0e 11 00 00 08 00 00 00 00 4a 1e 00 00 00 00 08 00 00 68  数据 [0, 8, 0, 0, 0, 0, 74, 30, 0, 0, 0, 0, 8, 0, 0]
02:35:12 [总线][调试] → #254 SYNC_READ ff ff fe 14 82 38 0f c8 14 15 16 17 18 1e 1f 20 21 22 0a 0b 0c 0d 0e 12
02:35:12 [总线][调试] ← #200 状态0x00 ff ff c8 11 00 f1 00 8d ff 1b 00 00 00 00 00 0d 30 79 00 00 d8  数据 [241, 0, 141, 255, 27, 0, 0, 0, 0, 0, 13, 48, 121, 0, 0]
02:35:12 [总线][调试] ← #20 状态0x00 ff ff 14 11 00 00 08 00 00 00 00 4a 1e 00 00 00 00 08 00 00 62  数据 [0, 8, 0, 0, 0, 0, 74, 30, 0, 0, 0, 0, 8, 0, 0]
02:35:12 [总线][调试] ← #21 状态0x00 ff ff 15 11 00 00 08 00 00 00 00 4a 1e 00 00 00 00 08 00 00 61  数据 [0, 8, 0, 0, 0, 0, 74, 30, 0, 0, 0, 0, 8, 0, 0]
02:35:12 [总线][调试] ← #22 状态0x00 ff ff 16 11 00 00 08 00 00 00 00 4a 1e 00 00 00 00 08 00 00 60  数据 [0, 8, 0, 0, 0, 0, 74, 30, 0, 0, 0, 0, 8, 0, 0]
02:35:12 [总线][调试] ← #23 状态0x00 ff ff 17 11 00 00 08 00 00 00 00 4a 1e 00 00 00 00 08 00 00 5f  数据 [0, 8, 0, 0, 0, 0, 74, 30, 0, 0, 0, 0, 8, 0, 0]
02:35:12 [总线][调试] ← #24 状态0x00 ff ff 18 11 00 00 08 00 00 00 00 4a 1e 00 00 00 00 08 00 00 5e  数据 [0, 8, 0, 0, 0, 0, 74, 30, 0, 0, 0, 0, 8, 0, 0]
02:35:12 [总线][调试] ← #30 状态0x00 ff ff 1e 11 00 00 08 00 00 00 00 4a 1e 00 00 00 00 08 00 00 58  数据 [0, 8, 0, 0, 0, 0, 74, 30, 0, 0, 0, 0, 8, 0, 0]
02:35:12 [总线][调试] ← #31 状态0x00 ff ff 1f 11 00 00 08 00 00 00 00 4a 1e 00 00 00 00 08 00 00 57  数据 [0, 8, 0, 0, 0, 0, 74, 30, 0, 0, 0, 0, 8, 0, 0]
02:35:12 [总线][调试] ← #32 状态0x00 ff ff 20 11 00 00 08 00 00 00 00 4a 1e 00 00 00 00 08 00 00 56  数据 [0, 8, 0, 0, 0, 0, 74, 30, 0, 0, 0, 0, 8, 0, 0]
02:35:12 [总线][调试] ← #33 状态0x00 ff ff 21 11 00 00 08 00 00 00 00 4a 1e 00 00 00 00 08 00 00 55  数据 [0, 8, 0, 0, 0, 0, 74, 30, 0, 0, 0, 0, 8, 0, 0]
02:35:12 [总线][调试] ← #34 状态0x00 ff ff 22 11 00 00 08 00 00 00 00 4a 1e 00 00 00 00 08 00 00 54  数据 [0, 8, 0, 0, 0, 0, 74, 30, 0, 0, 0, 0, 8, 0, 0]
02:35:12 [总线][调试] ← #10 状态0x00 ff ff 0a 11 00 00 08 00 00 00 00 4a 1e 00 00 00 00 08 00 00 6c  数据 [0, 8, 0, 0, 0, 0, 74, 30, 0, 0, 0, 0, 8, 0, 0]
02:35:12 [总线][调试] ← #11 状态0x00 ff ff 0b 11 00 00 08 00 00 00 00 4a 1e 00 00 00 00 08 00 00 6b  数据 [0, 8, 0, 0, 0, 0, 74, 30, 0, 0, 0, 0, 8, 0, 0]
02:35:12 [总线][调试] ← #12 状态0x00 ff ff 0c 11 00 00 08 00 00 00 00 4a 1e 00 00 00 00 08 00 00 6a  数据 [0, 8, 0, 0, 0, 0, 74, 30, 0, 0, 0, 0, 8, 0, 0]
02:35:12 [总线][调试] ← #13 状态0x00 ff ff 0d 11 00 00 08 00 00 00 00 4a 1e 00 00 00 00 08 00 00 69  数据 [0, 8, 0, 0, 0, 0, 74, 30, 0, 0, 0, 0, 8, 0, 0]
02:35:12 [总线][调试] ← #14 状态0x00 ff ff 0e 11 00 00 08 00 00 00 00 4a 1e 00 00 00 00 08 00 00 68  数据 [0, 8, 0, 0, 0, 0, 74, 30, 0, 0, 0, 0, 8, 0, 0]
02:35:12 [总线][调试] → #254 SYNC_READ ff ff fe 14 82 38 0f c8 14 15 16 17 18 1e 1f 20 21 22 0a 0b 0c 0d 0e 12
02:35:12 [总线][调试] ← #200 状态0x00 ff ff c8 11 00 f8 00 90 ff 1f 00 00 00 00 00 1d 30 7c 00 00 b7  数据 [248, 0, 144, 255, 31, 0, 0, 0, 0, 0, 29, 48, 124, 0, 0]
02:35:12 [总线][调试] ← #20 状态0x00 ff ff 14 11 00 00 08 00 00 00 00 4a 1e 00 00 00 00 08 00 00 62  数据 [0, 8, 0, 0, 0, 0, 74, 30, 0, 0, 0, 0, 8, 0, 0]
02:35:12 [总线][调试] ← #21 状态0x00 ff ff 15 11 00 00 08 00 00 00 00 4a 1e 00 00 00 00 08 00 00 61  数据 [0, 8, 0, 0, 0, 0, 74, 30, 0, 0, 0, 0, 8, 0, 0]
02:35:12 [总线][调试] ← #22 状态0x00 ff ff 16 11 00 00 08 00 00 00 00 4a 1e 00 00 00 00 08 00 00 60  数据 [0, 8, 0, 0, 0, 0, 74, 30, 0, 0, 0, 0, 8, 0, 0]
02:35:12 [总线][调试] ← #23 状态0x00 ff ff 17 11 00 00 08 00 00 00 00 4a 1e 00 00 00 00 08 00 00 5f  数据 [0, 8, 0, 0, 0, 0, 74, 30, 0, 0, 0, 0, 8, 0, 0]
02:35:12 [总线][调试] ← #24 状态0x00 ff ff 18 11 00 00 08 00 00 00 00 4a 1e 00 00 00 00 08 00 00 5e  数据 [0, 8, 0, 0, 0, 0, 74, 30, 0, 0, 0, 0, 8, 0, 0]
02:35:12 [总线][调试] ← #30 状态0x00 ff ff 1e 11 00 00 08 00 00 00 00 4a 1e 00 00 00 00 08 00 00 58  数据 [0, 8, 0, 0, 0, 0, 74, 30, 0, 0, 0, 0, 8, 0, 0]
02:35:12 [总线][调试] ← #31 状态0x00 ff ff 1f 11 00 00 08 00 00 00 00 4a 1e 00 00 00 00 08 00 00 57  数据 [0, 8, 0, 0, 0, 0, 74, 30, 0, 0, 0, 0, 8, 0, 0]
02:35:12 [总线][调试] ← #32 状态0x00 ff ff 20 11 00 00 08 00 00 00 00 4a 1e 00 00 00 00 08 00 00 56  数据 [0, 8, 0, 0, 0, 0, 74, 30, 0, 0, 0, 0, 8, 0, 0]
02:35:12 [总线][调试] ← #33 状态0x00 ff ff 21 11 00 00 08 00 00 00 00 4a 1e 00 00 00 00 08 00 00 55  数据 [0, 8, 0, 0, 0, 0, 74, 30, 0, 0, 0, 0, 8, 0, 0]
02:35:12 [总线][调试] ← #34 状态0x00 ff ff 22 11 00 00 08 00 00 00 00 4a 1e 00 00 00 00 08 00 00 54  数据 [0, 8, 0, 0, 0, 0, 74, 30, 0, 0, 0, 0, 8, 0, 0]
02:35:12 [总线][调试] ← #10 状态0x00 ff ff 0a 11 00 00 08 00 00 00 00 4a 1e 00 00 00 00 08 00 00 6c  数据 [0, 8, 0, 0, 0, 0, 74, 30, 0, 0, 0, 0, 8, 0, 0]
02:35:12 [总线][调试] ← #11 状态0x00 ff ff 0b 11 00 00 08 00 00 00 00 4a 1e 00 00 00 00 08 00 00 6b  数据 [0, 8, 0, 0, 0, 0, 74, 30, 0, 0, 0, 0, 8, 0, 0]
02:35:12 [总线][调试] ← #12 状态0x00 ff ff 0c 11 00 00 08 00 00 00 00 4a 1e 00 00 00 00 08 00 00 6a  数据 [0, 8, 0, 0, 0, 0, 74, 30, 0, 0, 0, 0, 8, 0, 0]
02:35:12 [总线][调试] ← #13 状态0x00 ff ff 0d 11 00 00 08 00 00 00 00 4a 1e 00 00 00 00 08 00 00 69  数据 [0, 8, 0, 0, 0, 0, 74, 30, 0, 0, 0, 0, 8, 0, 0]
02:35:12 [总线][调试] ← #14 状态0x00 ff ff 0e 11 00 00 08 00 00 00 00 4a 1e 00 00 00 00 08 00 00 68  数据 [0, 8, 0, 0, 0, 0, 74, 30, 0, 0, 0, 0, 8, 0, 0]
02:35:12 [总线][调试] → #254 SYNC_READ ff ff fe 14 82 38 0f c8 14 15 16 17 18 1e 1f 20 21 22 0a 0b 0c 0d 0e 12
02:35:12 [总线][调试] ← #200 状态0x00 ff ff c8 11 00 f4 00 8a ff 19 00 00 00 00 00 27 30 7e 00 00 bb  数据 [244, 0, 138, 255, 25, 0, 0, 0, 0, 0, 39, 48, 126, 0, 0]
02:35:12 [总线][调试] ← #20 状态0x00 ff ff 14 11 00 00 08 00 00 00 00 4a 1e 00 00 00 00 08 00 00 62  数据 [0, 8, 0, 0, 0, 0, 74, 30, 0, 0, 0, 0, 8, 0, 0]
02:35:12 [总线][调试] ← #21 状态0x00 ff ff 15 11 00 00 08 00 00 00 00 4a 1e 00 00 00 00 08 00 00 61  数据 [0, 8, 0, 0, 0, 0, 74, 30, 0, 0, 0, 0, 8, 0, 0]
02:35:12 [总线][调试] ← #22 状态0x00 ff ff 16 11 00 00 08 00 00 00 00 4a 1e 00 00 00 00 08 00 00 60  数据 [0, 8, 0, 0, 0, 0, 74, 30, 0, 0, 0, 0, 8, 0, 0]
02:35:12 [总线][调试] ← #23 状态0x00 ff ff 17 11 00 00 08 00 00 00 00 4a 1e 00 00 00 00 08 00 00 5f  数据 [0, 8, 0, 0, 0, 0, 74, 30, 0, 0, 0, 0, 8, 0, 0]
02:35:12 [总线][调试] ← #24 状态0x00 ff ff 18 11 00 00 08 00 00 00 00 4a 1e 00 00 00 00 08 00 00 5e  数据 [0, 8, 0, 0, 0, 0, 74, 30, 0, 0, 0, 0, 8, 0, 0]
02:35:12 [总线][调试] ← #30 状态0x00 ff ff 1e 11 00 00 08 00 00 00 00 4a 1e 00 00 00 00 08 00 00 58  数据 [0, 8, 0, 0, 0, 0, 74, 30, 0, 0, 0, 0, 8, 0, 0]
02:35:12 [总线][调试] ← #31 状态0x00 ff ff 1f 11 00 00 08 00 00 00 00 4a 1e 00 00 00 00 08 00 00 57  数据 [0, 8, 0, 0, 0, 0, 74, 30, 0, 0, 0, 0, 8, 0, 0]
02:35:12 [总线][调试] ← #32 状态0x00 ff ff 20 11 00 00 08 00 00 00 00 4a 1e 00 00 00 00 08 00 00 56  数据 [0, 8, 0, 0, 0, 0, 74, 30, 0, 0, 0, 0, 8, 0, 0]
02:35:12 [总线][调试] ← #33 状态0x00 ff ff 21 11 00 00 08 00 00 00 00 4a 1e 00 00 00 00 08 00 00 55  数据 [0, 8, 0, 0, 0, 0, 74, 30, 0, 0, 0, 0, 8, 0, 0]
02:35:12 [总线][调试] ← #34 状态0x00 ff ff 22 11 00 00 08 00 00 00 00 4a 1e 00 00 00 00 08 00 00 54  数据 [0, 8, 0, 0, 0, 0, 74, 30, 0, 0, 0, 0, 8, 0, 0]
02:35:12 [总线][调试] ← #10 状态0x00 ff ff 0a 11 00 00 08 00 00 00 00 4a 1e 00 00 00 00 08 00 00 6c  数据 [0, 8, 0, 0, 0, 0, 74, 30, 0, 0, 0, 0, 8, 0, 0]
02:35:12 [总线][调试] ← #11 状态0x00 ff ff 0b 11 00 00 08 00 00 00 00 4a 1e 00 00 00 00 08 00 00 6b  数据 [0, 8, 0, 0, 0, 0, 74, 30, 0, 0, 0, 0, 8, 0, 0]
02:35:12 [总线][调试] ← #12 状态0x00 ff ff 0c 11 00 00 08 00 00 00 00 4a 1e 00 00 00 00 08 00 00 6a  数据 [0, 8, 0, 0, 0, 0, 74, 30, 0, 0, 0, 0, 8, 0, 0]
02:35:12 [总线][调试] ← #13 状态0x00 ff ff 0d 11 00 00 08 00 00 00 00 4a 1e 00 00 00 00 08 00 00 69  数据 [0, 8, 0, 0, 0, 0, 74, 30, 0, 0, 0, 0, 8, 0, 0]
02:35:12 [总线][调试] ← #14 状态0x00 ff ff 0e 11 00 00 08 00 00 00 00 4a 1e 00 00 00 00 08 00 00 68  数据 [0, 8, 0, 0, 0, 0, 74, 30, 0, 0, 0, 0, 8, 0, 0]
02:35:12 [总线][调试] → #254 SYNC_READ ff ff fe 14 82 38 0f c8 14 15 16 17 18 1e 1f 20 21 22 0a 0b 0c 0d 0e 12
02:35:12 [总线][调试] ← #200 状态0x00 ff ff c8 11 00 fb 00 8e ff 1d 00 00 00 00 00 36 30 81 00 00 9a  数据 [251, 0, 142, 255, 29, 0, 0, 0, 0, 0, 54, 48, 129, 0, 0]
02:35:12 [总线][调试] ← #20 状态0x00 ff ff 14 11 00 00 08 00 00 00 00 4a 1e 00 00 00 00 08 00 00 62  数据 [0, 8, 0, 0, 0, 0, 74, 30, 0, 0, 0, 0, 8, 0, 0]
02:35:12 [总线][调试] ← #21 状态0x00 ff ff 15 11 00 00 08 00 00 00 00 4a 1e 00 00 00 00 08 00 00 61  数据 [0, 8, 0, 0, 0, 0, 74, 30, 0, 0, 0, 0, 8, 0, 0]
02:35:12 [总线][调试] ← #22 状态0x00 ff ff 16 11 00 00 08 00 00 00 00 4a 1e 00 00 00 00 08 00 00 60  数据 [0, 8, 0, 0, 0, 0, 74, 30, 0, 0, 0, 0, 8, 0, 0]
02:35:12 [总线][调试] ← #23 状态0x00 ff ff 17 11 00 00 08 00 00 00 00 4a 1e 00 00 00 00 08 00 00 5f  数据 [0, 8, 0, 0, 0, 0, 74, 30, 0, 0, 0, 0, 8, 0, 0]
02:35:12 [总线][调试] ← #24 状态0x00 ff ff 18 11 00 00 08 00 00 00 00 4a 1e 00 00 00 00 08 00 00 5e  数据 [0, 8, 0, 0, 0, 0, 74, 30, 0, 0, 0, 0, 8, 0, 0]
02:35:12 [总线][调试] ← #30 状态0x00 ff ff 1e 11 00 00 08 00 00 00 00 4a 1e 00 00 00 00 08 00 00 58  数据 [0, 8, 0, 0, 0, 0, 74, 30, 0, 0, 0, 0, 8, 0, 0]
02:35:12 [总线][调试] ← #31 状态0x00 ff ff 1f 11 00 00 08 00 00 00 00 4a 1e 00 00 00 00 08 00 00 57  数据 [0, 8, 0, 0, 0, 0, 74, 30, 0, 0, 0, 0, 8, 0, 0]
02:35:12 [总线][调试] ← #32 状态0x00 ff ff 20 11 00 00 08 00 00 00 00 4a 1e 00 00 00 00 08 00 00 56  数据 [0, 8, 0, 0, 0, 0, 74, 30, 0, 0, 0, 0, 8, 0, 0]
02:35:12 [总线][调试] ← #33 状态0x00 ff ff 21 11 00 00 08 00 00 00 00 4a 1e 00 00 00 00 08 00 00 55  数据 [0, 8, 0, 0, 0, 0, 74, 30, 0, 0, 0, 0, 8, 0, 0]
02:35:12 [总线][调试] ← #34 状态0x00 ff ff 22 11 00 00 08 00 00 00 00 4a 1e 00 00 00 00 08 00 00 54  数据 [0, 8, 0, 0, 0, 0, 74, 30, 0, 0, 0, 0, 8, 0, 0]
02:35:12 [总线][调试] ← #10 状态0x00 ff ff 0a 11 00 00 08 00 00 00 00 4a 1e 00 00 00 00 08 00 00 6c  数据 [0, 8, 0, 0, 0, 0, 74, 30, 0, 0, 0, 0, 8, 0, 0]
02:35:12 [总线][调试] ← #11 状态0x00 ff ff 0b 11 00 00 08 00 00 00 00 4a 1e 00 00 00 00 08 00 00 6b  数据 [0, 8, 0, 0, 0, 0, 74, 30, 0, 0, 0, 0, 8, 0, 0]
02:35:12 [总线][调试] ← #12 状态0x00 ff ff 0c 11 00 00 08 00 00 00 00 4a 1e 00 00 00 00 08 00 00 6a  数据 [0, 8, 0, 0, 0, 0, 74, 30, 0, 0, 0, 0, 8, 0, 0]
02:35:12 [总线][调试] ← #13 状态0x00 ff ff 0d 11 00 00 08 00 00 00 00 4a 1e 00 00 00 00 08 00 00 69  数据 [0, 8, 0, 0, 0, 0, 74, 30, 0, 0, 0, 0, 8, 0, 0]
02:35:12 [总线][调试] ← #14 状态0x00 ff ff 0e 11 00 00 08 00 00 00 00 4a 1e 00 00 00 00 08 00 00 68  数据 [0, 8, 0, 0, 0, 0, 74, 30, 0, 0, 0, 0, 8, 0, 0]
02:35:12 [总线][调试] → #254 SYNC_READ ff ff fe 14 82 38 0f c8 14 15 16 17 18 1e 1f 20 21 22 0a 0b 0c 0d 0e 12
02:35:12 [总线][调试] ← #200 状态0x00 ff ff c8 11 00 00 01 90 ff 1f 00 00 00 00 00 3f 30 83 00 00 85  数据 [0, 1, 144, 255, 31, 0, 0, 0, 0, 0, 63, 48, 131, 0, 0]
02:35:12 [总线][调试] ← #20 状态0x00 ff ff 14 11 00 00 08 00 00 00 00 4a 1e 00 00 00 00 08 00 00 62  数据 [0, 8, 0, 0, 0, 0, 74, 30, 0, 0, 0, 0, 8, 0, 0]
02:35:12 [总线][调试] ← #21 状态0x00 ff ff 15 11 00 00 08 00 00 00 00 4a 1e 00 00 00 00 08 00 00 61  数据 [0, 8, 0, 0, 0, 0, 74, 30, 0, 0, 0, 0, 8, 0, 0]
02:35:12 [总线][调试] ← #22 状态0x00 ff ff 16 11 00 00 08 00 00 00 00 4a 1e 00 00 00 00 08 00 00 60  数据 [0, 8, 0, 0, 0, 0, 74, 30, 0, 0, 0, 0, 8, 0, 0]
02:35:12 [总线][调试] ← #23 状态0x00 ff ff 17 11 00 00 08 00 00 00 00 4a 1e 00 00 00 00 08 00 00 5f  数据 [0, 8, 0, 0, 0, 0, 74, 30, 0, 0, 0, 0, 8, 0, 0]
02:35:12 [总线][调试] ← #24 状态0x00 ff ff 18 11 00 00 08 00 00 00 00 4a 1e 00 00 00 00 08 00 00 5e  数据 [0, 8, 0, 0, 0, 0, 74, 30, 0, 0, 0, 0, 8, 0, 0]
02:35:12 [总线][调试] ← #30 状态0x00 ff ff 1e 11 00 00 08 00 00 00 00 4a 1e 00 00 00 00 08 00 00 58  数据 [0, 8, 0, 0, 0, 0, 74, 30, 0, 0, 0, 0, 8, 0, 0]
02:35:12 [总线][调试] ← #31 状态0x00 ff ff 1f 11 00 00 08 00 00 00 00 4a 1e 00 00 00 00 08 00 00 57  数据 [0, 8, 0, 0, 0, 0, 74, 30, 0, 0, 0, 0, 8, 0, 0]
02:35:12 [总线][调试] ← #32 状态0x00 ff ff 20 11 00 00 08 00 00 00 00 4a 1e 00 00 00 00 08 00 00 56  数据 [0, 8, 0, 0, 0, 0, 74, 30, 0, 0, 0, 0, 8, 0, 0]
02:35:12 [总线][调试] ← #33 状态0x00 ff ff 21 11 00 00 08 00 00 00 00 4a 1e 00 00 00 00 08 00 00 55  数据 [0, 8, 0, 0, 0, 0, 74, 30, 0, 0, 0, 0, 8, 0, 0]
02:35:12 [总线][调试] ← #34 状态0x00 ff ff 22 11 00 00 08 00 00 00 00 4a 1e 00 00 00 00 08 00 00 54  数据 [0, 8, 0, 0, 0, 0, 74, 30, 0, 0, 0, 0, 8, 0, 0]
02:35:12 [总线][调试] ← #10 状态0x00 ff ff 0a 11 00 00 08 00 00 00 00 4a 1e 00 00 00 00 08 00 00 6c  数据 [0, 8, 0, 0, 0, 0, 74, 30, 0, 0, 0, 0, 8, 0, 0]
02:35:12 [总线][调试] ← #11 状态0x00 ff ff 0b 11 00 00 08 00 00 00 00 4a 1e 00 00 00 00 08 00 00 6b  数据 [0, 8, 0, 0, 0, 0, 74, 30, 0, 0, 0, 0, 8, 0, 0]
02:35:12 [总线][调试] ← #12 状态0x00 ff ff 0c 11 00 00 08 00 00 00 00 4a 1e 00 00 00 00 08 00 00 6a  数据 [0, 8, 0, 0, 0, 0, 74, 30, 0, 0, 0, 0, 8, 0, 0]
02:35:12 [总线][调试] ← #13 状态0x00 ff ff 0d 11 00 00 08 00 00 00 00 4a 1e 00 00 00 00 08 00 00 69  数据 [0, 8, 0, 0, 0, 0, 74, 30, 0, 0, 0, 0, 8, 0, 0]
02:35:12 [总线][调试] ← #14 状态0x00 ff ff 0e 11 00 00 08 00 00 00 00 4a 1e 00 00 00 00 08 00 00 68  数据 [0, 8, 0, 0, 0, 0, 74, 30, 0, 0, 0, 0, 8, 0, 0]
02:35:12 [总线][调试] → #254 SYNC_READ ff ff fe 14 82 38 0f c8 14 15 16 17 18 1e 1f 20 21 22 0a 0b 0c 0d 0e 12
02:35:12 [总线][调试] ← #200 状态0x00 ff ff c8 11 00 fc 00 8a ff 19 00 00 00 00 00 48 30 85 00 00 8b  数据 [252, 0, 138, 255, 25, 0, 0, 0, 0, 0, 72, 48, 133, 0, 0]
02:35:12 [总线][调试] ← #20 状态0x00 ff ff 14 11 00 00 08 00 00 00 00 4a 1e 00 00 00 00 08 00 00 62  数据 [0, 8, 0, 0, 0, 0, 74, 30, 0, 0, 0, 0, 8, 0, 0]
02:35:12 [总线][调试] ← #21 状态0x00 ff ff 15 11 00 00 08 00 00 00 00 4a 1e 00 00 00 00 08 00 00 61  数据 [0, 8, 0, 0, 0, 0, 74, 30, 0, 0, 0, 0, 8, 0, 0]
02:35:12 [总线][调试] ← #22 状态0x00 ff ff 16 11 00 00 08 00 00 00 00 4a 1e 00 00 00 00 08 00 00 60  数据 [0, 8, 0, 0, 0, 0, 74, 30, 0, 0, 0, 0, 8, 0, 0]
02:35:12 [总线][调试] ← #23 状态0x00 ff ff 17 11 00 00 08 00 00 00 00 4a 1e 00 00 00 00 08 00 00 5f  数据 [0, 8, 0, 0, 0, 0, 74, 30, 0, 0, 0, 0, 8, 0, 0]
02:35:12 [总线][调试] ← #24 状态0x00 ff ff 18 11 00 00 08 00 00 00 00 4a 1e 00 00 00 00 08 00 00 5e  数据 [0, 8, 0, 0, 0, 0, 74, 30, 0, 0, 0, 0, 8, 0, 0]
02:35:12 [总线][调试] ← #30 状态0x00 ff ff 1e 11 00 00 08 00 00 00 00 4a 1e 00 00 00 00 08 00 00 58  数据 [0, 8, 0, 0, 0, 0, 74, 30, 0, 0, 0, 0, 8, 0, 0]
02:35:12 [总线][调试] ← #31 状态0x00 ff ff 1f 11 00 00 08 00 00 00 00 4a 1e 00 00 00 00 08 00 00 57  数据 [0, 8, 0, 0, 0, 0, 74, 30, 0, 0, 0, 0, 8, 0, 0]
02:35:12 [总线][调试] ← #32 状态0x00 ff ff 20 11 00 00 08 00 00 00 00 4a 1e 00 00 00 00 08 00 00 56  数据 [0, 8, 0, 0, 0, 0, 74, 30, 0, 0, 0, 0, 8, 0, 0]
02:35:12 [总线][调试] ← #33 状态0x00 ff ff 21 11 00 00 08 00 00 00 00 4a 1e 00 00 00 00 08 00 00 55  数据 [0, 8, 0, 0, 0, 0, 74, 30, 0, 0, 0, 0, 8, 0, 0]
02:35:12 [总线][调试] ← #34 状态0x00 ff ff 22 11 00 00 08 00 00 00 00 4a 1e 00 00 00 00 08 00 00 54  数据 [0, 8, 0, 0, 0, 0, 74, 30, 0, 0, 0, 0, 8, 0, 0]
02:35:12 [总线][调试] ← #10 状态0x00 ff ff 0a 11 00 00 08 00 00 00 00 4a 1e 00 00 00 00 08 00 00 6c  数据 [0, 8, 0, 0, 0, 0, 74, 30, 0, 0, 0, 0, 8, 0, 0]
02:35:12 [总线][调试] ← #11 状态0x00 ff ff 0b 11 00 00 08 00 00 00 00 4a 1e 00 00 00 00 08 00 00 6b  数据 [0, 8, 0, 0, 0, 0, 74, 30, 0, 0, 0, 0, 8, 0, 0]
02:35:12 [总线][调试] ← #12 状态0x00 ff ff 0c 11 00 00 08 00 00 00 00 4a 1e 00 00 00 00 08 00 00 6a  数据 [0, 8, 0, 0, 0, 0, 74, 30, 0, 0, 0, 0, 8, 0, 0]
02:35:12 [总线][调试] ← #13 状态0x00 ff ff 0d 11 00 00 08 00 00 00 00 4a 1e 00 00 00 00 08 00 00 69  数据 [0, 8, 0, 0, 0, 0, 74, 30, 0, 0, 0, 0, 8, 0, 0]
02:35:12 [总线][调试] ← #14 状态0x00 ff ff 0e 11 00 00 08 00 00 00 00 4a 1e 00 00 00 00 08 00 00 68  数据 [0, 8, 0, 0, 0, 0, 74, 30, 0, 0, 0, 0, 8, 0, 0]
02:35:12 [总线][调试] → #254 SYNC_READ ff ff fe 14 82 38 0f c8 14 15 16 17 18 1e 1f 20 21 22 0a 0b 0c 0d 0e 12
02:35:12 [总线][调试] ← #200 状态0x00 ff ff c8 11 00 03 01 8e ff 1d 00 00 00 00 00 56 30 88 00 00 6a  数据 [3, 1, 142, 255, 29, 0, 0, 0, 0, 0, 86, 48, 136, 0, 0]
02:35:12 [总线][调试] ← #20 状态0x00 ff ff 14 11 00 00 08 00 00 00 00 4a 1e 00 00 00 00 08 00 00 62  数据 [0, 8, 0, 0, 0, 0, 74, 30, 0, 0, 0, 0, 8, 0, 0]
02:35:12 [总线][调试] ← #21 状态0x00 ff ff 15 11 00 00 08 00 00 00 00 4a 1e 00 00 00 00 08 00 00 61  数据 [0, 8, 0, 0, 0, 0, 74, 30, 0, 0, 0, 0, 8, 0, 0]
02:35:12 [总线][调试] ← #22 状态0x00 ff ff 16 11 00 00 08 00 00 00 00 4a 1e 00 00 00 00 08 00 00 60  数据 [0, 8, 0, 0, 0, 0, 74, 30, 0, 0, 0, 0, 8, 0, 0]
02:35:12 [总线][调试] ← #23 状态0x00 ff ff 17 11 00 00 08 00 00 00 00 4a 1e 00 00 00 00 08 00 00 5f  数据 [0, 8, 0, 0, 0, 0, 74, 30, 0, 0, 0, 0, 8, 0, 0]
02:35:12 [总线][调试] ← #24 状态0x00 ff ff 18 11 00 00 08 00 00 00 00 4a 1e 00 00 00 00 08 00 00 5e  数据 [0, 8, 0, 0, 0, 0, 74, 30, 0, 0, 0, 0, 8, 0, 0]
02:35:12 [总线][调试] ← #30 状态0x00 ff ff 1e 11 00 00 08 00 00 00 00 4a 1e 00 00 00 00 08 00 00 58  数据 [0, 8, 0, 0, 0, 0, 74, 30, 0, 0, 0, 0, 8, 0, 0]
02:35:12 [总线][调试] ← #31 状态0x00 ff ff 1f 11 00 00 08 00 00 00 00 4a 1e 00 00 00 00 08 00 00 57  数据 [0, 8, 0, 0, 0, 0, 74, 30, 0, 0, 0, 0, 8, 0, 0]
02:35:12 [总线][调试] ← #32 状态0x00 ff ff 20 11 00 00 08 00 00 00 00 4a 1e 00 00 00 00 08 00 00 56  数据 [0, 8, 0, 0, 0, 0, 74, 30, 0, 0, 0, 0, 8, 0, 0]
02:35:12 [总线][调试] ← #33 状态0x00 ff ff 21 11 00 00 08 00 00 00 00 4a 1e 00 00 00 00 08 00 00 55  数据 [0, 8, 0, 0, 0, 0, 74, 30, 0, 0, 0, 0, 8, 0, 0]
02:35:12 [总线][调试] ← #34 状态0x00 ff ff 22 11 00 00 08 00 00 00 00 4a 1e 00 00 00 00 08 00 00 54  数据 [0, 8, 0, 0, 0, 0, 74, 30, 0, 0, 0, 0, 8, 0, 0]
02:35:12 [总线][调试] ← #10 状态0x00 ff ff 0a 11 00 00 08 00 00 00 00 4a 1e 00 00 00 00 08 00 00 6c  数据 [0, 8, 0, 0, 0, 0, 74, 30, 0, 0, 0, 0, 8, 0, 0]
02:35:12 [总线][调试] ← #11 状态0x00 ff ff 0b 11 00 00 08 00 00 00 00 4a 1e 00 00 00 00 08 00 00 6b  数据 [0, 8, 0, 0, 0, 0, 74, 30, 0, 0, 0, 0, 8, 0, 0]
02:35:12 [总线][调试] ← #12 状态0x00 ff ff 0c 11 00 00 08 00 00 00 00 4a 1e 00 00 00 00 08 00 00 6a  数据 [0, 8, 0, 0, 0, 0, 74, 30, 0, 0, 0, 0, 8, 0, 0]
02:35:12 [总线][调试] ← #13 状态0x00 ff ff 0d 11 00 00 08 00 00 00 00 4a 1e 00 00 00 00 08 00 00 69  数据 [0, 8, 0, 0, 0, 0, 74, 30, 0, 0, 0, 0, 8, 0, 0]
02:35:12 [总线][调试] ← #14 状态0x00 ff ff 0e 11 00 00 08 00 00 00 00 4a 1e 00 00 00 00 08 00 00 68  数据 [0, 8, 0, 0, 0, 0, 74, 30, 0, 0, 0, 0, 8, 0, 0]
02:35:12 [总线][调试] → #254 SYNC_READ ff ff fe 14 82 38 0f c8 14 15 16 17 18 1e 1f 20 21 22 0a 0b 0c 0d 0e 12
02:35:12 [总线][调试] ← #200 状态0x00 ff ff c8 11 00 07 01 90 ff 1f 00 00 00 00 00 5e 30 8a 00 00 58  数据 [7, 1, 144, 255, 31, 0, 0, 0, 0, 0, 94, 48, 138, 0, 0]
02:35:12 [总线][调试] ← #20 状态0x00 ff ff 14 11 00 00 08 00 00 00 00 4a 1e 00 00 00 00 08 00 00 62  数据 [0, 8, 0, 0, 0, 0, 74, 30, 0, 0, 0, 0, 8, 0, 0]
02:35:12 [总线][调试] ← #21 状态0x00 ff ff 15 11 00 00 08 00 00 00 00 4a 1e 00 00 00 00 08 00 00 61  数据 [0, 8, 0, 0, 0, 0, 74, 30, 0, 0, 0, 0, 8, 0, 0]
02:35:12 [总线][调试] ← #22 状态0x00 ff ff 16 11 00 00 08 00 00 00 00 4a 1e 00 00 00 00 08 00 00 60  数据 [0, 8, 0, 0, 0, 0, 74, 30, 0, 0, 0, 0, 8, 0, 0]
02:35:12 [总线][调试] ← #23 状态0x00 ff ff 17 11 00 00 08 00 00 00 00 4a 1e 00 00 00 00 08 00 00 5f  数据 [0, 8, 0, 0, 0, 0, 74, 30, 0, 0, 0, 0, 8, 0, 0]
02:35:12 [总线][调试] ← #24 状态0x00 ff ff 18 11 00 00 08 00 00 00 00 4a 1e 00 00 00 00 08 00 00 5e  数据 [0, 8, 0, 0, 0, 0, 74, 30, 0, 0, 0, 0, 8, 0, 0]
02:35:12 [总线][调试] ← #30 状态0x00 ff ff 1e 11 00 00 08 00 00 00 00 4a 1e 00 00 00 00 08 00 00 58  数据 [0, 8, 0, 0, 0, 0, 74, 30, 0, 0, 0, 0, 8, 0, 0]
02:35:12 [总线][调试] ← #31 状态0x00 ff ff 1f 11 00 00 08 00 00 00 00 4a 1e 00 00 00 00 08 00 00 57  数据 [0, 8, 0, 0, 0, 0, 74, 30, 0, 0, 0, 0, 8, 0, 0]
02:35:12 [总线][调试] ← #32 状态0x00 ff ff 20 11 00 00 08 00 00 00 00 4a 1e 00 00 00 00 08 00 00 56  数据 [0, 8, 0, 0, 0, 0, 74, 30, 0, 0, 0, 0, 8, 0, 0]
02:35:12 [总线][调试] ← #33 状态0x00 ff ff 21 11 00 00 08 00 00 00 00 4a 1e 00 00 00 00 08 00 00 55  数据 [0, 8, 0, 0, 0, 0, 74, 30, 0, 0, 0, 0, 8, 0, 0]
02:35:12 [总线][调试] ← #34 状态0x00 ff ff 22 11 00 00 08 00 00 00 00 4a 1e 00 00 00 00 08 00 00 54  数据 [0, 8, 0, 0, 0, 0, 74, 30, 0, 0, 0, 0, 8, 0, 0]
02:35:12 [总线][调试] ← #10 状态0x00 ff ff 0a 11 00 00 08 00 00 00 00 4a 1e 00 00 00 00 08 00 00 6c  数据 [0, 8, 0, 0, 0, 0, 74, 30, 0, 0, 0, 0, 8, 0, 0]
02:35:12 [总线][调试] ← #11 状态0x00 ff ff 0b 11 00 00 08 00 00 00 00 4a 1e 00 00 00 00 08 00 00 6b  数据 [0, 8, 0, 0, 0, 0, 74, 30, 0, 0, 0, 0, 8, 0, 0]
02:35:12 [总线][调试] ← #12 状态0x00 ff ff 0c 11 00 00 08 00 00 00 00 4a 1e 00 00 00 00 08 00 00 6a  数据 [0, 8, 0, 0, 0, 0, 74, 30, 0, 0, 0, 0, 8, 0, 0]
02:35:12 [总线][调试] ← #13 状态0x00 ff ff 0d 11 00 00 08 00 00 00 00 4a 1e 00 00 00 00 08 00 00 69  数据 [0, 8, 0, 0, 0, 0, 74, 30, 0, 0, 0, 0, 8, 0, 0]
02:35:12 [总线][调试] ← #14 状态0x00 ff ff 0e 11 00 00 08 00 00 00 00 4a 1e 00 00 00 00 08 00 00 68  数据 [0, 8, 0, 0, 0, 0, 74, 30, 0, 0, 0, 0, 8, 0, 0]
02:35:12 [总线][调试] → #254 SYNC_READ ff ff fe 14 82 38 0f c8 14 15 16 17 18 1e 1f 20 21 22 0a 0b 0c 0d 0e 12
02:35:12 [总线][调试] ← #200 状态0x00 ff ff c8 11 00 05 01 8b ff 1a 00 00 00 00 00 6a 30 8d 00 00 55  数据 [5, 1, 139, 255, 26, 0, 0, 0, 0, 0, 106, 48, 141, 0, 0]
02:35:12 [总线][调试] ← #20 状态0x00 ff ff 14 11 00 00 08 00 00 00 00 4a 1e 00 00 00 00 08 00 00 62  数据 [0, 8, 0, 0, 0, 0, 74, 30, 0, 0, 0, 0, 8, 0, 0]
02:35:12 [总线][调试] ← #21 状态0x00 ff ff 15 11 00 00 08 00 00 00 00 4a 1e 00 00 00 00 08 00 00 61  数据 [0, 8, 0, 0, 0, 0, 74, 30, 0, 0, 0, 0, 8, 0, 0]
02:35:12 [总线][调试] ← #22 状态0x00 ff ff 16 11 00 00 08 00 00 00 00 4a 1e 00 00 00 00 08 00 00 60  数据 [0, 8, 0, 0, 0, 0, 74, 30, 0, 0, 0, 0, 8, 0, 0]
02:35:12 [总线][调试] ← #23 状态0x00 ff ff 17 11 00 00 08 00 00 00 00 4a 1e 00 00 00 00 08 00 00 5f  数据 [0, 8, 0, 0, 0, 0, 74, 30, 0, 0, 0, 0, 8, 0, 0]
02:35:12 [总线][调试] ← #24 状态0x00 ff ff 18 11 00 00 08 00 00 00 00 4a 1e 00 00 00 00 08 00 00 5e  数据 [0, 8, 0, 0, 0, 0, 74, 30, 0, 0, 0, 0, 8, 0, 0]
02:35:12 [总线][调试] ← #30 状态0x00 ff ff 1e 11 00 00 08 00 00 00 00 4a 1e 00 00 00 00 08 00 00 58  数据 [0, 8, 0, 0, 0, 0, 74, 30, 0, 0, 0, 0, 8, 0, 0]
02:35:12 [总线][调试] ← #31 状态0x00 ff ff 1f 11 00 00 08 00 00 00 00 4a 1e 00 00 00 00 08 00 00 57  数据 [0, 8, 0, 0, 0, 0, 74, 30, 0, 0, 0, 0, 8, 0, 0]
02:35:12 [总线][调试] ← #32 状态0x00 ff ff 20 11 00 00 08 00 00 00 00 4a 1e 00 00 00 00 08 00 00 56  数据 [0, 8, 0, 0, 0, 0, 74, 30, 0, 0, 0, 0, 8, 0, 0]
02:35:12 [总线][调试] ← #33 状态0x00 ff ff 21 11 00 00 08 00 00 00 00 4a 1e 00 00 00 00 08 00 00 55  数据 [0, 8, 0, 0, 0, 0, 74, 30, 0, 0, 0, 0, 8, 0, 0]
02:35:12 [总线][调试] ← #34 状态0x00 ff ff 22 11 00 00 08 00 00 00 00 4a 1e 00 00 00 00 08 00 00 54  数据 [0, 8, 0, 0, 0, 0, 74, 30, 0, 0, 0, 0, 8, 0, 0]
02:35:12 [总线][调试] ← #10 状态0x00 ff ff 0a 11 00 00 08 00 00 00 00 4a 1e 00 00 00 00 08 00 00 6c  数据 [0, 8, 0, 0, 0, 0, 74, 30, 0, 0, 0, 0, 8, 0, 0]
02:35:12 [总线][调试] ← #11 状态0x00 ff ff 0b 11 00 00 08 00 00 00 00 4a 1e 00 00 00 00 08 00 00 6b  数据 [0, 8, 0, 0, 0, 0, 74, 30, 0, 0, 0, 0, 8, 0, 0]
02:35:12 [总线][调试] ← #12 状态0x00 ff ff 0c 11 00 00 08 00 00 00 00 4a 1e 00 00 00 00 08 00 00 6a  数据 [0, 8, 0, 0, 0, 0, 74, 30, 0, 0, 0, 0, 8, 0, 0]
02:35:12 [总线][调试] ← #13 状态0x00 ff ff 0d 11 00 00 08 00 00 00 00 4a 1e 00 00 00 00 08 00 00 69  数据 [0, 8, 0, 0, 0, 0, 74, 30, 0, 0, 0, 0, 8, 0, 0]
02:35:12 [总线][调试] ← #14 状态0x00 ff ff 0e 11 00 00 08 00 00 00 00 4a 1e 00 00 00 00 08 00 00 68  数据 [0, 8, 0, 0, 0, 0, 74, 30, 0, 0, 0, 0, 8, 0, 0]
02:35:12 [总线][调试] → #254 SYNC_READ ff ff fe 14 82 38 0f c8 14 15 16 17 18 1e 1f 20 21 22 0a 0b 0c 0d 0e 12
02:35:12 [总线][调试] ← #200 状态0x00 ff ff c8 11 00 09 01 8e ff 1d 00 00 00 00 00 72 30 8f 00 00 41  数据 [9, 1, 142, 255, 29, 0, 0, 0, 0, 0, 114, 48, 143, 0, 0]
02:35:12 [总线][调试] ← #20 状态0x00 ff ff 14 11 00 00 08 00 00 00 00 4a 1e 00 00 00 00 08 00 00 62  数据 [0, 8, 0, 0, 0, 0, 74, 30, 0, 0, 0, 0, 8, 0, 0]
02:35:12 [总线][调试] ← #21 状态0x00 ff ff 15 11 00 00 08 00 00 00 00 4a 1e 00 00 00 00 08 00 00 61  数据 [0, 8, 0, 0, 0, 0, 74, 30, 0, 0, 0, 0, 8, 0, 0]
02:35:12 [总线][调试] ← #22 状态0x00 ff ff 16 11 00 00 08 00 00 00 00 4a 1e 00 00 00 00 08 00 00 60  数据 [0, 8, 0, 0, 0, 0, 74, 30, 0, 0, 0, 0, 8, 0, 0]
02:35:12 [总线][调试] ← #23 状态0x00 ff ff 17 11 00 00 08 00 00 00 00 4a 1e 00 00 00 00 08 00 00 5f  数据 [0, 8, 0, 0, 0, 0, 74, 30, 0, 0, 0, 0, 8, 0, 0]
02:35:12 [总线][调试] ← #24 状态0x00 ff ff 18 11 00 00 08 00 00 00 00 4a 1e 00 00 00 00 08 00 00 5e  数据 [0, 8, 0, 0, 0, 0, 74, 30, 0, 0, 0, 0, 8, 0, 0]
02:35:12 [总线][调试] ← #30 状态0x00 ff ff 1e 11 00 00 08 00 00 00 00 4a 1e 00 00 00 00 08 00 00 58  数据 [0, 8, 0, 0, 0, 0, 74, 30, 0, 0, 0, 0, 8, 0, 0]
02:35:12 [总线][调试] ← #31 状态0x00 ff ff 1f 11 00 00 08 00 00 00 00 4a 1e 00 00 00 00 08 00 00 57  数据 [0, 8, 0, 0, 0, 0, 74, 30, 0, 0, 0, 0, 8, 0, 0]
02:35:12 [总线][调试] ← #32 状态0x00 ff ff 20 11 00 00 08 00 00 00 00 4a 1e 00 00 00 00 08 00 00 56  数据 [0, 8, 0, 0, 0, 0, 74, 30, 0, 0, 0, 0, 8, 0, 0]
02:35:12 [总线][调试] ← #33 状态0x00 ff ff 21 11 00 00 08 00 00 00 00 4a 1e 00 00 00 00 08 00 00 55  数据 [0, 8, 0, 0, 0, 0, 74, 30, 0, 0, 0, 0, 8, 0, 0]
02:35:12 [总线][调试] ← #34 状态0x00 ff ff 22 11 00 00 08 00 00 00 00 4a 1e 00 00 00 00 08 00 00 54  数据 [0, 8, 0, 0, 0, 0, 74, 30, 0, 0, 0, 0, 8, 0, 0]
02:35:12 [总线][调试] ← #10 状态0x00 ff ff 0a 11 00 00 08 00 00 00 00 4a 1e 00 00 00 00 08 00 00 6c  数据 [0, 8, 0, 0, 0, 0, 74, 30, 0, 0, 0, 0, 8, 0, 0]
02:35:12 [总线][调试] ← #11 状态0x00 ff ff 0b 11 00 00 08 00 00 00 00 4a 1e 00 00 00 00 08 00 00 6b  数据 [0, 8, 0, 0, 0, 0, 74, 30, 0, 0, 0, 0, 8, 0, 0]
02:35:12 [总线][调试] ← #12 状态0x00 ff ff 0c 11 00 00 08 00 00 00 00 4a 1e 00 00 00 00 08 00 00 6a  数据 [0, 8, 0, 0, 0, 0, 74, 30, 0, 0, 0, 0, 8, 0, 0]
02:35:12 [总线][调试] ← #13 状态0x00 ff ff 0d 11 00 00 08 00 00 00 00 4a 1e 00 00 00 00 08 00 00 69  数据 [0, 8, 0, 0, 0, 0, 74, 30, 0, 0, 0, 0, 8, 0, 0]
02:35:12 [总线][调试] ← #14 状态0x00 ff ff 0e 11 00 00 08 00 00 00 00 4a 1e 00 00 00 00 08 00 00 68  数据 [0, 8, 0, 0, 0, 0, 74, 30, 0, 0, 0, 0, 8, 0, 0]
02:35:12 [总线][调试] → #254 SYNC_READ ff ff fe 14 82 38 0f c8 14 15 16 17 18 1e 1f 20 21 22 0a 0b 0c 0d 0e 12
02:35:12 [总线][调试] ← #200 状态0x00 ff ff c8 11 00 0f 01 91 ff 20 00 00 00 00 00 7d 30 92 00 00 27  数据 [15, 1, 145, 255, 32, 0, 0, 0, 0, 0, 125, 48, 146, 0, 0]
02:35:12 [总线][调试] ← #20 状态0x00 ff ff 14 11 00 00 08 00 00 00 00 4a 1e 00 00 00 00 08 00 00 62  数据 [0, 8, 0, 0, 0, 0, 74, 30, 0, 0, 0, 0, 8, 0, 0]
02:35:12 [总线][调试] ← #21 状态0x00 ff ff 15 11 00 00 08 00 00 00 00 4a 1e 00 00 00 00 08 00 00 61  数据 [0, 8, 0, 0, 0, 0, 74, 30, 0, 0, 0, 0, 8, 0, 0]
02:35:12 [总线][调试] ← #22 状态0x00 ff ff 16 11 00 00 08 00 00 00 00 4a 1e 00 00 00 00 08 00 00 60  数据 [0, 8, 0, 0, 0, 0, 74, 30, 0, 0, 0, 0, 8, 0, 0]
02:35:12 [总线][调试] ← #23 状态0x00 ff ff 17 11 00 00 08 00 00 00 00 4a 1e 00 00 00 00 08 00 00 5f  数据 [0, 8, 0, 0, 0, 0, 74, 30, 0, 0, 0, 0, 8, 0, 0]
02:35:12 [总线][调试] ← #24 状态0x00 ff ff 18 11 00 00 08 00 00 00 00 4a 1e 00 00 00 00 08 00 00 5e  数据 [0, 8, 0, 0, 0, 0, 74, 30, 0, 0, 0, 0, 8, 0, 0]
02:35:12 [总线][调试] ← #30 状态0x00 ff ff 1e 11 00 00 08 00 00 00 00 4a 1e 00 00 00 00 08 00 00 58  数据 [0, 8, 0, 0, 0, 0, 74, 30, 0, 0, 0, 0, 8, 0, 0]
02:35:12 [总线][调试] ← #31 状态0x00 ff ff 1f 11 00 00 08 00 00 00 00 4a 1e 00 00 00 00 08 00 00 57  数据 [0, 8, 0, 0, 0, 0, 74, 30, 0, 0, 0, 0, 8, 0, 0]
02:35:12 [总线][调试] ← #32 状态0x00 ff ff 20 11 00 00 08 00 00 00 00 4a 1e 00 00 00 00 08 00 00 56  数据 [0, 8, 0, 0, 0, 0, 74, 30, 0, 0, 0, 0, 8, 0, 0]
02:35:12 [总线][调试] ← #33 状态0x00 ff ff 21 11 00 00 08 00 00 00 00 4a 1e 00 00 00 00 08 00 00 55  数据 [0, 8, 0, 0, 0, 0, 74, 30, 0, 0, 0, 0, 8, 0, 0]
02:35:12 [总线][调试] ← #34 状态0x00 ff ff 22 11 00 00 08 00 00 00 00 4a 1e 00 00 00 00 08 00 00 54  数据 [0, 8, 0, 0, 0, 0, 74, 30, 0, 0, 0, 0, 8, 0, 0]
02:35:12 [总线][调试] ← #10 状态0x00 ff ff 0a 11 00 00 08 00 00 00 00 4a 1e 00 00 00 00 08 00 00 6c  数据 [0, 8, 0, 0, 0, 0, 74, 30, 0, 0, 0, 0, 8, 0, 0]
02:35:12 [总线][调试] ← #11 状态0x00 ff ff 0b 11 00 00 08 00 00 00 00 4a 1e 00 00 00 00 08 00 00 6b  数据 [0, 8, 0, 0, 0, 0, 74, 30, 0, 0, 0, 0, 8, 0, 0]
02:35:12 [总线][调试] ← #12 状态0x00 ff ff 0c 11 00 00 08 00 00 00 00 4a 1e 00 00 00 00 08 00 00 6a  数据 [0, 8, 0, 0, 0, 0, 74, 30, 0, 0, 0, 0, 8, 0, 0]
02:35:12 [总线][调试] ← #13 状态0x00 ff ff 0d 11 00 00 08 00 00 00 00 4a 1e 00 00 00 00 08 00 00 69  数据 [0, 8, 0, 0, 0, 0, 74, 30, 0, 0, 0, 0, 8, 0, 0]
02:35:12 [总线][调试] ← #14 状态0x00 ff ff 0e 11 00 00 08 00 00 00 00 4a 1e 00 00 00 00 08 00 00 68  数据 [0, 8, 0, 0, 0, 0, 74, 30, 0, 0, 0, 0, 8, 0, 0]
02:35:12 [总线][调试] → #254 SYNC_READ ff ff fe 14 82 38 0f c8 14 15 16 17 18 1e 1f 20 21 22 0a 0b 0c 0d 0e 12
02:35:12 [总线][调试] ← #200 状态0x00 ff ff c8 11 00 0b 01 8b ff 1a 00 00 00 00 00 84 30 94 00 00 2e  数据 [11, 1, 139, 255, 26, 0, 0, 0, 0, 0, 132, 48, 148, 0, 0]
02:35:12 [总线][调试] ← #20 状态0x00 ff ff 14 11 00 00 08 00 00 00 00 4a 1e 00 00 00 00 08 00 00 62  数据 [0, 8, 0, 0, 0, 0, 74, 30, 0, 0, 0, 0, 8, 0, 0]
02:35:12 [总线][调试] ← #21 状态0x00 ff ff 15 11 00 00 08 00 00 00 00 4a 1e 00 00 00 00 08 00 00 61  数据 [0, 8, 0, 0, 0, 0, 74, 30, 0, 0, 0, 0, 8, 0, 0]
02:35:12 [总线][调试] ← #22 状态0x00 ff ff 16 11 00 00 08 00 00 00 00 4a 1e 00 00 00 00 08 00 00 60  数据 [0, 8, 0, 0, 0, 0, 74, 30, 0, 0, 0, 0, 8, 0, 0]
02:35:12 [总线][调试] ← #23 状态0x00 ff ff 17 11 00 00 08 00 00 00 00 4a 1e 00 00 00 00 08 00 00 5f  数据 [0, 8, 0, 0, 0, 0, 74, 30, 0, 0, 0, 0, 8, 0, 0]
02:35:12 [总线][调试] ← #24 状态0x00 ff ff 18 11 00 00 08 00 00 00 00 4a 1e 00 00 00 00 08 00 00 5e  数据 [0, 8, 0, 0, 0, 0, 74, 30, 0, 0, 0, 0, 8, 0, 0]
02:35:12 [总线][调试] ← #30 状态0x00 ff ff 1e 11 00 00 08 00 00 00 00 4a 1e 00 00 00 00 08 00 00 58  数据 [0, 8, 0, 0, 0, 0, 74, 30, 0, 0, 0, 0, 8, 0, 0]
02:35:12 [总线][调试] ← #31 状态0x00 ff ff 1f 11 00 00 08 00 00 00 00 4a 1e 00 00 00 00 08 00 00 57  数据 [0, 8, 0, 0, 0, 0, 74, 30, 0, 0, 0, 0, 8, 0, 0]
02:35:12 [总线][调试] ← #32 状态0x00 ff ff 20 11 00 00 08 00 00 00 00 4a 1e 00 00 00 00 08 00 00 56  数据 [0, 8, 0, 0, 0, 0, 74, 30, 0, 0, 0, 0, 8, 0, 0]
02:35:12 [总线][调试] ← #33 状态0x00 ff ff 21 11 00 00 08 00 00 00 00 4a 1e 00 00 00 00 08 00 00 55  数据 [0, 8, 0, 0, 0, 0, 74, 30, 0, 0, 0, 0, 8, 0, 0]
02:35:12 [总线][调试] ← #34 状态0x00 ff ff 22 11 00 00 08 00 00 00 00 4a 1e 00 00 00 00 08 00 00 54  数据 [0, 8, 0, 0, 0, 0, 74, 30, 0, 0, 0, 0, 8, 0, 0]
02:35:12 [总线][调试] ← #10 状态0x00 ff ff 0a 11 00 00 08 00 00 00 00 4a 1e 00 00 00 00 08 00 00 6c  数据 [0, 8, 0, 0, 0, 0, 74, 30, 0, 0, 0, 0, 8, 0, 0]
02:35:12 [总线][调试] ← #11 状态0x00 ff ff 0b 11 00 00 08 00 00 00 00 4a 1e 00 00 00 00 08 00 00 6b  数据 [0, 8, 0, 0, 0, 0, 74, 30, 0, 0, 0, 0, 8, 0, 0]
02:35:12 [总线][调试] ← #12 状态0x00 ff ff 0c 11 00 00 08 00 00 00 00 4a 1e 00 00 00 00 08 00 00 6a  数据 [0, 8, 0, 0, 0, 0, 74, 30, 0, 0, 0, 0, 8, 0, 0]
02:35:12 [总线][调试] ← #13 状态0x00 ff ff 0d 11 00 00 08 00 00 00 00 4a 1e 00 00 00 00 08 00 00 69  数据 [0, 8, 0, 0, 0, 0, 74, 30, 0, 0, 0, 0, 8, 0, 0]
02:35:12 [总线][调试] ← #14 状态0x00 ff ff 0e 11 00 00 08 00 00 00 00 4a 1e 00 00 00 00 08 00 00 68  数据 [0, 8, 0, 0, 0, 0, 74, 30, 0, 0, 0, 0, 8, 0, 0]
02:35:12 [总线][调试] → #254 SYNC_READ ff ff fe 14 82 38 0f c8 14 15 16 17 18 1e 1f 20 21 22 0a 0b 0c 0d 0e 12
02:35:12 [总线][调试] ← #200 状态0x00 ff ff c8 11 00 11 01 8f ff 1e 00 00 00 00 00 8d 30 97 00 00 14  数据 [17, 1, 143, 255, 30, 0, 0, 0, 0, 0, 141, 48, 151, 0, 0]
02:35:12 [总线][调试] ← #20 状态0x00 ff ff 14 11 00 00 08 00 00 00 00 4a 1e 00 00 00 00 08 00 00 62  数据 [0, 8, 0, 0, 0, 0, 74, 30, 0, 0, 0, 0, 8, 0, 0]
02:35:12 [总线][调试] ← #21 状态0x00 ff ff 15 11 00 00 08 00 00 00 00 4a 1e 00 00 00 00 08 00 00 61  数据 [0, 8, 0, 0, 0, 0, 74, 30, 0, 0, 0, 0, 8, 0, 0]
02:35:12 [总线][调试] ← #22 状态0x00 ff ff 16 11 00 00 08 00 00 00 00 4a 1e 00 00 00 00 08 00 00 60  数据 [0, 8, 0, 0, 0, 0, 74, 30, 0, 0, 0, 0, 8, 0, 0]
02:35:12 [总线][调试] ← #23 状态0x00 ff ff 17 11 00 00 08 00 00 00 00 4a 1e 00 00 00 00 08 00 00 5f  数据 [0, 8, 0, 0, 0, 0, 74, 30, 0, 0, 0, 0, 8, 0, 0]
02:35:12 [总线][调试] ← #24 状态0x00 ff ff 18 11 00 00 08 00 00 00 00 4a 1e 00 00 00 00 08 00 00 5e  数据 [0, 8, 0, 0, 0, 0, 74, 30, 0, 0, 0, 0, 8, 0, 0]
02:35:12 [总线][调试] ← #30 状态0x00 ff ff 1e 11 00 00 08 00 00 00 00 4a 1e 00 00 00 00 08 00 00 58  数据 [0, 8, 0, 0, 0, 0, 74, 30, 0, 0, 0, 0, 8, 0, 0]
02:35:12 [总线][调试] ← #31 状态0x00 ff ff 1f 11 00 00 08 00 00 00 00 4a 1e 00 00 00 00 08 00 00 57  数据 [0, 8, 0, 0, 0, 0, 74, 30, 0, 0, 0, 0, 8, 0, 0]
02:35:12 [总线][调试] ← #32 状态0x00 ff ff 20 11 00 00 08 00 00 00 00 4a 1e 00 00 00 00 08 00 00 56  数据 [0, 8, 0, 0, 0, 0, 74, 30, 0, 0, 0, 0, 8, 0, 0]
02:35:12 [总线][调试] ← #33 状态0x00 ff ff 21 11 00 00 08 00 00 00 00 4a 1e 00 00 00 00 08 00 00 55  数据 [0, 8, 0, 0, 0, 0, 74, 30, 0, 0, 0, 0, 8, 0, 0]
02:35:12 [总线][调试] ← #34 状态0x00 ff ff 22 11 00 00 08 00 00 00 00 4a 1e 00 00 00 00 08 00 00 54  数据 [0, 8, 0, 0, 0, 0, 74, 30, 0, 0, 0, 0, 8, 0, 0]
02:35:12 [总线][调试] ← #10 状态0x00 ff ff 0a 11 00 00 08 00 00 00 00 4a 1e 00 00 00 00 08 00 00 6c  数据 [0, 8, 0, 0, 0, 0, 74, 30, 0, 0, 0, 0, 8, 0, 0]
02:35:12 [总线][调试] ← #11 状态0x00 ff ff 0b 11 00 00 08 00 00 00 00 4a 1e 00 00 00 00 08 00 00 6b  数据 [0, 8, 0, 0, 0, 0, 74, 30, 0, 0, 0, 0, 8, 0, 0]
02:35:12 [总线][调试] ← #12 状态0x00 ff ff 0c 11 00 00 08 00 00 00 00 4a 1e 00 00 00 00 08 00 00 6a  数据 [0, 8, 0, 0, 0, 0, 74, 30, 0, 0, 0, 0, 8, 0, 0]
02:35:12 [总线][调试] ← #13 状态0x00 ff ff 0d 11 00 00 08 00 00 00 00 4a 1e 00 00 00 00 08 00 00 69  数据 [0, 8, 0, 0, 0, 0, 74, 30, 0, 0, 0, 0, 8, 0, 0]
02:35:12 [总线][调试] ← #14 状态0x00 ff ff 0e 11 00 00 08 00 00 00 00 4a 1e 00 00 00 00 08 00 00 68  数据 [0, 8, 0, 0, 0, 0, 74, 30, 0, 0, 0, 0, 8, 0, 0]
02:35:12 [总线][调试] → #254 SYNC_READ ff ff fe 14 82 38 0f c8 14 15 16 17 18 1e 1f 20 21 22 0a 0b 0c 0d 0e 12
02:35:12 [总线][调试] ← #200 状态0x00 ff ff c8 11 00 15 01 91 ff 20 00 00 00 00 00 93 30 99 00 00 04  数据 [21, 1, 145, 255, 32, 0, 0, 0, 0, 0, 147, 48, 153, 0, 0]
02:35:12 [总线][调试] ← #20 状态0x00 ff ff 14 11 00 00 08 00 00 00 00 4a 1e 00 00 00 00 08 00 00 62  数据 [0, 8, 0, 0, 0, 0, 74, 30, 0, 0, 0, 0, 8, 0, 0]
02:35:12 [总线][调试] ← #21 状态0x00 ff ff 15 11 00 00 08 00 00 00 00 4a 1e 00 00 00 00 08 00 00 61  数据 [0, 8, 0, 0, 0, 0, 74, 30, 0, 0, 0, 0, 8, 0, 0]
02:35:12 [总线][调试] ← #22 状态0x00 ff ff 16 11 00 00 08 00 00 00 00 4a 1e 00 00 00 00 08 00 00 60  数据 [0, 8, 0, 0, 0, 0, 74, 30, 0, 0, 0, 0, 8, 0, 0]
02:35:12 [总线][调试] ← #23 状态0x00 ff ff 17 11 00 00 08 00 00 00 00 4a 1e 00 00 00 00 08 00 00 5f  数据 [0, 8, 0, 0, 0, 0, 74, 30, 0, 0, 0, 0, 8, 0, 0]
02:35:12 [总线][调试] ← #24 状态0x00 ff ff 18 11 00 00 08 00 00 00 00 4a 1e 00 00 00 00 08 00 00 5e  数据 [0, 8, 0, 0, 0, 0, 74, 30, 0, 0, 0, 0, 8, 0, 0]
02:35:12 [总线][调试] ← #30 状态0x00 ff ff 1e 11 00 00 08 00 00 00 00 4a 1e 00 00 00 00 08 00 00 58  数据 [0, 8, 0, 0, 0, 0, 74, 30, 0, 0, 0, 0, 8, 0, 0]
02:35:12 [总线][调试] ← #31 状态0x00 ff ff 1f 11 00 00 08 00 00 00 00 4a 1e 00 00 00 00 08 00 00 57  数据 [0, 8, 0, 0, 0, 0, 74, 30, 0, 0, 0, 0, 8, 0, 0]
02:35:12 [总线][调试] ← #32 状态0x00 ff ff 20 11 00 00 08 00 00 00 00 4a 1e 00 00 00 00 08 00 00 56  数据 [0, 8, 0, 0, 0, 0, 74, 30, 0, 0, 0, 0, 8, 0, 0]
02:35:12 [总线][调试] ← #33 状态0x00 ff ff 21 11 00 00 08 00 00 00 00 4a 1e 00 00 00 00 08 00 00 55  数据 [0, 8, 0, 0, 0, 0, 74, 30, 0, 0, 0, 0, 8, 0, 0]
02:35:12 [总线][调试] ← #34 状态0x00 ff ff 22 11 00 00 08 00 00 00 00 4a 1e 00 00 00 00 08 00 00 54  数据 [0, 8, 0, 0, 0, 0, 74, 30, 0, 0, 0, 0, 8, 0, 0]
02:35:12 [总线][调试] ← #10 状态0x00 ff ff 0a 11 00 00 08 00 00 00 00 4a 1e 00 00 00 00 08 00 00 6c  数据 [0, 8, 0, 0, 0, 0, 74, 30, 0, 0, 0, 0, 8, 0, 0]
02:35:12 [总线][调试] ← #11 状态0x00 ff ff 0b 11 00 00 08 00 00 00 00 4a 1e 00 00 00 00 08 00 00 6b  数据 [0, 8, 0, 0, 0, 0, 74, 30, 0, 0, 0, 0, 8, 0, 0]
02:35:12 [总线][调试] ← #12 状态0x00 ff ff 0c 11 00 00 08 00 00 00 00 4a 1e 00 00 00 00 08 00 00 6a  数据 [0, 8, 0, 0, 0, 0, 74, 30, 0, 0, 0, 0, 8, 0, 0]
02:35:12 [总线][调试] ← #13 状态0x00 ff ff 0d 11 00 00 08 00 00 00 00 4a 1e 00 00 00 00 08 00 00 69  数据 [0, 8, 0, 0, 0, 0, 74, 30, 0, 0, 0, 0, 8, 0, 0]
02:35:12 [总线][调试] ← #14 状态0x00 ff ff 0e 11 00 00 08 00 00 00 00 4a 1e 00 00 00 00 08 00 00 68  数据 [0, 8, 0, 0, 0, 0, 74, 30, 0, 0, 0, 0, 8, 0, 0]
02:35:12 [总线][调试] → #254 SYNC_READ ff ff fe 14 82 38 0f c8 14 15 16 17 18 1e 1f 20 21 22 0a 0b 0c 0d 0e 12
02:35:12 [总线][调试] ← #200 状态0x00 ff ff c8 11 00 12 01 8d ff 1b 00 00 00 00 00 9c 30 9c 00 00 04  数据 [18, 1, 141, 255, 27, 0, 0, 0, 0, 0, 156, 48, 156, 0, 0]
02:35:12 [总线][调试] ← #20 状态0x00 ff ff 14 11 00 00 08 00 00 00 00 4a 1e 00 00 00 00 08 00 00 62  数据 [0, 8, 0, 0, 0, 0, 74, 30, 0, 0, 0, 0, 8, 0, 0]
02:35:12 [总线][调试] ← #21 状态0x00 ff ff 15 11 00 00 08 00 00 00 00 4a 1e 00 00 00 00 08 00 00 61  数据 [0, 8, 0, 0, 0, 0, 74, 30, 0, 0, 0, 0, 8, 0, 0]
02:35:12 [总线][调试] ← #22 状态0x00 ff ff 16 11 00 00 08 00 00 00 00 4a 1e 00 00 00 00 08 00 00 60  数据 [0, 8, 0, 0, 0, 0, 74, 30, 0, 0, 0, 0, 8, 0, 0]
02:35:12 [总线][调试] ← #23 状态0x00 ff ff 17 11 00 00 08 00 00 00 00 4a 1e 00 00 00 00 08 00 00 5f  数据 [0, 8, 0, 0, 0, 0, 74, 30, 0, 0, 0, 0, 8, 0, 0]
02:35:12 [总线][调试] ← #24 状态0x00 ff ff 18 11 00 00 08 00 00 00 00 4a 1e 00 00 00 00 08 00 00 5e  数据 [0, 8, 0, 0, 0, 0, 74, 30, 0, 0, 0, 0, 8, 0, 0]
02:35:12 [总线][调试] ← #30 状态0x00 ff ff 1e 11 00 00 08 00 00 00 00 4a 1e 00 00 00 00 08 00 00 58  数据 [0, 8, 0, 0, 0, 0, 74, 30, 0, 0, 0, 0, 8, 0, 0]
02:35:12 [总线][调试] ← #31 状态0x00 ff ff 1f 11 00 00 08 00 00 00 00 4a 1e 00 00 00 00 08 00 00 57  数据 [0, 8, 0, 0, 0, 0, 74, 30, 0, 0, 0, 0, 8, 0, 0]
02:35:12 [总线][调试] ← #32 状态0x00 ff ff 20 11 00 00 08 00 00 00 00 4a 1e 00 00 00 00 08 00 00 56  数据 [0, 8, 0, 0, 0, 0, 74, 30, 0, 0, 0, 0, 8, 0, 0]
02:35:12 [总线][调试] ← #33 状态0x00 ff ff 21 11 00 00 08 00 00 00 00 4a 1e 00 00 00 00 08 00 00 55  数据 [0, 8, 0, 0, 0, 0, 74, 30, 0, 0, 0, 0, 8, 0, 0]
02:35:12 [总线][调试] ← #34 状态0x00 ff ff 22 11 00 00 08 00 00 00 00 4a 1e 00 00 00 00 08 00 00 54  数据 [0, 8, 0, 0, 0, 0, 74, 30, 0, 0, 0, 0, 8, 0, 0]
02:35:12 [总线][调试] ← #10 状态0x00 ff ff 0a 11 00 00 08 00 00 00 00 4a 1e 00 00 00 00 08 00 00 6c  数据 [0, 8, 0, 0, 0, 0, 74, 30, 0, 0, 0, 0, 8, 0, 0]
02:35:12 [总线][调试] ← #11 状态0x00 ff ff 0b 11 00 00 08 00 00 00 00 4a 1e 00 00 00 00 08 00 00 6b  数据 [0, 8, 0, 0, 0, 0, 74, 30, 0, 0, 0, 0, 8, 0, 0]
02:35:12 [总线][调试] ← #12 状态0x00 ff ff 0c 11 00 00 08 00 00 00 00 4a 1e 00 00 00 00 08 00 00 6a  数据 [0, 8, 0, 0, 0, 0, 74, 30, 0, 0, 0, 0, 8, 0, 0]
02:35:12 [总线][调试] ← #13 状态0x00 ff ff 0d 11 00 00 08 00 00 00 00 4a 1e 00 00 00 00 08 00 00 69  数据 [0, 8, 0, 0, 0, 0, 74, 30, 0, 0, 0, 0, 8, 0, 0]
02:35:12 [总线][调试] ← #14 状态0x00 ff ff 0e 11 00 00 08 00 00 00 00 4a 1e 00 00 00 00 08 00 00 68  数据 [0, 8, 0, 0, 0, 0, 74, 30, 0, 0, 0, 0, 8, 0, 0]
02:35:12 [总线][调试] → #254 SYNC_READ ff ff fe 14 82 38 0f c8 14 15 16 17 18 1e 1f 20 21 22 0a 0b 0c 0d 0e 12
02:35:12 [总线][调试] ← #200 状态0x00 ff ff c8 11 00 16 01 8f ff 1e 00 00 00 00 00 a1 30 9e 00 00 f4  数据 [22, 1, 143, 255, 30, 0, 0, 0, 0, 0, 161, 48, 158, 0, 0]
02:35:12 [总线][调试] ← #20 状态0x00 ff ff 14 11 00 00 08 00 00 00 00 4a 1e 00 00 00 00 08 00 00 62  数据 [0, 8, 0, 0, 0, 0, 74, 30, 0, 0, 0, 0, 8, 0, 0]
02:35:12 [总线][调试] ← #21 状态0x00 ff ff 15 11 00 00 08 00 00 00 00 4a 1e 00 00 00 00 08 00 00 61  数据 [0, 8, 0, 0, 0, 0, 74, 30, 0, 0, 0, 0, 8, 0, 0]
02:35:12 [总线][调试] ← #22 状态0x00 ff ff 16 11 00 00 08 00 00 00 00 4a 1e 00 00 00 00 08 00 00 60  数据 [0, 8, 0, 0, 0, 0, 74, 30, 0, 0, 0, 0, 8, 0, 0]
02:35:12 [总线][调试] ← #23 状态0x00 ff ff 17 11 00 00 08 00 00 00 00 4a 1e 00 00 00 00 08 00 00 5f  数据 [0, 8, 0, 0, 0, 0, 74, 30, 0, 0, 0, 0, 8, 0, 0]
02:35:12 [总线][调试] ← #24 状态0x00 ff ff 18 11 00 00 08 00 00 00 00 4a 1e 00 00 00 00 08 00 00 5e  数据 [0, 8, 0, 0, 0, 0, 74, 30, 0, 0, 0, 0, 8, 0, 0]
02:35:12 [总线][调试] ← #30 状态0x00 ff ff 1e 11 00 00 08 00 00 00 00 4a 1e 00 00 00 00 08 00 00 58  数据 [0, 8, 0, 0, 0, 0, 74, 30, 0, 0, 0, 0, 8, 0, 0]
02:35:12 [总线][调试] ← #31 状态0x00 ff ff 1f 11 00 00 08 00 00 00 00 4a 1e 00 00 00 00 08 00 00 57  数据 [0, 8, 0, 0, 0, 0, 74, 30, 0, 0, 0, 0, 8, 0, 0]
02:35:12 [总线][调试] ← #32 状态0x00 ff ff 20 11 00 00 08 00 00 00 00 4a 1e 00 00 00 00 08 00 00 56  数据 [0, 8, 0, 0, 0, 0, 74, 30, 0, 0, 0, 0, 8, 0, 0]
02:35:12 [总线][调试] ← #33 状态0x00 ff ff 21 11 00 00 08 00 00 00 00 4a 1e 00 00 00 00 08 00 00 55  数据 [0, 8, 0, 0, 0, 0, 74, 30, 0, 0, 0, 0, 8, 0, 0]
02:35:12 [总线][调试] ← #34 状态0x00 ff ff 22 11 00 00 08 00 00 00 00 4a 1e 00 00 00 00 08 00 00 54  数据 [0, 8, 0, 0, 0, 0, 74, 30, 0, 0, 0, 0, 8, 0, 0]
02:35:12 [总线][调试] ← #10 状态0x00 ff ff 0a 11 00 00 08 00 00 00 00 4a 1e 00 00 00 00 08 00 00 6c  数据 [0, 8, 0, 0, 0, 0, 74, 30, 0, 0, 0, 0, 8, 0, 0]
02:35:12 [总线][调试] ← #11 状态0x00 ff ff 0b 11 00 00 08 00 00 00 00 4a 1e 00 00 00 00 08 00 00 6b  数据 [0, 8, 0, 0, 0, 0, 74, 30, 0, 0, 0, 0, 8, 0, 0]
02:35:12 [总线][调试] ← #12 状态0x00 ff ff 0c 11 00 00 08 00 00 00 00 4a 1e 00 00 00 00 08 00 00 6a  数据 [0, 8, 0, 0, 0, 0, 74, 30, 0, 0, 0, 0, 8, 0, 0]
02:35:12 [总线][调试] ← #13 状态0x00 ff ff 0d 11 00 00 08 00 00 00 00 4a 1e 00 00 00 00 08 00 00 69  数据 [0, 8, 0, 0, 0, 0, 74, 30, 0, 0, 0, 0, 8, 0, 0]
02:35:12 [总线][调试] ← #14 状态0x00 ff ff 0e 11 00 00 08 00 00 00 00 4a 1e 00 00 00 00 08 00 00 68  数据 [0, 8, 0, 0, 0, 0, 74, 30, 0, 0, 0, 0, 8, 0, 0]
02:35:12 [总线][调试] → #254 SYNC_READ ff ff fe 14 82 38 0f c8 14 15 16 17 18 1e 1f 20 21 22 0a 0b 0c 0d 0e 12
02:35:12 [总线][调试] ← #200 状态0x00 ff ff c8 11 00 13 01 8a ff 19 00 00 00 00 00 a8 30 a1 00 00 f7  数据 [19, 1, 138, 255, 25, 0, 0, 0, 0, 0, 168, 48, 161, 0, 0]
02:35:12 [总线][调试] ← #20 状态0x00 ff ff 14 11 00 00 08 00 00 00 00 4a 1e 00 00 00 00 08 00 00 62  数据 [0, 8, 0, 0, 0, 0, 74, 30, 0, 0, 0, 0, 8, 0, 0]
02:35:12 [总线][调试] ← #21 状态0x00 ff ff 15 11 00 00 08 00 00 00 00 4a 1e 00 00 00 00 08 00 00 61  数据 [0, 8, 0, 0, 0, 0, 74, 30, 0, 0, 0, 0, 8, 0, 0]
02:35:12 [总线][调试] ← #22 状态0x00 ff ff 16 11 00 00 08 00 00 00 00 4a 1e 00 00 00 00 08 00 00 60  数据 [0, 8, 0, 0, 0, 0, 74, 30, 0, 0, 0, 0, 8, 0, 0]
02:35:12 [总线][调试] ← #23 状态0x00 ff ff 17 11 00 00 08 00 00 00 00 4a 1e 00 00 00 00 08 00 00 5f  数据 [0, 8, 0, 0, 0, 0, 74, 30, 0, 0, 0, 0, 8, 0, 0]
02:35:12 [总线][调试] ← #24 状态0x00 ff ff 18 11 00 00 08 00 00 00 00 4a 1e 00 00 00 00 08 00 00 5e  数据 [0, 8, 0, 0, 0, 0, 74, 30, 0, 0, 0, 0, 8, 0, 0]
02:35:12 [总线][调试] ← #30 状态0x00 ff ff 1e 11 00 00 08 00 00 00 00 4a 1e 00 00 00 00 08 00 00 58  数据 [0, 8, 0, 0, 0, 0, 74, 30, 0, 0, 0, 0, 8, 0, 0]
02:35:12 [总线][调试] ← #31 状态0x00 ff ff 1f 11 00 00 08 00 00 00 00 4a 1e 00 00 00 00 08 00 00 57  数据 [0, 8, 0, 0, 0, 0, 74, 30, 0, 0, 0, 0, 8, 0, 0]
02:35:12 [总线][调试] ← #32 状态0x00 ff ff 20 11 00 00 08 00 00 00 00 4a 1e 00 00 00 00 08 00 00 56  数据 [0, 8, 0, 0, 0, 0, 74, 30, 0, 0, 0, 0, 8, 0, 0]
02:35:12 [总线][调试] ← #33 状态0x00 ff ff 21 11 00 00 08 00 00 00 00 4a 1e 00 00 00 00 08 00 00 55  数据 [0, 8, 0, 0, 0, 0, 74, 30, 0, 0, 0, 0, 8, 0, 0]
02:35:12 [总线][调试] ← #34 状态0x00 ff ff 22 11 00 00 08 00 00 00 00 4a 1e 00 00 00 00 08 00 00 54  数据 [0, 8, 0, 0, 0, 0, 74, 30, 0, 0, 0, 0, 8, 0, 0]
02:35:12 [总线][调试] ← #10 状态0x00 ff ff 0a 11 00 00 08 00 00 00 00 4a 1e 00 00 00 00 08 00 00 6c  数据 [0, 8, 0, 0, 0, 0, 74, 30, 0, 0, 0, 0, 8, 0, 0]
02:35:12 [总线][调试] ← #11 状态0x00 ff ff 0b 11 00 00 08 00 00 00 00 4a 1e 00 00 00 00 08 00 00 6b  数据 [0, 8, 0, 0, 0, 0, 74, 30, 0, 0, 0, 0, 8, 0, 0]
02:35:12 [总线][调试] ← #12 状态0x00 ff ff 0c 11 00 00 08 00 00 00 00 4a 1e 00 00 00 00 08 00 00 6a  数据 [0, 8, 0, 0, 0, 0, 74, 30, 0, 0, 0, 0, 8, 0, 0]
02:35:12 [总线][调试] ← #13 状态0x00 ff ff 0d 11 00 00 08 00 00 00 00 4a 1e 00 00 00 00 08 00 00 69  数据 [0, 8, 0, 0, 0, 0, 74, 30, 0, 0, 0, 0, 8, 0, 0]
02:35:12 [总线][调试] ← #14 状态0x00 ff ff 0e 11 00 00 08 00 00 00 00 4a 1e 00 00 00 00 08 00 00 68  数据 [0, 8, 0, 0, 0, 0, 74, 30, 0, 0, 0, 0, 8, 0, 0]
02:35:12 [总线] ✓ 60 帧里 IMU 一帧不漏（漏了 0）
02:35:12 [总线] ✓ 同一条 sync_read 里 15 颗舵机也都答了（缺 0 个）
02:35:12 [总线] ✓ 应答没错位（bad_id 0）—— 错位一次后面 15 个全废
02:35:12 [总线] ✓ 没有校验错（0）
02:35:12 [总线] ✓ 采样计数每帧 +1~4（实际 [2, 3]）—— 恒 0 说明 IMU 没在出数，总线处理器却还活着
02:35:12 [总线] ✓ 12 字节窗口最长连续相同 3 帧（主控 ≥25 帧就报 frozen）
02:35:12 [总线] ✓ 60 帧里主控会接受 56 帧（累计 25 帧才 ready），569 ms 到 ready
02:35:12 [总线] 第一个有效四元数在开跑后 81 ms
02:35:12 [总线] ✓ 事务耗时 min 0.23 / 平均 0.56 / p99 0.92 / max 0.98 ms（预算 6.0 ms，不是超时 60 ms）
02:35:12 [总线][调试] → #254 PING ff ff fe 02 01 fe
02:35:12 [总线] ✓ 广播 PING 不应答（收到 0 字节）
02:35:12 [总线][调试] → #200 READ ff ff c8 04 02 38 0f ea  地址56「当前位置」 读 15 字节
02:35:12 [总线][调试] ← #200 状态0x00 ff ff c8 11 00 18 01 8e ff 1d 00 00 00 00 00 af 30 a4 00 00 e0  数据 [24, 1, 142, 255, 29, 0, 0, 0, 0, 0, 175, 48, 164, 0, 0]
02:35:12 [总线][调试] → #200 WRITE ff ff c8 04 03 28 00 08  地址40「扭矩开关」 写 [0]
02:35:12 [总线][调试] ← #200 状态0x00 ff ff c8 02 00 35
02:35:12 [总线][调试] → #200 READ ff ff c8 04 02 38 0f ea  地址56「当前位置」 读 15 字节
02:35:12 [总线][调试] ← #200 状态0x00 ff ff c8 11 00 18 01 8e ff 1d 00 00 00 00 00 af 30 a4 00 00 e0  数据 [24, 1, 142, 255, 29, 0, 0, 0, 0, 0, 175, 48, 164, 0, 0]
02:35:12 [总线] ✓ 写寄存器不会把板子写坏（写完还能正常读块）
02:35:12 [总线][调试] 写前后 12 字节：18018eff1d0000000000af30 → 18018eff1d0000000000af30
02:35:12 [总线] 总线统计增量：{'tx': 60, 'rx_ok': 960, 'timeout': 0, 'bad_checksum': 0, 'bad_id': 0}
02:35:12 [总线][调试] → #254 SYNC_READ ff ff fe 14 82 38 0f c8 14 15 16 17 18 1e 1f 20 21 22 0a 0b 0c 0d 0e 12
